id;requirement_id;standard;edition;clause;chapter;priority;audit_type;title_en;title_cs;title_de;question_en;question_cs;question_de
9001-4-1-internal-1;9001-4-1;ISO 9001;ISO 9001:2015 + Amd 1:2024;4.1;4;high;internal;Understanding the organization and its context;Porozumění organizaci a jejímu kontextu;Verstehen der Organisation und ihres Kontextes;Which context issues have materially changed the system in the last twelve months?;Které okolnosti kontextu v posledních dvanácti měsících významně změnily systém?;Welche Kontextthemen haben das System in den letzten zwölf Monaten wesentlich verändert?
9001-4-1-internal-2;9001-4-1;ISO 9001;ISO 9001:2015 + Amd 1:2024;4.1;4;high;internal;Understanding the organization and its context;Porozumění organizaci a jejímu kontextu;Verstehen der Organisation und ihres Kontextes;How is understanding the organization and its context implemented in the selected process, and who owns the control?;Jak je v hodnoceném procesu zavedeno téma „Porozumění organizaci a jejímu kontextu“ a kdo vlastní příslušné řízení?;Wie ist „Verstehen der Organisation und ihres Kontextes“ im ausgewählten Prozess umgesetzt und wer verantwortet die Steuerung?
9001-4-1-internal-3;9001-4-1;ISO 9001;ISO 9001:2015 + Amd 1:2024;4.1;4;high;internal;Understanding the organization and its context;Porozumění organizaci a jejímu kontextu;Verstehen der Organisation und ihres Kontextes;Show a recent sample and explain how effectiveness, deviations and follow-up are evaluated.;Ukažte aktuální vzorek a vysvětlete, jak se hodnotí účinnost, odchylky a následná opatření.;Eine aktuelle Stichprobe zeigen und erläutern, wie Wirksamkeit, Abweichungen und Folgemaßnahmen bewertet werden.
9001-4-1-customer-1;9001-4-1;ISO 9001;ISO 9001:2015 + Amd 1:2024;4.1;4;high;customer;Understanding the organization and its context;Porozumění organizaci a jejímu kontextu;Verstehen der Organisation und ihres Kontextes;How does clause 4.1 protect customer, contractual or stakeholder expectations in this process?;Jak článek 4.1 chrání očekávání zákazníka, smluvní nebo jiné relevantní požadavky v tomto procesu?;Wie schützt Abschnitt 4.1 Kunden-, Vertrags- oder relevante Stakeholderanforderungen in diesem Prozess?
9001-4-1-customer-2;9001-4-1;ISO 9001;ISO 9001:2015 + Amd 1:2024;4.1;4;high;customer;Understanding the organization and its context;Porozumění organizaci a jejímu kontextu;Verstehen der Organisation und ihres Kontextes;Which context issues have materially changed the system in the last twelve months?;Které okolnosti kontextu v posledních dvanácti měsících významně změnily systém?;Welche Kontextthemen haben das System in den letzten zwölf Monaten wesentlich verändert?
9001-4-1-customer-3;9001-4-1;ISO 9001;ISO 9001:2015 + Amd 1:2024;4.1;4;high;customer;Understanding the organization and its context;Porozumění organizaci a jejímu kontextu;Verstehen der Organisation und ihres Kontextes;Show one recent customer/project example and trace the requirement to objective evidence and escalation.;Ukažte jeden aktuální zákaznický/projektový příklad a sledujte požadavek k objektivnímu důkazu a eskalaci.;Ein aktuelles Kunden-/Projektbeispiel zeigen und die Anforderung bis zu objektivem Nachweis und Eskalation verfolgen.
9001-4-1-certification-1;9001-4-1;ISO 9001;ISO 9001:2015 + Amd 1:2024;4.1;4;high;certification;Understanding the organization and its context;Porozumění organizaci a jejímu kontextu;Verstehen der Organisation und ihres Kontextes;Which objective evidence demonstrates conformity and effective implementation of clause 4.1?;Který objektivní důkaz prokazuje shodu a účinné zavedení článku 4.1?;Welche objektiven Nachweise belegen Konformität und wirksame Umsetzung von Abschnitt 4.1?
9001-4-1-certification-2;9001-4-1;ISO 9001;ISO 9001:2015 + Amd 1:2024;4.1;4;high;certification;Understanding the organization and its context;Porozumění organizaci a jejímu kontextu;Verstehen der Organisation und ihres Kontextes;Which context issues have materially changed the system in the last twelve months?;Které okolnosti kontextu v posledních dvanácti měsících významně změnily systém?;Welche Kontextthemen haben das System in den letzten zwölf Monaten wesentlich verändert?
9001-4-1-certification-3;9001-4-1;ISO 9001;ISO 9001:2015 + Amd 1:2024;4.1;4;high;certification;Understanding the organization and its context;Porozumění organizaci a jejímu kontextu;Verstehen der Organisation und ihres Kontextes;How does this control interact with related clauses, and how are gaps classified and corrected?;Jak toto řízení souvisí s navazujícími články a jak se klasifikují a řeší mezery?;Wie wirkt diese Steuerung mit verwandten Abschnitten zusammen und wie werden Lücken klassifiziert und behoben?
9001-4-2-internal-1;9001-4-2;ISO 9001;ISO 9001:2015 + Amd 1:2024;4.2;4;high;internal;Needs and expectations of interested parties;Potřeby a očekávání zainteresovaných stran;Erfordernisse und Erwartungen interessierter Parteien;Which stakeholder requirements are currently binding or strategically adopted, and where are they controlled?;Které požadavky zainteresovaných stran jsou nyní závazné nebo strategicky přijaté a kde jsou řízeny?;Welche Anforderungen interessierter Parteien sind derzeit verbindlich oder strategisch übernommen und wo werden sie gelenkt?
9001-4-2-internal-2;9001-4-2;ISO 9001;ISO 9001:2015 + Amd 1:2024;4.2;4;high;internal;Needs and expectations of interested parties;Potřeby a očekávání zainteresovaných stran;Erfordernisse und Erwartungen interessierter Parteien;How is needs and expectations of interested parties implemented in the selected process, and who owns the control?;Jak je v hodnoceném procesu zavedeno téma „Potřeby a očekávání zainteresovaných stran“ a kdo vlastní příslušné řízení?;Wie ist „Erfordernisse und Erwartungen interessierter Parteien“ im ausgewählten Prozess umgesetzt und wer verantwortet die Steuerung?
9001-4-2-internal-3;9001-4-2;ISO 9001;ISO 9001:2015 + Amd 1:2024;4.2;4;high;internal;Needs and expectations of interested parties;Potřeby a očekávání zainteresovaných stran;Erfordernisse und Erwartungen interessierter Parteien;Show a recent sample and explain how effectiveness, deviations and follow-up are evaluated.;Ukažte aktuální vzorek a vysvětlete, jak se hodnotí účinnost, odchylky a následná opatření.;Eine aktuelle Stichprobe zeigen und erläutern, wie Wirksamkeit, Abweichungen und Folgemaßnahmen bewertet werden.
9001-4-2-customer-1;9001-4-2;ISO 9001;ISO 9001:2015 + Amd 1:2024;4.2;4;high;customer;Needs and expectations of interested parties;Potřeby a očekávání zainteresovaných stran;Erfordernisse und Erwartungen interessierter Parteien;How does clause 4.2 protect customer, contractual or stakeholder expectations in this process?;Jak článek 4.2 chrání očekávání zákazníka, smluvní nebo jiné relevantní požadavky v tomto procesu?;Wie schützt Abschnitt 4.2 Kunden-, Vertrags- oder relevante Stakeholderanforderungen in diesem Prozess?
9001-4-2-customer-2;9001-4-2;ISO 9001;ISO 9001:2015 + Amd 1:2024;4.2;4;high;customer;Needs and expectations of interested parties;Potřeby a očekávání zainteresovaných stran;Erfordernisse und Erwartungen interessierter Parteien;Which stakeholder requirements are currently binding or strategically adopted, and where are they controlled?;Které požadavky zainteresovaných stran jsou nyní závazné nebo strategicky přijaté a kde jsou řízeny?;Welche Anforderungen interessierter Parteien sind derzeit verbindlich oder strategisch übernommen und wo werden sie gelenkt?
9001-4-2-customer-3;9001-4-2;ISO 9001;ISO 9001:2015 + Amd 1:2024;4.2;4;high;customer;Needs and expectations of interested parties;Potřeby a očekávání zainteresovaných stran;Erfordernisse und Erwartungen interessierter Parteien;Show one recent customer/project example and trace the requirement to objective evidence and escalation.;Ukažte jeden aktuální zákaznický/projektový příklad a sledujte požadavek k objektivnímu důkazu a eskalaci.;Ein aktuelles Kunden-/Projektbeispiel zeigen und die Anforderung bis zu objektivem Nachweis und Eskalation verfolgen.
9001-4-2-certification-1;9001-4-2;ISO 9001;ISO 9001:2015 + Amd 1:2024;4.2;4;high;certification;Needs and expectations of interested parties;Potřeby a očekávání zainteresovaných stran;Erfordernisse und Erwartungen interessierter Parteien;Which objective evidence demonstrates conformity and effective implementation of clause 4.2?;Který objektivní důkaz prokazuje shodu a účinné zavedení článku 4.2?;Welche objektiven Nachweise belegen Konformität und wirksame Umsetzung von Abschnitt 4.2?
9001-4-2-certification-2;9001-4-2;ISO 9001;ISO 9001:2015 + Amd 1:2024;4.2;4;high;certification;Needs and expectations of interested parties;Potřeby a očekávání zainteresovaných stran;Erfordernisse und Erwartungen interessierter Parteien;Which stakeholder requirements are currently binding or strategically adopted, and where are they controlled?;Které požadavky zainteresovaných stran jsou nyní závazné nebo strategicky přijaté a kde jsou řízeny?;Welche Anforderungen interessierter Parteien sind derzeit verbindlich oder strategisch übernommen und wo werden sie gelenkt?
9001-4-2-certification-3;9001-4-2;ISO 9001;ISO 9001:2015 + Amd 1:2024;4.2;4;high;certification;Needs and expectations of interested parties;Potřeby a očekávání zainteresovaných stran;Erfordernisse und Erwartungen interessierter Parteien;How does this control interact with related clauses, and how are gaps classified and corrected?;Jak toto řízení souvisí s navazujícími články a jak se klasifikují a řeší mezery?;Wie wirkt diese Steuerung mit verwandten Abschnitten zusammen und wie werden Lücken klassifiziert und behoben?
9001-4-3-internal-1;9001-4-3;ISO 9001;ISO 9001:2015 + Amd 1:2024;4.3;4;high;internal;Scope of the management system;Rozsah systému managementu;Geltungsbereich des Managementsystems;Walk the physical and organizational boundary: what is inside, what is outside and why?;Projďte fyzickou a organizační hranici: co je uvnitř, co vně a proč?;Physische und organisatorische Grenze prüfen: Was ist enthalten, was nicht und warum?
9001-4-3-internal-2;9001-4-3;ISO 9001;ISO 9001:2015 + Amd 1:2024;4.3;4;high;internal;Scope of the management system;Rozsah systému managementu;Geltungsbereich des Managementsystems;How is scope of the management system implemented in the selected process, and who owns the control?;Jak je v hodnoceném procesu zavedeno téma „Rozsah systému managementu“ a kdo vlastní příslušné řízení?;Wie ist „Geltungsbereich des Managementsystems“ im ausgewählten Prozess umgesetzt und wer verantwortet die Steuerung?
9001-4-3-internal-3;9001-4-3;ISO 9001;ISO 9001:2015 + Amd 1:2024;4.3;4;high;internal;Scope of the management system;Rozsah systému managementu;Geltungsbereich des Managementsystems;Show a recent sample and explain how effectiveness, deviations and follow-up are evaluated.;Ukažte aktuální vzorek a vysvětlete, jak se hodnotí účinnost, odchylky a následná opatření.;Eine aktuelle Stichprobe zeigen und erläutern, wie Wirksamkeit, Abweichungen und Folgemaßnahmen bewertet werden.
9001-4-3-customer-1;9001-4-3;ISO 9001;ISO 9001:2015 + Amd 1:2024;4.3;4;high;customer;Scope of the management system;Rozsah systému managementu;Geltungsbereich des Managementsystems;How does clause 4.3 protect customer, contractual or stakeholder expectations in this process?;Jak článek 4.3 chrání očekávání zákazníka, smluvní nebo jiné relevantní požadavky v tomto procesu?;Wie schützt Abschnitt 4.3 Kunden-, Vertrags- oder relevante Stakeholderanforderungen in diesem Prozess?
9001-4-3-customer-2;9001-4-3;ISO 9001;ISO 9001:2015 + Amd 1:2024;4.3;4;high;customer;Scope of the management system;Rozsah systému managementu;Geltungsbereich des Managementsystems;Walk the physical and organizational boundary: what is inside, what is outside and why?;Projďte fyzickou a organizační hranici: co je uvnitř, co vně a proč?;Physische und organisatorische Grenze prüfen: Was ist enthalten, was nicht und warum?
9001-4-3-customer-3;9001-4-3;ISO 9001;ISO 9001:2015 + Amd 1:2024;4.3;4;high;customer;Scope of the management system;Rozsah systému managementu;Geltungsbereich des Managementsystems;Show one recent customer/project example and trace the requirement to objective evidence and escalation.;Ukažte jeden aktuální zákaznický/projektový příklad a sledujte požadavek k objektivnímu důkazu a eskalaci.;Ein aktuelles Kunden-/Projektbeispiel zeigen und die Anforderung bis zu objektivem Nachweis und Eskalation verfolgen.
9001-4-3-certification-1;9001-4-3;ISO 9001;ISO 9001:2015 + Amd 1:2024;4.3;4;high;certification;Scope of the management system;Rozsah systému managementu;Geltungsbereich des Managementsystems;Which objective evidence demonstrates conformity and effective implementation of clause 4.3?;Který objektivní důkaz prokazuje shodu a účinné zavedení článku 4.3?;Welche objektiven Nachweise belegen Konformität und wirksame Umsetzung von Abschnitt 4.3?
9001-4-3-certification-2;9001-4-3;ISO 9001;ISO 9001:2015 + Amd 1:2024;4.3;4;high;certification;Scope of the management system;Rozsah systému managementu;Geltungsbereich des Managementsystems;Walk the physical and organizational boundary: what is inside, what is outside and why?;Projďte fyzickou a organizační hranici: co je uvnitř, co vně a proč?;Physische und organisatorische Grenze prüfen: Was ist enthalten, was nicht und warum?
9001-4-3-certification-3;9001-4-3;ISO 9001;ISO 9001:2015 + Amd 1:2024;4.3;4;high;certification;Scope of the management system;Rozsah systému managementu;Geltungsbereich des Managementsystems;How does this control interact with related clauses, and how are gaps classified and corrected?;Jak toto řízení souvisí s navazujícími články a jak se klasifikují a řeší mezery?;Wie wirkt diese Steuerung mit verwandten Abschnitten zusammen und wie werden Lücken klassifiziert und behoben?
9001-4-4-internal-1;9001-4-4;ISO 9001;ISO 9001:2015 + Amd 1:2024;4.4;4;high;internal;Quality management system and its processes;Systém managementu kvality a jeho procesy;Qualitätsmanagementsystem und seine Prozesse;Select one core process and show its inputs, controls, outputs, indicators, risks and interactions.;Vyberte jeden hlavní proces a ukažte jeho vstupy, opatření, výstupy, ukazatele, rizika a vazby.;Einen Kernprozess auswählen und Eingaben, Kontrollen, Ergebnisse, Kennzahlen, Risiken und Wechselwirkungen zeigen.
9001-4-4-internal-2;9001-4-4;ISO 9001;ISO 9001:2015 + Amd 1:2024;4.4;4;high;internal;Quality management system and its processes;Systém managementu kvality a jeho procesy;Qualitätsmanagementsystem und seine Prozesse;How is quality management system and its processes implemented in the selected process, and who owns the control?;Jak je v hodnoceném procesu zavedeno téma „Systém managementu kvality a jeho procesy“ a kdo vlastní příslušné řízení?;Wie ist „Qualitätsmanagementsystem und seine Prozesse“ im ausgewählten Prozess umgesetzt und wer verantwortet die Steuerung?
9001-4-4-internal-3;9001-4-4;ISO 9001;ISO 9001:2015 + Amd 1:2024;4.4;4;high;internal;Quality management system and its processes;Systém managementu kvality a jeho procesy;Qualitätsmanagementsystem und seine Prozesse;Show a recent sample and explain how effectiveness, deviations and follow-up are evaluated.;Ukažte aktuální vzorek a vysvětlete, jak se hodnotí účinnost, odchylky a následná opatření.;Eine aktuelle Stichprobe zeigen und erläutern, wie Wirksamkeit, Abweichungen und Folgemaßnahmen bewertet werden.
9001-4-4-customer-1;9001-4-4;ISO 9001;ISO 9001:2015 + Amd 1:2024;4.4;4;high;customer;Quality management system and its processes;Systém managementu kvality a jeho procesy;Qualitätsmanagementsystem und seine Prozesse;How does clause 4.4 protect customer, contractual or stakeholder expectations in this process?;Jak článek 4.4 chrání očekávání zákazníka, smluvní nebo jiné relevantní požadavky v tomto procesu?;Wie schützt Abschnitt 4.4 Kunden-, Vertrags- oder relevante Stakeholderanforderungen in diesem Prozess?
9001-4-4-customer-2;9001-4-4;ISO 9001;ISO 9001:2015 + Amd 1:2024;4.4;4;high;customer;Quality management system and its processes;Systém managementu kvality a jeho procesy;Qualitätsmanagementsystem und seine Prozesse;Select one core process and show its inputs, controls, outputs, indicators, risks and interactions.;Vyberte jeden hlavní proces a ukažte jeho vstupy, opatření, výstupy, ukazatele, rizika a vazby.;Einen Kernprozess auswählen und Eingaben, Kontrollen, Ergebnisse, Kennzahlen, Risiken und Wechselwirkungen zeigen.
9001-4-4-customer-3;9001-4-4;ISO 9001;ISO 9001:2015 + Amd 1:2024;4.4;4;high;customer;Quality management system and its processes;Systém managementu kvality a jeho procesy;Qualitätsmanagementsystem und seine Prozesse;Show one recent customer/project example and trace the requirement to objective evidence and escalation.;Ukažte jeden aktuální zákaznický/projektový příklad a sledujte požadavek k objektivnímu důkazu a eskalaci.;Ein aktuelles Kunden-/Projektbeispiel zeigen und die Anforderung bis zu objektivem Nachweis und Eskalation verfolgen.
9001-4-4-certification-1;9001-4-4;ISO 9001;ISO 9001:2015 + Amd 1:2024;4.4;4;high;certification;Quality management system and its processes;Systém managementu kvality a jeho procesy;Qualitätsmanagementsystem und seine Prozesse;Which objective evidence demonstrates conformity and effective implementation of clause 4.4?;Který objektivní důkaz prokazuje shodu a účinné zavedení článku 4.4?;Welche objektiven Nachweise belegen Konformität und wirksame Umsetzung von Abschnitt 4.4?
9001-4-4-certification-2;9001-4-4;ISO 9001;ISO 9001:2015 + Amd 1:2024;4.4;4;high;certification;Quality management system and its processes;Systém managementu kvality a jeho procesy;Qualitätsmanagementsystem und seine Prozesse;Select one core process and show its inputs, controls, outputs, indicators, risks and interactions.;Vyberte jeden hlavní proces a ukažte jeho vstupy, opatření, výstupy, ukazatele, rizika a vazby.;Einen Kernprozess auswählen und Eingaben, Kontrollen, Ergebnisse, Kennzahlen, Risiken und Wechselwirkungen zeigen.
9001-4-4-certification-3;9001-4-4;ISO 9001;ISO 9001:2015 + Amd 1:2024;4.4;4;high;certification;Quality management system and its processes;Systém managementu kvality a jeho procesy;Qualitätsmanagementsystem und seine Prozesse;How does this control interact with related clauses, and how are gaps classified and corrected?;Jak toto řízení souvisí s navazujícími články a jak se klasifikují a řeší mezery?;Wie wirkt diese Steuerung mit verwandten Abschnitten zusammen und wie werden Lücken klassifiziert und behoben?
9001-5-1-1-internal-1;9001-5-1-1;ISO 9001;ISO 9001:2015 + Amd 1:2024;5.1.1;5;high;internal;Leadership and commitment — general;Vedení a závazek — obecně;Führung und Verpflichtung — Allgemeines;Which recent top-management decision demonstrates ownership of this management system?;Které nedávné rozhodnutí vrcholového vedení prokazuje vlastnictví tohoto systému?;Welche aktuelle Entscheidung der obersten Leitung belegt die Verantwortung für dieses Managementsystem?
9001-5-1-1-internal-2;9001-5-1-1;ISO 9001;ISO 9001:2015 + Amd 1:2024;5.1.1;5;high;internal;Leadership and commitment — general;Vedení a závazek — obecně;Führung und Verpflichtung — Allgemeines;How is leadership and commitment — general implemented in the selected process, and who owns the control?;Jak je v hodnoceném procesu zavedeno téma „Vedení a závazek — obecně“ a kdo vlastní příslušné řízení?;Wie ist „Führung und Verpflichtung — Allgemeines“ im ausgewählten Prozess umgesetzt und wer verantwortet die Steuerung?
9001-5-1-1-internal-3;9001-5-1-1;ISO 9001;ISO 9001:2015 + Amd 1:2024;5.1.1;5;high;internal;Leadership and commitment — general;Vedení a závazek — obecně;Führung und Verpflichtung — Allgemeines;Show a recent sample and explain how effectiveness, deviations and follow-up are evaluated.;Ukažte aktuální vzorek a vysvětlete, jak se hodnotí účinnost, odchylky a následná opatření.;Eine aktuelle Stichprobe zeigen und erläutern, wie Wirksamkeit, Abweichungen und Folgemaßnahmen bewertet werden.
9001-5-1-1-customer-1;9001-5-1-1;ISO 9001;ISO 9001:2015 + Amd 1:2024;5.1.1;5;high;customer;Leadership and commitment — general;Vedení a závazek — obecně;Führung und Verpflichtung — Allgemeines;How does clause 5.1.1 protect customer, contractual or stakeholder expectations in this process?;Jak článek 5.1.1 chrání očekávání zákazníka, smluvní nebo jiné relevantní požadavky v tomto procesu?;Wie schützt Abschnitt 5.1.1 Kunden-, Vertrags- oder relevante Stakeholderanforderungen in diesem Prozess?
9001-5-1-1-customer-2;9001-5-1-1;ISO 9001;ISO 9001:2015 + Amd 1:2024;5.1.1;5;high;customer;Leadership and commitment — general;Vedení a závazek — obecně;Führung und Verpflichtung — Allgemeines;Which recent top-management decision demonstrates ownership of this management system?;Které nedávné rozhodnutí vrcholového vedení prokazuje vlastnictví tohoto systému?;Welche aktuelle Entscheidung der obersten Leitung belegt die Verantwortung für dieses Managementsystem?
9001-5-1-1-customer-3;9001-5-1-1;ISO 9001;ISO 9001:2015 + Amd 1:2024;5.1.1;5;high;customer;Leadership and commitment — general;Vedení a závazek — obecně;Führung und Verpflichtung — Allgemeines;Show one recent customer/project example and trace the requirement to objective evidence and escalation.;Ukažte jeden aktuální zákaznický/projektový příklad a sledujte požadavek k objektivnímu důkazu a eskalaci.;Ein aktuelles Kunden-/Projektbeispiel zeigen und die Anforderung bis zu objektivem Nachweis und Eskalation verfolgen.
9001-5-1-1-certification-1;9001-5-1-1;ISO 9001;ISO 9001:2015 + Amd 1:2024;5.1.1;5;high;certification;Leadership and commitment — general;Vedení a závazek — obecně;Führung und Verpflichtung — Allgemeines;Which objective evidence demonstrates conformity and effective implementation of clause 5.1.1?;Který objektivní důkaz prokazuje shodu a účinné zavedení článku 5.1.1?;Welche objektiven Nachweise belegen Konformität und wirksame Umsetzung von Abschnitt 5.1.1?
9001-5-1-1-certification-2;9001-5-1-1;ISO 9001;ISO 9001:2015 + Amd 1:2024;5.1.1;5;high;certification;Leadership and commitment — general;Vedení a závazek — obecně;Führung und Verpflichtung — Allgemeines;Which recent top-management decision demonstrates ownership of this management system?;Které nedávné rozhodnutí vrcholového vedení prokazuje vlastnictví tohoto systému?;Welche aktuelle Entscheidung der obersten Leitung belegt die Verantwortung für dieses Managementsystem?
9001-5-1-1-certification-3;9001-5-1-1;ISO 9001;ISO 9001:2015 + Amd 1:2024;5.1.1;5;high;certification;Leadership and commitment — general;Vedení a závazek — obecně;Führung und Verpflichtung — Allgemeines;How does this control interact with related clauses, and how are gaps classified and corrected?;Jak toto řízení souvisí s navazujícími články a jak se klasifikují a řeší mezery?;Wie wirkt diese Steuerung mit verwandten Abschnitten zusammen und wie werden Lücken klassifiziert und behoben?
9001-5-1-2-internal-1;9001-5-1-2;ISO 9001;ISO 9001:2015 + Amd 1:2024;5.1.2;5;high;internal;Customer focus;Zaměření na zákazníka;Kundenorientierung;How does top management react when delivery, conformity or customer-specific requirements are at risk?;Jak vrcholové vedení reaguje, když jsou ohroženy dodávky, shoda nebo specifické požadavky zákazníka?;Wie reagiert die oberste Leitung, wenn Lieferung, Konformität oder kundenspezifische Anforderungen gefährdet sind?
9001-5-1-2-internal-2;9001-5-1-2;ISO 9001;ISO 9001:2015 + Amd 1:2024;5.1.2;5;high;internal;Customer focus;Zaměření na zákazníka;Kundenorientierung;How is customer focus implemented in the selected process, and who owns the control?;Jak je v hodnoceném procesu zavedeno téma „Zaměření na zákazníka“ a kdo vlastní příslušné řízení?;Wie ist „Kundenorientierung“ im ausgewählten Prozess umgesetzt und wer verantwortet die Steuerung?
9001-5-1-2-internal-3;9001-5-1-2;ISO 9001;ISO 9001:2015 + Amd 1:2024;5.1.2;5;high;internal;Customer focus;Zaměření na zákazníka;Kundenorientierung;Show a recent sample and explain how effectiveness, deviations and follow-up are evaluated.;Ukažte aktuální vzorek a vysvětlete, jak se hodnotí účinnost, odchylky a následná opatření.;Eine aktuelle Stichprobe zeigen und erläutern, wie Wirksamkeit, Abweichungen und Folgemaßnahmen bewertet werden.
9001-5-1-2-customer-1;9001-5-1-2;ISO 9001;ISO 9001:2015 + Amd 1:2024;5.1.2;5;high;customer;Customer focus;Zaměření na zákazníka;Kundenorientierung;How does clause 5.1.2 protect customer, contractual or stakeholder expectations in this process?;Jak článek 5.1.2 chrání očekávání zákazníka, smluvní nebo jiné relevantní požadavky v tomto procesu?;Wie schützt Abschnitt 5.1.2 Kunden-, Vertrags- oder relevante Stakeholderanforderungen in diesem Prozess?
9001-5-1-2-customer-2;9001-5-1-2;ISO 9001;ISO 9001:2015 + Amd 1:2024;5.1.2;5;high;customer;Customer focus;Zaměření na zákazníka;Kundenorientierung;How does top management react when delivery, conformity or customer-specific requirements are at risk?;Jak vrcholové vedení reaguje, když jsou ohroženy dodávky, shoda nebo specifické požadavky zákazníka?;Wie reagiert die oberste Leitung, wenn Lieferung, Konformität oder kundenspezifische Anforderungen gefährdet sind?
9001-5-1-2-customer-3;9001-5-1-2;ISO 9001;ISO 9001:2015 + Amd 1:2024;5.1.2;5;high;customer;Customer focus;Zaměření na zákazníka;Kundenorientierung;Show one recent customer/project example and trace the requirement to objective evidence and escalation.;Ukažte jeden aktuální zákaznický/projektový příklad a sledujte požadavek k objektivnímu důkazu a eskalaci.;Ein aktuelles Kunden-/Projektbeispiel zeigen und die Anforderung bis zu objektivem Nachweis und Eskalation verfolgen.
9001-5-1-2-certification-1;9001-5-1-2;ISO 9001;ISO 9001:2015 + Amd 1:2024;5.1.2;5;high;certification;Customer focus;Zaměření na zákazníka;Kundenorientierung;Which objective evidence demonstrates conformity and effective implementation of clause 5.1.2?;Který objektivní důkaz prokazuje shodu a účinné zavedení článku 5.1.2?;Welche objektiven Nachweise belegen Konformität und wirksame Umsetzung von Abschnitt 5.1.2?
9001-5-1-2-certification-2;9001-5-1-2;ISO 9001;ISO 9001:2015 + Amd 1:2024;5.1.2;5;high;certification;Customer focus;Zaměření na zákazníka;Kundenorientierung;How does top management react when delivery, conformity or customer-specific requirements are at risk?;Jak vrcholové vedení reaguje, když jsou ohroženy dodávky, shoda nebo specifické požadavky zákazníka?;Wie reagiert die oberste Leitung, wenn Lieferung, Konformität oder kundenspezifische Anforderungen gefährdet sind?
9001-5-1-2-certification-3;9001-5-1-2;ISO 9001;ISO 9001:2015 + Amd 1:2024;5.1.2;5;high;certification;Customer focus;Zaměření na zákazníka;Kundenorientierung;How does this control interact with related clauses, and how are gaps classified and corrected?;Jak toto řízení souvisí s navazujícími články a jak se klasifikují a řeší mezery?;Wie wirkt diese Steuerung mit verwandten Abschnitten zusammen und wie werden Lücken klassifiziert und behoben?
9001-5-2-1-internal-1;9001-5-2-1;ISO 9001;ISO 9001:2015 + Amd 1:2024;5.2.1;5;medium;internal;Establishing the quality policy;Stanovení politiky kvality;Festlegen der Qualitätspolitik;How does the policy influence current objectives and day-to-day decisions?;Jak politika ovlivňuje současné cíle a každodenní rozhodování?;Wie beeinflusst die Politik aktuelle Ziele und tägliche Entscheidungen?
9001-5-2-1-internal-2;9001-5-2-1;ISO 9001;ISO 9001:2015 + Amd 1:2024;5.2.1;5;medium;internal;Establishing the quality policy;Stanovení politiky kvality;Festlegen der Qualitätspolitik;How is establishing the quality policy implemented in the selected process, and who owns the control?;Jak je v hodnoceném procesu zavedeno téma „Stanovení politiky kvality“ a kdo vlastní příslušné řízení?;Wie ist „Festlegen der Qualitätspolitik“ im ausgewählten Prozess umgesetzt und wer verantwortet die Steuerung?
9001-5-2-1-internal-3;9001-5-2-1;ISO 9001;ISO 9001:2015 + Amd 1:2024;5.2.1;5;medium;internal;Establishing the quality policy;Stanovení politiky kvality;Festlegen der Qualitätspolitik;Show a recent sample and explain how effectiveness, deviations and follow-up are evaluated.;Ukažte aktuální vzorek a vysvětlete, jak se hodnotí účinnost, odchylky a následná opatření.;Eine aktuelle Stichprobe zeigen und erläutern, wie Wirksamkeit, Abweichungen und Folgemaßnahmen bewertet werden.
9001-5-2-1-customer-1;9001-5-2-1;ISO 9001;ISO 9001:2015 + Amd 1:2024;5.2.1;5;medium;customer;Establishing the quality policy;Stanovení politiky kvality;Festlegen der Qualitätspolitik;How does clause 5.2.1 protect customer, contractual or stakeholder expectations in this process?;Jak článek 5.2.1 chrání očekávání zákazníka, smluvní nebo jiné relevantní požadavky v tomto procesu?;Wie schützt Abschnitt 5.2.1 Kunden-, Vertrags- oder relevante Stakeholderanforderungen in diesem Prozess?
9001-5-2-1-customer-2;9001-5-2-1;ISO 9001;ISO 9001:2015 + Amd 1:2024;5.2.1;5;medium;customer;Establishing the quality policy;Stanovení politiky kvality;Festlegen der Qualitätspolitik;How does the policy influence current objectives and day-to-day decisions?;Jak politika ovlivňuje současné cíle a každodenní rozhodování?;Wie beeinflusst die Politik aktuelle Ziele und tägliche Entscheidungen?
9001-5-2-1-customer-3;9001-5-2-1;ISO 9001;ISO 9001:2015 + Amd 1:2024;5.2.1;5;medium;customer;Establishing the quality policy;Stanovení politiky kvality;Festlegen der Qualitätspolitik;Show one recent customer/project example and trace the requirement to objective evidence and escalation.;Ukažte jeden aktuální zákaznický/projektový příklad a sledujte požadavek k objektivnímu důkazu a eskalaci.;Ein aktuelles Kunden-/Projektbeispiel zeigen und die Anforderung bis zu objektivem Nachweis und Eskalation verfolgen.
9001-5-2-1-certification-1;9001-5-2-1;ISO 9001;ISO 9001:2015 + Amd 1:2024;5.2.1;5;medium;certification;Establishing the quality policy;Stanovení politiky kvality;Festlegen der Qualitätspolitik;Which objective evidence demonstrates conformity and effective implementation of clause 5.2.1?;Který objektivní důkaz prokazuje shodu a účinné zavedení článku 5.2.1?;Welche objektiven Nachweise belegen Konformität und wirksame Umsetzung von Abschnitt 5.2.1?
9001-5-2-1-certification-2;9001-5-2-1;ISO 9001;ISO 9001:2015 + Amd 1:2024;5.2.1;5;medium;certification;Establishing the quality policy;Stanovení politiky kvality;Festlegen der Qualitätspolitik;How does the policy influence current objectives and day-to-day decisions?;Jak politika ovlivňuje současné cíle a každodenní rozhodování?;Wie beeinflusst die Politik aktuelle Ziele und tägliche Entscheidungen?
9001-5-2-1-certification-3;9001-5-2-1;ISO 9001;ISO 9001:2015 + Amd 1:2024;5.2.1;5;medium;certification;Establishing the quality policy;Stanovení politiky kvality;Festlegen der Qualitätspolitik;How does this control interact with related clauses, and how are gaps classified and corrected?;Jak toto řízení souvisí s navazujícími články a jak se klasifikují a řeší mezery?;Wie wirkt diese Steuerung mit verwandten Abschnitten zusammen und wie werden Lücken klassifiziert und behoben?
9001-5-2-2-internal-1;9001-5-2-2;ISO 9001;ISO 9001:2015 + Amd 1:2024;5.2.2;5;medium;internal;Communicating the quality policy;Komunikace politiky kvality;Bekanntmachung der Qualitätspolitik;Show how communicating the quality policy is implemented and verified in a recent example.;Ukažte, jak je téma „Komunikace politiky kvality“ zavedeno a ověřeno na aktuálním příkladu.;An einem aktuellen Beispiel zeigen, wie „Bekanntmachung der Qualitätspolitik“ umgesetzt und verifiziert wird.
9001-5-2-2-internal-2;9001-5-2-2;ISO 9001;ISO 9001:2015 + Amd 1:2024;5.2.2;5;medium;internal;Communicating the quality policy;Komunikace politiky kvality;Bekanntmachung der Qualitätspolitik;How is communicating the quality policy implemented in the selected process, and who owns the control?;Jak je v hodnoceném procesu zavedeno téma „Komunikace politiky kvality“ a kdo vlastní příslušné řízení?;Wie ist „Bekanntmachung der Qualitätspolitik“ im ausgewählten Prozess umgesetzt und wer verantwortet die Steuerung?
9001-5-2-2-internal-3;9001-5-2-2;ISO 9001;ISO 9001:2015 + Amd 1:2024;5.2.2;5;medium;internal;Communicating the quality policy;Komunikace politiky kvality;Bekanntmachung der Qualitätspolitik;Show a recent sample and explain how effectiveness, deviations and follow-up are evaluated.;Ukažte aktuální vzorek a vysvětlete, jak se hodnotí účinnost, odchylky a následná opatření.;Eine aktuelle Stichprobe zeigen und erläutern, wie Wirksamkeit, Abweichungen und Folgemaßnahmen bewertet werden.
9001-5-2-2-customer-1;9001-5-2-2;ISO 9001;ISO 9001:2015 + Amd 1:2024;5.2.2;5;medium;customer;Communicating the quality policy;Komunikace politiky kvality;Bekanntmachung der Qualitätspolitik;How does clause 5.2.2 protect customer, contractual or stakeholder expectations in this process?;Jak článek 5.2.2 chrání očekávání zákazníka, smluvní nebo jiné relevantní požadavky v tomto procesu?;Wie schützt Abschnitt 5.2.2 Kunden-, Vertrags- oder relevante Stakeholderanforderungen in diesem Prozess?
9001-5-2-2-customer-2;9001-5-2-2;ISO 9001;ISO 9001:2015 + Amd 1:2024;5.2.2;5;medium;customer;Communicating the quality policy;Komunikace politiky kvality;Bekanntmachung der Qualitätspolitik;Show how communicating the quality policy is implemented and verified in a recent example.;Ukažte, jak je téma „Komunikace politiky kvality“ zavedeno a ověřeno na aktuálním příkladu.;An einem aktuellen Beispiel zeigen, wie „Bekanntmachung der Qualitätspolitik“ umgesetzt und verifiziert wird.
9001-5-2-2-customer-3;9001-5-2-2;ISO 9001;ISO 9001:2015 + Amd 1:2024;5.2.2;5;medium;customer;Communicating the quality policy;Komunikace politiky kvality;Bekanntmachung der Qualitätspolitik;Show one recent customer/project example and trace the requirement to objective evidence and escalation.;Ukažte jeden aktuální zákaznický/projektový příklad a sledujte požadavek k objektivnímu důkazu a eskalaci.;Ein aktuelles Kunden-/Projektbeispiel zeigen und die Anforderung bis zu objektivem Nachweis und Eskalation verfolgen.
9001-5-2-2-certification-1;9001-5-2-2;ISO 9001;ISO 9001:2015 + Amd 1:2024;5.2.2;5;medium;certification;Communicating the quality policy;Komunikace politiky kvality;Bekanntmachung der Qualitätspolitik;Which objective evidence demonstrates conformity and effective implementation of clause 5.2.2?;Který objektivní důkaz prokazuje shodu a účinné zavedení článku 5.2.2?;Welche objektiven Nachweise belegen Konformität und wirksame Umsetzung von Abschnitt 5.2.2?
9001-5-2-2-certification-2;9001-5-2-2;ISO 9001;ISO 9001:2015 + Amd 1:2024;5.2.2;5;medium;certification;Communicating the quality policy;Komunikace politiky kvality;Bekanntmachung der Qualitätspolitik;Show how communicating the quality policy is implemented and verified in a recent example.;Ukažte, jak je téma „Komunikace politiky kvality“ zavedeno a ověřeno na aktuálním příkladu.;An einem aktuellen Beispiel zeigen, wie „Bekanntmachung der Qualitätspolitik“ umgesetzt und verifiziert wird.
9001-5-2-2-certification-3;9001-5-2-2;ISO 9001;ISO 9001:2015 + Amd 1:2024;5.2.2;5;medium;certification;Communicating the quality policy;Komunikace politiky kvality;Bekanntmachung der Qualitätspolitik;How does this control interact with related clauses, and how are gaps classified and corrected?;Jak toto řízení souvisí s navazujícími články a jak se klasifikují a řeší mezery?;Wie wirkt diese Steuerung mit verwandten Abschnitten zusammen und wie werden Lücken klassifiziert und behoben?
9001-5-3-internal-1;9001-5-3;ISO 9001;ISO 9001:2015 + Amd 1:2024;5.3;5;medium;internal;Roles, responsibilities and authorities;Role, odpovědnosti a pravomoci;Rollen, Verantwortlichkeiten und Befugnisse;Who may stop, approve or escalate the process when requirements are at risk?;Kdo může proces zastavit, schválit nebo eskalovat, pokud jsou požadavky ohroženy?;Wer darf den Prozess stoppen, freigeben oder eskalieren, wenn Anforderungen gefährdet sind?
9001-5-3-internal-2;9001-5-3;ISO 9001;ISO 9001:2015 + Amd 1:2024;5.3;5;medium;internal;Roles, responsibilities and authorities;Role, odpovědnosti a pravomoci;Rollen, Verantwortlichkeiten und Befugnisse;How is roles, responsibilities and authorities implemented in the selected process, and who owns the control?;Jak je v hodnoceném procesu zavedeno téma „Role, odpovědnosti a pravomoci“ a kdo vlastní příslušné řízení?;Wie ist „Rollen, Verantwortlichkeiten und Befugnisse“ im ausgewählten Prozess umgesetzt und wer verantwortet die Steuerung?
9001-5-3-internal-3;9001-5-3;ISO 9001;ISO 9001:2015 + Amd 1:2024;5.3;5;medium;internal;Roles, responsibilities and authorities;Role, odpovědnosti a pravomoci;Rollen, Verantwortlichkeiten und Befugnisse;Show a recent sample and explain how effectiveness, deviations and follow-up are evaluated.;Ukažte aktuální vzorek a vysvětlete, jak se hodnotí účinnost, odchylky a následná opatření.;Eine aktuelle Stichprobe zeigen und erläutern, wie Wirksamkeit, Abweichungen und Folgemaßnahmen bewertet werden.
9001-5-3-customer-1;9001-5-3;ISO 9001;ISO 9001:2015 + Amd 1:2024;5.3;5;medium;customer;Roles, responsibilities and authorities;Role, odpovědnosti a pravomoci;Rollen, Verantwortlichkeiten und Befugnisse;How does clause 5.3 protect customer, contractual or stakeholder expectations in this process?;Jak článek 5.3 chrání očekávání zákazníka, smluvní nebo jiné relevantní požadavky v tomto procesu?;Wie schützt Abschnitt 5.3 Kunden-, Vertrags- oder relevante Stakeholderanforderungen in diesem Prozess?
9001-5-3-customer-2;9001-5-3;ISO 9001;ISO 9001:2015 + Amd 1:2024;5.3;5;medium;customer;Roles, responsibilities and authorities;Role, odpovědnosti a pravomoci;Rollen, Verantwortlichkeiten und Befugnisse;Who may stop, approve or escalate the process when requirements are at risk?;Kdo může proces zastavit, schválit nebo eskalovat, pokud jsou požadavky ohroženy?;Wer darf den Prozess stoppen, freigeben oder eskalieren, wenn Anforderungen gefährdet sind?
9001-5-3-customer-3;9001-5-3;ISO 9001;ISO 9001:2015 + Amd 1:2024;5.3;5;medium;customer;Roles, responsibilities and authorities;Role, odpovědnosti a pravomoci;Rollen, Verantwortlichkeiten und Befugnisse;Show one recent customer/project example and trace the requirement to objective evidence and escalation.;Ukažte jeden aktuální zákaznický/projektový příklad a sledujte požadavek k objektivnímu důkazu a eskalaci.;Ein aktuelles Kunden-/Projektbeispiel zeigen und die Anforderung bis zu objektivem Nachweis und Eskalation verfolgen.
9001-5-3-certification-1;9001-5-3;ISO 9001;ISO 9001:2015 + Amd 1:2024;5.3;5;medium;certification;Roles, responsibilities and authorities;Role, odpovědnosti a pravomoci;Rollen, Verantwortlichkeiten und Befugnisse;Which objective evidence demonstrates conformity and effective implementation of clause 5.3?;Který objektivní důkaz prokazuje shodu a účinné zavedení článku 5.3?;Welche objektiven Nachweise belegen Konformität und wirksame Umsetzung von Abschnitt 5.3?
9001-5-3-certification-2;9001-5-3;ISO 9001;ISO 9001:2015 + Amd 1:2024;5.3;5;medium;certification;Roles, responsibilities and authorities;Role, odpovědnosti a pravomoci;Rollen, Verantwortlichkeiten und Befugnisse;Who may stop, approve or escalate the process when requirements are at risk?;Kdo může proces zastavit, schválit nebo eskalovat, pokud jsou požadavky ohroženy?;Wer darf den Prozess stoppen, freigeben oder eskalieren, wenn Anforderungen gefährdet sind?
9001-5-3-certification-3;9001-5-3;ISO 9001;ISO 9001:2015 + Amd 1:2024;5.3;5;medium;certification;Roles, responsibilities and authorities;Role, odpovědnosti a pravomoci;Rollen, Verantwortlichkeiten und Befugnisse;How does this control interact with related clauses, and how are gaps classified and corrected?;Jak toto řízení souvisí s navazujícími články a jak se klasifikují a řeší mezery?;Wie wirkt diese Steuerung mit verwandten Abschnitten zusammen und wie werden Lücken klassifiziert und behoben?
9001-6-1-internal-1;9001-6-1;ISO 9001;ISO 9001:2015 + Amd 1:2024;6.1;6;high;internal;Actions addressing risks and opportunities;Opatření k řešení rizik a příležitostí;Maßnahmen zum Umgang mit Risiken und Chancen;Show one high-priority risk from identification through action to effectiveness review.;Ukažte jedno prioritní riziko od identifikace přes opatření až po ověření účinnosti.;Ein prioritäres Risiko von der Identifizierung über Maßnahmen bis zur Wirksamkeitsprüfung zeigen.
9001-6-1-internal-2;9001-6-1;ISO 9001;ISO 9001:2015 + Amd 1:2024;6.1;6;high;internal;Actions addressing risks and opportunities;Opatření k řešení rizik a příležitostí;Maßnahmen zum Umgang mit Risiken und Chancen;How is actions addressing risks and opportunities implemented in the selected process, and who owns the control?;Jak je v hodnoceném procesu zavedeno téma „Opatření k řešení rizik a příležitostí“ a kdo vlastní příslušné řízení?;Wie ist „Maßnahmen zum Umgang mit Risiken und Chancen“ im ausgewählten Prozess umgesetzt und wer verantwortet die Steuerung?
9001-6-1-internal-3;9001-6-1;ISO 9001;ISO 9001:2015 + Amd 1:2024;6.1;6;high;internal;Actions addressing risks and opportunities;Opatření k řešení rizik a příležitostí;Maßnahmen zum Umgang mit Risiken und Chancen;Show a recent sample and explain how effectiveness, deviations and follow-up are evaluated.;Ukažte aktuální vzorek a vysvětlete, jak se hodnotí účinnost, odchylky a následná opatření.;Eine aktuelle Stichprobe zeigen und erläutern, wie Wirksamkeit, Abweichungen und Folgemaßnahmen bewertet werden.
9001-6-1-customer-1;9001-6-1;ISO 9001;ISO 9001:2015 + Amd 1:2024;6.1;6;high;customer;Actions addressing risks and opportunities;Opatření k řešení rizik a příležitostí;Maßnahmen zum Umgang mit Risiken und Chancen;How does clause 6.1 protect customer, contractual or stakeholder expectations in this process?;Jak článek 6.1 chrání očekávání zákazníka, smluvní nebo jiné relevantní požadavky v tomto procesu?;Wie schützt Abschnitt 6.1 Kunden-, Vertrags- oder relevante Stakeholderanforderungen in diesem Prozess?
9001-6-1-customer-2;9001-6-1;ISO 9001;ISO 9001:2015 + Amd 1:2024;6.1;6;high;customer;Actions addressing risks and opportunities;Opatření k řešení rizik a příležitostí;Maßnahmen zum Umgang mit Risiken und Chancen;Show one high-priority risk from identification through action to effectiveness review.;Ukažte jedno prioritní riziko od identifikace přes opatření až po ověření účinnosti.;Ein prioritäres Risiko von der Identifizierung über Maßnahmen bis zur Wirksamkeitsprüfung zeigen.
9001-6-1-customer-3;9001-6-1;ISO 9001;ISO 9001:2015 + Amd 1:2024;6.1;6;high;customer;Actions addressing risks and opportunities;Opatření k řešení rizik a příležitostí;Maßnahmen zum Umgang mit Risiken und Chancen;Show one recent customer/project example and trace the requirement to objective evidence and escalation.;Ukažte jeden aktuální zákaznický/projektový příklad a sledujte požadavek k objektivnímu důkazu a eskalaci.;Ein aktuelles Kunden-/Projektbeispiel zeigen und die Anforderung bis zu objektivem Nachweis und Eskalation verfolgen.
9001-6-1-certification-1;9001-6-1;ISO 9001;ISO 9001:2015 + Amd 1:2024;6.1;6;high;certification;Actions addressing risks and opportunities;Opatření k řešení rizik a příležitostí;Maßnahmen zum Umgang mit Risiken und Chancen;Which objective evidence demonstrates conformity and effective implementation of clause 6.1?;Který objektivní důkaz prokazuje shodu a účinné zavedení článku 6.1?;Welche objektiven Nachweise belegen Konformität und wirksame Umsetzung von Abschnitt 6.1?
9001-6-1-certification-2;9001-6-1;ISO 9001;ISO 9001:2015 + Amd 1:2024;6.1;6;high;certification;Actions addressing risks and opportunities;Opatření k řešení rizik a příležitostí;Maßnahmen zum Umgang mit Risiken und Chancen;Show one high-priority risk from identification through action to effectiveness review.;Ukažte jedno prioritní riziko od identifikace přes opatření až po ověření účinnosti.;Ein prioritäres Risiko von der Identifizierung über Maßnahmen bis zur Wirksamkeitsprüfung zeigen.
9001-6-1-certification-3;9001-6-1;ISO 9001;ISO 9001:2015 + Amd 1:2024;6.1;6;high;certification;Actions addressing risks and opportunities;Opatření k řešení rizik a příležitostí;Maßnahmen zum Umgang mit Risiken und Chancen;How does this control interact with related clauses, and how are gaps classified and corrected?;Jak toto řízení souvisí s navazujícími články a jak se klasifikují a řeší mezery?;Wie wirkt diese Steuerung mit verwandten Abschnitten zusammen und wie werden Lücken klassifiziert und behoben?
9001-6-2-1-internal-1;9001-6-2-1;ISO 9001;ISO 9001:2015 + Amd 1:2024;6.2.1;6;high;internal;Quality objectives;Cíle kvality;Qualitätsziele;Which objective is most at risk, what is the forecast and what decision has been taken?;Který cíl je nejvíce ohrožen, jaká je prognóza a jaké rozhodnutí bylo přijato?;Welches Ziel ist am stärksten gefährdet, wie lautet die Prognose und welche Entscheidung wurde getroffen?
9001-6-2-1-internal-2;9001-6-2-1;ISO 9001;ISO 9001:2015 + Amd 1:2024;6.2.1;6;high;internal;Quality objectives;Cíle kvality;Qualitätsziele;How is quality objectives implemented in the selected process, and who owns the control?;Jak je v hodnoceném procesu zavedeno téma „Cíle kvality“ a kdo vlastní příslušné řízení?;Wie ist „Qualitätsziele“ im ausgewählten Prozess umgesetzt und wer verantwortet die Steuerung?
9001-6-2-1-internal-3;9001-6-2-1;ISO 9001;ISO 9001:2015 + Amd 1:2024;6.2.1;6;high;internal;Quality objectives;Cíle kvality;Qualitätsziele;Show a recent sample and explain how effectiveness, deviations and follow-up are evaluated.;Ukažte aktuální vzorek a vysvětlete, jak se hodnotí účinnost, odchylky a následná opatření.;Eine aktuelle Stichprobe zeigen und erläutern, wie Wirksamkeit, Abweichungen und Folgemaßnahmen bewertet werden.
9001-6-2-1-customer-1;9001-6-2-1;ISO 9001;ISO 9001:2015 + Amd 1:2024;6.2.1;6;high;customer;Quality objectives;Cíle kvality;Qualitätsziele;How does clause 6.2.1 protect customer, contractual or stakeholder expectations in this process?;Jak článek 6.2.1 chrání očekávání zákazníka, smluvní nebo jiné relevantní požadavky v tomto procesu?;Wie schützt Abschnitt 6.2.1 Kunden-, Vertrags- oder relevante Stakeholderanforderungen in diesem Prozess?
9001-6-2-1-customer-2;9001-6-2-1;ISO 9001;ISO 9001:2015 + Amd 1:2024;6.2.1;6;high;customer;Quality objectives;Cíle kvality;Qualitätsziele;Which objective is most at risk, what is the forecast and what decision has been taken?;Který cíl je nejvíce ohrožen, jaká je prognóza a jaké rozhodnutí bylo přijato?;Welches Ziel ist am stärksten gefährdet, wie lautet die Prognose und welche Entscheidung wurde getroffen?
9001-6-2-1-customer-3;9001-6-2-1;ISO 9001;ISO 9001:2015 + Amd 1:2024;6.2.1;6;high;customer;Quality objectives;Cíle kvality;Qualitätsziele;Show one recent customer/project example and trace the requirement to objective evidence and escalation.;Ukažte jeden aktuální zákaznický/projektový příklad a sledujte požadavek k objektivnímu důkazu a eskalaci.;Ein aktuelles Kunden-/Projektbeispiel zeigen und die Anforderung bis zu objektivem Nachweis und Eskalation verfolgen.
9001-6-2-1-certification-1;9001-6-2-1;ISO 9001;ISO 9001:2015 + Amd 1:2024;6.2.1;6;high;certification;Quality objectives;Cíle kvality;Qualitätsziele;Which objective evidence demonstrates conformity and effective implementation of clause 6.2.1?;Který objektivní důkaz prokazuje shodu a účinné zavedení článku 6.2.1?;Welche objektiven Nachweise belegen Konformität und wirksame Umsetzung von Abschnitt 6.2.1?
9001-6-2-1-certification-2;9001-6-2-1;ISO 9001;ISO 9001:2015 + Amd 1:2024;6.2.1;6;high;certification;Quality objectives;Cíle kvality;Qualitätsziele;Which objective is most at risk, what is the forecast and what decision has been taken?;Který cíl je nejvíce ohrožen, jaká je prognóza a jaké rozhodnutí bylo přijato?;Welches Ziel ist am stärksten gefährdet, wie lautet die Prognose und welche Entscheidung wurde getroffen?
9001-6-2-1-certification-3;9001-6-2-1;ISO 9001;ISO 9001:2015 + Amd 1:2024;6.2.1;6;high;certification;Quality objectives;Cíle kvality;Qualitätsziele;How does this control interact with related clauses, and how are gaps classified and corrected?;Jak toto řízení souvisí s navazujícími články a jak se klasifikují a řeší mezery?;Wie wirkt diese Steuerung mit verwandten Abschnitten zusammen und wie werden Lücken klassifiziert und behoben?
9001-6-2-2-internal-1;9001-6-2-2;ISO 9001;ISO 9001:2015 + Amd 1:2024;6.2.2;6;high;internal;Planning to achieve quality objectives;Plánování k dosažení cílů kvality;Planung zur Erreichung der Qualitätsziele;Trace one objective from policy and risk through milestones, resources and measured result.;Sledujte jeden cíl od politiky a rizika přes milníky a zdroje až k měřenému výsledku.;Ein Ziel von Politik und Risiko über Meilensteine und Ressourcen bis zum gemessenen Ergebnis verfolgen.
9001-6-2-2-internal-2;9001-6-2-2;ISO 9001;ISO 9001:2015 + Amd 1:2024;6.2.2;6;high;internal;Planning to achieve quality objectives;Plánování k dosažení cílů kvality;Planung zur Erreichung der Qualitätsziele;How is planning to achieve quality objectives implemented in the selected process, and who owns the control?;Jak je v hodnoceném procesu zavedeno téma „Plánování k dosažení cílů kvality“ a kdo vlastní příslušné řízení?;Wie ist „Planung zur Erreichung der Qualitätsziele“ im ausgewählten Prozess umgesetzt und wer verantwortet die Steuerung?
9001-6-2-2-internal-3;9001-6-2-2;ISO 9001;ISO 9001:2015 + Amd 1:2024;6.2.2;6;high;internal;Planning to achieve quality objectives;Plánování k dosažení cílů kvality;Planung zur Erreichung der Qualitätsziele;Show a recent sample and explain how effectiveness, deviations and follow-up are evaluated.;Ukažte aktuální vzorek a vysvětlete, jak se hodnotí účinnost, odchylky a následná opatření.;Eine aktuelle Stichprobe zeigen und erläutern, wie Wirksamkeit, Abweichungen und Folgemaßnahmen bewertet werden.
9001-6-2-2-customer-1;9001-6-2-2;ISO 9001;ISO 9001:2015 + Amd 1:2024;6.2.2;6;high;customer;Planning to achieve quality objectives;Plánování k dosažení cílů kvality;Planung zur Erreichung der Qualitätsziele;How does clause 6.2.2 protect customer, contractual or stakeholder expectations in this process?;Jak článek 6.2.2 chrání očekávání zákazníka, smluvní nebo jiné relevantní požadavky v tomto procesu?;Wie schützt Abschnitt 6.2.2 Kunden-, Vertrags- oder relevante Stakeholderanforderungen in diesem Prozess?
9001-6-2-2-customer-2;9001-6-2-2;ISO 9001;ISO 9001:2015 + Amd 1:2024;6.2.2;6;high;customer;Planning to achieve quality objectives;Plánování k dosažení cílů kvality;Planung zur Erreichung der Qualitätsziele;Trace one objective from policy and risk through milestones, resources and measured result.;Sledujte jeden cíl od politiky a rizika přes milníky a zdroje až k měřenému výsledku.;Ein Ziel von Politik und Risiko über Meilensteine und Ressourcen bis zum gemessenen Ergebnis verfolgen.
9001-6-2-2-customer-3;9001-6-2-2;ISO 9001;ISO 9001:2015 + Amd 1:2024;6.2.2;6;high;customer;Planning to achieve quality objectives;Plánování k dosažení cílů kvality;Planung zur Erreichung der Qualitätsziele;Show one recent customer/project example and trace the requirement to objective evidence and escalation.;Ukažte jeden aktuální zákaznický/projektový příklad a sledujte požadavek k objektivnímu důkazu a eskalaci.;Ein aktuelles Kunden-/Projektbeispiel zeigen und die Anforderung bis zu objektivem Nachweis und Eskalation verfolgen.
9001-6-2-2-certification-1;9001-6-2-2;ISO 9001;ISO 9001:2015 + Amd 1:2024;6.2.2;6;high;certification;Planning to achieve quality objectives;Plánování k dosažení cílů kvality;Planung zur Erreichung der Qualitätsziele;Which objective evidence demonstrates conformity and effective implementation of clause 6.2.2?;Který objektivní důkaz prokazuje shodu a účinné zavedení článku 6.2.2?;Welche objektiven Nachweise belegen Konformität und wirksame Umsetzung von Abschnitt 6.2.2?
9001-6-2-2-certification-2;9001-6-2-2;ISO 9001;ISO 9001:2015 + Amd 1:2024;6.2.2;6;high;certification;Planning to achieve quality objectives;Plánování k dosažení cílů kvality;Planung zur Erreichung der Qualitätsziele;Trace one objective from policy and risk through milestones, resources and measured result.;Sledujte jeden cíl od politiky a rizika přes milníky a zdroje až k měřenému výsledku.;Ein Ziel von Politik und Risiko über Meilensteine und Ressourcen bis zum gemessenen Ergebnis verfolgen.
9001-6-2-2-certification-3;9001-6-2-2;ISO 9001;ISO 9001:2015 + Amd 1:2024;6.2.2;6;high;certification;Planning to achieve quality objectives;Plánování k dosažení cílů kvality;Planung zur Erreichung der Qualitätsziele;How does this control interact with related clauses, and how are gaps classified and corrected?;Jak toto řízení souvisí s navazujícími články a jak se klasifikují a řeší mezery?;Wie wirkt diese Steuerung mit verwandten Abschnitten zusammen und wie werden Lücken klassifiziert und behoben?
9001-6-3-internal-1;9001-6-3;ISO 9001;ISO 9001:2015 + Amd 1:2024;6.3;6;high;internal;Planning of changes to the QMS;Plánování změn systému managementu kvality;Planung von Änderungen am QMS;Select a recent change and show impact assessment, approvals, implementation and post-change verification.;Vyberte nedávnou změnu a ukažte posouzení dopadů, schválení, zavedení a následné ověření.;Eine aktuelle Änderung auswählen und Auswirkungsbewertung, Freigaben, Umsetzung und Nachprüfung zeigen.
9001-6-3-internal-2;9001-6-3;ISO 9001;ISO 9001:2015 + Amd 1:2024;6.3;6;high;internal;Planning of changes to the QMS;Plánování změn systému managementu kvality;Planung von Änderungen am QMS;How is planning of changes to the qms implemented in the selected process, and who owns the control?;Jak je v hodnoceném procesu zavedeno téma „Plánování změn systému managementu kvality“ a kdo vlastní příslušné řízení?;Wie ist „Planung von Änderungen am QMS“ im ausgewählten Prozess umgesetzt und wer verantwortet die Steuerung?
9001-6-3-internal-3;9001-6-3;ISO 9001;ISO 9001:2015 + Amd 1:2024;6.3;6;high;internal;Planning of changes to the QMS;Plánování změn systému managementu kvality;Planung von Änderungen am QMS;Show a recent sample and explain how effectiveness, deviations and follow-up are evaluated.;Ukažte aktuální vzorek a vysvětlete, jak se hodnotí účinnost, odchylky a následná opatření.;Eine aktuelle Stichprobe zeigen und erläutern, wie Wirksamkeit, Abweichungen und Folgemaßnahmen bewertet werden.
9001-6-3-customer-1;9001-6-3;ISO 9001;ISO 9001:2015 + Amd 1:2024;6.3;6;high;customer;Planning of changes to the QMS;Plánování změn systému managementu kvality;Planung von Änderungen am QMS;How does clause 6.3 protect customer, contractual or stakeholder expectations in this process?;Jak článek 6.3 chrání očekávání zákazníka, smluvní nebo jiné relevantní požadavky v tomto procesu?;Wie schützt Abschnitt 6.3 Kunden-, Vertrags- oder relevante Stakeholderanforderungen in diesem Prozess?
9001-6-3-customer-2;9001-6-3;ISO 9001;ISO 9001:2015 + Amd 1:2024;6.3;6;high;customer;Planning of changes to the QMS;Plánování změn systému managementu kvality;Planung von Änderungen am QMS;Select a recent change and show impact assessment, approvals, implementation and post-change verification.;Vyberte nedávnou změnu a ukažte posouzení dopadů, schválení, zavedení a následné ověření.;Eine aktuelle Änderung auswählen und Auswirkungsbewertung, Freigaben, Umsetzung und Nachprüfung zeigen.
9001-6-3-customer-3;9001-6-3;ISO 9001;ISO 9001:2015 + Amd 1:2024;6.3;6;high;customer;Planning of changes to the QMS;Plánování změn systému managementu kvality;Planung von Änderungen am QMS;Show one recent customer/project example and trace the requirement to objective evidence and escalation.;Ukažte jeden aktuální zákaznický/projektový příklad a sledujte požadavek k objektivnímu důkazu a eskalaci.;Ein aktuelles Kunden-/Projektbeispiel zeigen und die Anforderung bis zu objektivem Nachweis und Eskalation verfolgen.
9001-6-3-certification-1;9001-6-3;ISO 9001;ISO 9001:2015 + Amd 1:2024;6.3;6;high;certification;Planning of changes to the QMS;Plánování změn systému managementu kvality;Planung von Änderungen am QMS;Which objective evidence demonstrates conformity and effective implementation of clause 6.3?;Který objektivní důkaz prokazuje shodu a účinné zavedení článku 6.3?;Welche objektiven Nachweise belegen Konformität und wirksame Umsetzung von Abschnitt 6.3?
9001-6-3-certification-2;9001-6-3;ISO 9001;ISO 9001:2015 + Amd 1:2024;6.3;6;high;certification;Planning of changes to the QMS;Plánování změn systému managementu kvality;Planung von Änderungen am QMS;Select a recent change and show impact assessment, approvals, implementation and post-change verification.;Vyberte nedávnou změnu a ukažte posouzení dopadů, schválení, zavedení a následné ověření.;Eine aktuelle Änderung auswählen und Auswirkungsbewertung, Freigaben, Umsetzung und Nachprüfung zeigen.
9001-6-3-certification-3;9001-6-3;ISO 9001;ISO 9001:2015 + Amd 1:2024;6.3;6;high;certification;Planning of changes to the QMS;Plánování změn systému managementu kvality;Planung von Änderungen am QMS;How does this control interact with related clauses, and how are gaps classified and corrected?;Jak toto řízení souvisí s navazujícími články a jak se klasifikují a řeší mezery?;Wie wirkt diese Steuerung mit verwandten Abschnitten zusammen und wie werden Lücken klassifiziert und behoben?
9001-7-1-1-internal-1;9001-7-1-1;ISO 9001;ISO 9001:2015 + Amd 1:2024;7.1.1;7;high;internal;Resources — general;Zdroje — obecně;Ressourcen — Allgemeines;Show how resources — general is implemented and verified in a recent example.;Ukažte, jak je téma „Zdroje — obecně“ zavedeno a ověřeno na aktuálním příkladu.;An einem aktuellen Beispiel zeigen, wie „Ressourcen — Allgemeines“ umgesetzt und verifiziert wird.
9001-7-1-1-internal-2;9001-7-1-1;ISO 9001;ISO 9001:2015 + Amd 1:2024;7.1.1;7;high;internal;Resources — general;Zdroje — obecně;Ressourcen — Allgemeines;How is resources — general implemented in the selected process, and who owns the control?;Jak je v hodnoceném procesu zavedeno téma „Zdroje — obecně“ a kdo vlastní příslušné řízení?;Wie ist „Ressourcen — Allgemeines“ im ausgewählten Prozess umgesetzt und wer verantwortet die Steuerung?
9001-7-1-1-internal-3;9001-7-1-1;ISO 9001;ISO 9001:2015 + Amd 1:2024;7.1.1;7;high;internal;Resources — general;Zdroje — obecně;Ressourcen — Allgemeines;Show a recent sample and explain how effectiveness, deviations and follow-up are evaluated.;Ukažte aktuální vzorek a vysvětlete, jak se hodnotí účinnost, odchylky a následná opatření.;Eine aktuelle Stichprobe zeigen und erläutern, wie Wirksamkeit, Abweichungen und Folgemaßnahmen bewertet werden.
9001-7-1-1-customer-1;9001-7-1-1;ISO 9001;ISO 9001:2015 + Amd 1:2024;7.1.1;7;high;customer;Resources — general;Zdroje — obecně;Ressourcen — Allgemeines;How does clause 7.1.1 protect customer, contractual or stakeholder expectations in this process?;Jak článek 7.1.1 chrání očekávání zákazníka, smluvní nebo jiné relevantní požadavky v tomto procesu?;Wie schützt Abschnitt 7.1.1 Kunden-, Vertrags- oder relevante Stakeholderanforderungen in diesem Prozess?
9001-7-1-1-customer-2;9001-7-1-1;ISO 9001;ISO 9001:2015 + Amd 1:2024;7.1.1;7;high;customer;Resources — general;Zdroje — obecně;Ressourcen — Allgemeines;Show how resources — general is implemented and verified in a recent example.;Ukažte, jak je téma „Zdroje — obecně“ zavedeno a ověřeno na aktuálním příkladu.;An einem aktuellen Beispiel zeigen, wie „Ressourcen — Allgemeines“ umgesetzt und verifiziert wird.
9001-7-1-1-customer-3;9001-7-1-1;ISO 9001;ISO 9001:2015 + Amd 1:2024;7.1.1;7;high;customer;Resources — general;Zdroje — obecně;Ressourcen — Allgemeines;Show one recent customer/project example and trace the requirement to objective evidence and escalation.;Ukažte jeden aktuální zákaznický/projektový příklad a sledujte požadavek k objektivnímu důkazu a eskalaci.;Ein aktuelles Kunden-/Projektbeispiel zeigen und die Anforderung bis zu objektivem Nachweis und Eskalation verfolgen.
9001-7-1-1-certification-1;9001-7-1-1;ISO 9001;ISO 9001:2015 + Amd 1:2024;7.1.1;7;high;certification;Resources — general;Zdroje — obecně;Ressourcen — Allgemeines;Which objective evidence demonstrates conformity and effective implementation of clause 7.1.1?;Který objektivní důkaz prokazuje shodu a účinné zavedení článku 7.1.1?;Welche objektiven Nachweise belegen Konformität und wirksame Umsetzung von Abschnitt 7.1.1?
9001-7-1-1-certification-2;9001-7-1-1;ISO 9001;ISO 9001:2015 + Amd 1:2024;7.1.1;7;high;certification;Resources — general;Zdroje — obecně;Ressourcen — Allgemeines;Show how resources — general is implemented and verified in a recent example.;Ukažte, jak je téma „Zdroje — obecně“ zavedeno a ověřeno na aktuálním příkladu.;An einem aktuellen Beispiel zeigen, wie „Ressourcen — Allgemeines“ umgesetzt und verifiziert wird.
9001-7-1-1-certification-3;9001-7-1-1;ISO 9001;ISO 9001:2015 + Amd 1:2024;7.1.1;7;high;certification;Resources — general;Zdroje — obecně;Ressourcen — Allgemeines;How does this control interact with related clauses, and how are gaps classified and corrected?;Jak toto řízení souvisí s navazujícími články a jak se klasifikují a řeší mezery?;Wie wirkt diese Steuerung mit verwandten Abschnitten zusammen und wie werden Lücken klassifiziert und behoben?
9001-7-1-2-internal-1;9001-7-1-2;ISO 9001;ISO 9001:2015 + Amd 1:2024;7.1.2;7;high;internal;People;Lidé;Personen;How is staffing adequacy evaluated for bottlenecks, absences and demand peaks?;Jak se hodnotí personální dostatečnost pro úzká místa, absence a špičky poptávky?;Wie wird die Personalangemessenheit für Engpässe, Abwesenheiten und Bedarfsspitzen bewertet?
9001-7-1-2-internal-2;9001-7-1-2;ISO 9001;ISO 9001:2015 + Amd 1:2024;7.1.2;7;high;internal;People;Lidé;Personen;How is people implemented in the selected process, and who owns the control?;Jak je v hodnoceném procesu zavedeno téma „Lidé“ a kdo vlastní příslušné řízení?;Wie ist „Personen“ im ausgewählten Prozess umgesetzt und wer verantwortet die Steuerung?
9001-7-1-2-internal-3;9001-7-1-2;ISO 9001;ISO 9001:2015 + Amd 1:2024;7.1.2;7;high;internal;People;Lidé;Personen;Show a recent sample and explain how effectiveness, deviations and follow-up are evaluated.;Ukažte aktuální vzorek a vysvětlete, jak se hodnotí účinnost, odchylky a následná opatření.;Eine aktuelle Stichprobe zeigen und erläutern, wie Wirksamkeit, Abweichungen und Folgemaßnahmen bewertet werden.
9001-7-1-2-customer-1;9001-7-1-2;ISO 9001;ISO 9001:2015 + Amd 1:2024;7.1.2;7;high;customer;People;Lidé;Personen;How does clause 7.1.2 protect customer, contractual or stakeholder expectations in this process?;Jak článek 7.1.2 chrání očekávání zákazníka, smluvní nebo jiné relevantní požadavky v tomto procesu?;Wie schützt Abschnitt 7.1.2 Kunden-, Vertrags- oder relevante Stakeholderanforderungen in diesem Prozess?
9001-7-1-2-customer-2;9001-7-1-2;ISO 9001;ISO 9001:2015 + Amd 1:2024;7.1.2;7;high;customer;People;Lidé;Personen;How is staffing adequacy evaluated for bottlenecks, absences and demand peaks?;Jak se hodnotí personální dostatečnost pro úzká místa, absence a špičky poptávky?;Wie wird die Personalangemessenheit für Engpässe, Abwesenheiten und Bedarfsspitzen bewertet?
9001-7-1-2-customer-3;9001-7-1-2;ISO 9001;ISO 9001:2015 + Amd 1:2024;7.1.2;7;high;customer;People;Lidé;Personen;Show one recent customer/project example and trace the requirement to objective evidence and escalation.;Ukažte jeden aktuální zákaznický/projektový příklad a sledujte požadavek k objektivnímu důkazu a eskalaci.;Ein aktuelles Kunden-/Projektbeispiel zeigen und die Anforderung bis zu objektivem Nachweis und Eskalation verfolgen.
9001-7-1-2-certification-1;9001-7-1-2;ISO 9001;ISO 9001:2015 + Amd 1:2024;7.1.2;7;high;certification;People;Lidé;Personen;Which objective evidence demonstrates conformity and effective implementation of clause 7.1.2?;Který objektivní důkaz prokazuje shodu a účinné zavedení článku 7.1.2?;Welche objektiven Nachweise belegen Konformität und wirksame Umsetzung von Abschnitt 7.1.2?
9001-7-1-2-certification-2;9001-7-1-2;ISO 9001;ISO 9001:2015 + Amd 1:2024;7.1.2;7;high;certification;People;Lidé;Personen;How is staffing adequacy evaluated for bottlenecks, absences and demand peaks?;Jak se hodnotí personální dostatečnost pro úzká místa, absence a špičky poptávky?;Wie wird die Personalangemessenheit für Engpässe, Abwesenheiten und Bedarfsspitzen bewertet?
9001-7-1-2-certification-3;9001-7-1-2;ISO 9001;ISO 9001:2015 + Amd 1:2024;7.1.2;7;high;certification;People;Lidé;Personen;How does this control interact with related clauses, and how are gaps classified and corrected?;Jak toto řízení souvisí s navazujícími články a jak se klasifikují a řeší mezery?;Wie wirkt diese Steuerung mit verwandten Abschnitten zusammen und wie werden Lücken klassifiziert und behoben?
9001-7-1-3-internal-1;9001-7-1-3;ISO 9001;ISO 9001:2015 + Amd 1:2024;7.1.3;7;high;internal;Infrastructure;Infrastruktura;Infrastruktur;Select one critical asset and verify maintenance, failure history, backup and capacity risk.;Vyberte jedno kritické zařízení a ověřte údržbu, historii poruch, zálohu a kapacitní riziko.;Eine kritische Anlage auswählen und Instandhaltung, Ausfallhistorie, Backup und Kapazitätsrisiko prüfen.
9001-7-1-3-internal-2;9001-7-1-3;ISO 9001;ISO 9001:2015 + Amd 1:2024;7.1.3;7;high;internal;Infrastructure;Infrastruktura;Infrastruktur;How is infrastructure implemented in the selected process, and who owns the control?;Jak je v hodnoceném procesu zavedeno téma „Infrastruktura“ a kdo vlastní příslušné řízení?;Wie ist „Infrastruktur“ im ausgewählten Prozess umgesetzt und wer verantwortet die Steuerung?
9001-7-1-3-internal-3;9001-7-1-3;ISO 9001;ISO 9001:2015 + Amd 1:2024;7.1.3;7;high;internal;Infrastructure;Infrastruktura;Infrastruktur;Show a recent sample and explain how effectiveness, deviations and follow-up are evaluated.;Ukažte aktuální vzorek a vysvětlete, jak se hodnotí účinnost, odchylky a následná opatření.;Eine aktuelle Stichprobe zeigen und erläutern, wie Wirksamkeit, Abweichungen und Folgemaßnahmen bewertet werden.
9001-7-1-3-customer-1;9001-7-1-3;ISO 9001;ISO 9001:2015 + Amd 1:2024;7.1.3;7;high;customer;Infrastructure;Infrastruktura;Infrastruktur;How does clause 7.1.3 protect customer, contractual or stakeholder expectations in this process?;Jak článek 7.1.3 chrání očekávání zákazníka, smluvní nebo jiné relevantní požadavky v tomto procesu?;Wie schützt Abschnitt 7.1.3 Kunden-, Vertrags- oder relevante Stakeholderanforderungen in diesem Prozess?
9001-7-1-3-customer-2;9001-7-1-3;ISO 9001;ISO 9001:2015 + Amd 1:2024;7.1.3;7;high;customer;Infrastructure;Infrastruktura;Infrastruktur;Select one critical asset and verify maintenance, failure history, backup and capacity risk.;Vyberte jedno kritické zařízení a ověřte údržbu, historii poruch, zálohu a kapacitní riziko.;Eine kritische Anlage auswählen und Instandhaltung, Ausfallhistorie, Backup und Kapazitätsrisiko prüfen.
9001-7-1-3-customer-3;9001-7-1-3;ISO 9001;ISO 9001:2015 + Amd 1:2024;7.1.3;7;high;customer;Infrastructure;Infrastruktura;Infrastruktur;Show one recent customer/project example and trace the requirement to objective evidence and escalation.;Ukažte jeden aktuální zákaznický/projektový příklad a sledujte požadavek k objektivnímu důkazu a eskalaci.;Ein aktuelles Kunden-/Projektbeispiel zeigen und die Anforderung bis zu objektivem Nachweis und Eskalation verfolgen.
9001-7-1-3-certification-1;9001-7-1-3;ISO 9001;ISO 9001:2015 + Amd 1:2024;7.1.3;7;high;certification;Infrastructure;Infrastruktura;Infrastruktur;Which objective evidence demonstrates conformity and effective implementation of clause 7.1.3?;Který objektivní důkaz prokazuje shodu a účinné zavedení článku 7.1.3?;Welche objektiven Nachweise belegen Konformität und wirksame Umsetzung von Abschnitt 7.1.3?
9001-7-1-3-certification-2;9001-7-1-3;ISO 9001;ISO 9001:2015 + Amd 1:2024;7.1.3;7;high;certification;Infrastructure;Infrastruktura;Infrastruktur;Select one critical asset and verify maintenance, failure history, backup and capacity risk.;Vyberte jedno kritické zařízení a ověřte údržbu, historii poruch, zálohu a kapacitní riziko.;Eine kritische Anlage auswählen und Instandhaltung, Ausfallhistorie, Backup und Kapazitätsrisiko prüfen.
9001-7-1-3-certification-3;9001-7-1-3;ISO 9001;ISO 9001:2015 + Amd 1:2024;7.1.3;7;high;certification;Infrastructure;Infrastruktura;Infrastruktur;How does this control interact with related clauses, and how are gaps classified and corrected?;Jak toto řízení souvisí s navazujícími články a jak se klasifikují a řeší mezery?;Wie wirkt diese Steuerung mit verwandten Abschnitten zusammen und wie werden Lücken klassifiziert und behoben?
9001-7-1-4-internal-1;9001-7-1-4;ISO 9001;ISO 9001:2015 + Amd 1:2024;7.1.4;7;high;internal;Environment for operation of processes;Prostředí pro fungování procesů;Prozessumgebung;Which environmental condition is critical to product conformity and how is it monitored and reacted to?;Která podmínka prostředí je kritická pro shodu produktu a jak je monitorována a řešena?;Welche Umgebungsbedingung ist für Produktkonformität kritisch und wie wird sie überwacht und behandelt?
9001-7-1-4-internal-2;9001-7-1-4;ISO 9001;ISO 9001:2015 + Amd 1:2024;7.1.4;7;high;internal;Environment for operation of processes;Prostředí pro fungování procesů;Prozessumgebung;How is environment for operation of processes implemented in the selected process, and who owns the control?;Jak je v hodnoceném procesu zavedeno téma „Prostředí pro fungování procesů“ a kdo vlastní příslušné řízení?;Wie ist „Prozessumgebung“ im ausgewählten Prozess umgesetzt und wer verantwortet die Steuerung?
9001-7-1-4-internal-3;9001-7-1-4;ISO 9001;ISO 9001:2015 + Amd 1:2024;7.1.4;7;high;internal;Environment for operation of processes;Prostředí pro fungování procesů;Prozessumgebung;Show a recent sample and explain how effectiveness, deviations and follow-up are evaluated.;Ukažte aktuální vzorek a vysvětlete, jak se hodnotí účinnost, odchylky a následná opatření.;Eine aktuelle Stichprobe zeigen und erläutern, wie Wirksamkeit, Abweichungen und Folgemaßnahmen bewertet werden.
9001-7-1-4-customer-1;9001-7-1-4;ISO 9001;ISO 9001:2015 + Amd 1:2024;7.1.4;7;high;customer;Environment for operation of processes;Prostředí pro fungování procesů;Prozessumgebung;How does clause 7.1.4 protect customer, contractual or stakeholder expectations in this process?;Jak článek 7.1.4 chrání očekávání zákazníka, smluvní nebo jiné relevantní požadavky v tomto procesu?;Wie schützt Abschnitt 7.1.4 Kunden-, Vertrags- oder relevante Stakeholderanforderungen in diesem Prozess?
9001-7-1-4-customer-2;9001-7-1-4;ISO 9001;ISO 9001:2015 + Amd 1:2024;7.1.4;7;high;customer;Environment for operation of processes;Prostředí pro fungování procesů;Prozessumgebung;Which environmental condition is critical to product conformity and how is it monitored and reacted to?;Která podmínka prostředí je kritická pro shodu produktu a jak je monitorována a řešena?;Welche Umgebungsbedingung ist für Produktkonformität kritisch und wie wird sie überwacht und behandelt?
9001-7-1-4-customer-3;9001-7-1-4;ISO 9001;ISO 9001:2015 + Amd 1:2024;7.1.4;7;high;customer;Environment for operation of processes;Prostředí pro fungování procesů;Prozessumgebung;Show one recent customer/project example and trace the requirement to objective evidence and escalation.;Ukažte jeden aktuální zákaznický/projektový příklad a sledujte požadavek k objektivnímu důkazu a eskalaci.;Ein aktuelles Kunden-/Projektbeispiel zeigen und die Anforderung bis zu objektivem Nachweis und Eskalation verfolgen.
9001-7-1-4-certification-1;9001-7-1-4;ISO 9001;ISO 9001:2015 + Amd 1:2024;7.1.4;7;high;certification;Environment for operation of processes;Prostředí pro fungování procesů;Prozessumgebung;Which objective evidence demonstrates conformity and effective implementation of clause 7.1.4?;Který objektivní důkaz prokazuje shodu a účinné zavedení článku 7.1.4?;Welche objektiven Nachweise belegen Konformität und wirksame Umsetzung von Abschnitt 7.1.4?
9001-7-1-4-certification-2;9001-7-1-4;ISO 9001;ISO 9001:2015 + Amd 1:2024;7.1.4;7;high;certification;Environment for operation of processes;Prostředí pro fungování procesů;Prozessumgebung;Which environmental condition is critical to product conformity and how is it monitored and reacted to?;Která podmínka prostředí je kritická pro shodu produktu a jak je monitorována a řešena?;Welche Umgebungsbedingung ist für Produktkonformität kritisch und wie wird sie überwacht und behandelt?
9001-7-1-4-certification-3;9001-7-1-4;ISO 9001;ISO 9001:2015 + Amd 1:2024;7.1.4;7;high;certification;Environment for operation of processes;Prostředí pro fungování procesů;Prozessumgebung;How does this control interact with related clauses, and how are gaps classified and corrected?;Jak toto řízení souvisí s navazujícími články a jak se klasifikují a řeší mezery?;Wie wirkt diese Steuerung mit verwandten Abschnitten zusammen und wie werden Lücken klassifiziert und behoben?
9001-7-1-5-1-internal-1;9001-7-1-5-1;ISO 9001;ISO 9001:2015 + Amd 1:2024;7.1.5.1;7;high;internal;Monitoring and measuring resources — general;Zdroje pro monitorování a měření — obecně;Ressourcen zur Überwachung und Messung — Allgemeines;For one critical characteristic, show why the selected measurement system is capable.;U jedné kritické charakteristiky ukažte, proč je zvolený měřicí systém způsobilý.;Für ein kritisches Merkmal zeigen, warum das gewählte Messsystem fähig ist.
9001-7-1-5-1-internal-2;9001-7-1-5-1;ISO 9001;ISO 9001:2015 + Amd 1:2024;7.1.5.1;7;high;internal;Monitoring and measuring resources — general;Zdroje pro monitorování a měření — obecně;Ressourcen zur Überwachung und Messung — Allgemeines;How is monitoring and measuring resources — general implemented in the selected process, and who owns the control?;Jak je v hodnoceném procesu zavedeno téma „Zdroje pro monitorování a měření — obecně“ a kdo vlastní příslušné řízení?;Wie ist „Ressourcen zur Überwachung und Messung — Allgemeines“ im ausgewählten Prozess umgesetzt und wer verantwortet die Steuerung?
9001-7-1-5-1-internal-3;9001-7-1-5-1;ISO 9001;ISO 9001:2015 + Amd 1:2024;7.1.5.1;7;high;internal;Monitoring and measuring resources — general;Zdroje pro monitorování a měření — obecně;Ressourcen zur Überwachung und Messung — Allgemeines;Show a recent sample and explain how effectiveness, deviations and follow-up are evaluated.;Ukažte aktuální vzorek a vysvětlete, jak se hodnotí účinnost, odchylky a následná opatření.;Eine aktuelle Stichprobe zeigen und erläutern, wie Wirksamkeit, Abweichungen und Folgemaßnahmen bewertet werden.
9001-7-1-5-1-customer-1;9001-7-1-5-1;ISO 9001;ISO 9001:2015 + Amd 1:2024;7.1.5.1;7;high;customer;Monitoring and measuring resources — general;Zdroje pro monitorování a měření — obecně;Ressourcen zur Überwachung und Messung — Allgemeines;How does clause 7.1.5.1 protect customer, contractual or stakeholder expectations in this process?;Jak článek 7.1.5.1 chrání očekávání zákazníka, smluvní nebo jiné relevantní požadavky v tomto procesu?;Wie schützt Abschnitt 7.1.5.1 Kunden-, Vertrags- oder relevante Stakeholderanforderungen in diesem Prozess?
9001-7-1-5-1-customer-2;9001-7-1-5-1;ISO 9001;ISO 9001:2015 + Amd 1:2024;7.1.5.1;7;high;customer;Monitoring and measuring resources — general;Zdroje pro monitorování a měření — obecně;Ressourcen zur Überwachung und Messung — Allgemeines;For one critical characteristic, show why the selected measurement system is capable.;U jedné kritické charakteristiky ukažte, proč je zvolený měřicí systém způsobilý.;Für ein kritisches Merkmal zeigen, warum das gewählte Messsystem fähig ist.
9001-7-1-5-1-customer-3;9001-7-1-5-1;ISO 9001;ISO 9001:2015 + Amd 1:2024;7.1.5.1;7;high;customer;Monitoring and measuring resources — general;Zdroje pro monitorování a měření — obecně;Ressourcen zur Überwachung und Messung — Allgemeines;Show one recent customer/project example and trace the requirement to objective evidence and escalation.;Ukažte jeden aktuální zákaznický/projektový příklad a sledujte požadavek k objektivnímu důkazu a eskalaci.;Ein aktuelles Kunden-/Projektbeispiel zeigen und die Anforderung bis zu objektivem Nachweis und Eskalation verfolgen.
9001-7-1-5-1-certification-1;9001-7-1-5-1;ISO 9001;ISO 9001:2015 + Amd 1:2024;7.1.5.1;7;high;certification;Monitoring and measuring resources — general;Zdroje pro monitorování a měření — obecně;Ressourcen zur Überwachung und Messung — Allgemeines;Which objective evidence demonstrates conformity and effective implementation of clause 7.1.5.1?;Který objektivní důkaz prokazuje shodu a účinné zavedení článku 7.1.5.1?;Welche objektiven Nachweise belegen Konformität und wirksame Umsetzung von Abschnitt 7.1.5.1?
9001-7-1-5-1-certification-2;9001-7-1-5-1;ISO 9001;ISO 9001:2015 + Amd 1:2024;7.1.5.1;7;high;certification;Monitoring and measuring resources — general;Zdroje pro monitorování a měření — obecně;Ressourcen zur Überwachung und Messung — Allgemeines;For one critical characteristic, show why the selected measurement system is capable.;U jedné kritické charakteristiky ukažte, proč je zvolený měřicí systém způsobilý.;Für ein kritisches Merkmal zeigen, warum das gewählte Messsystem fähig ist.
9001-7-1-5-1-certification-3;9001-7-1-5-1;ISO 9001;ISO 9001:2015 + Amd 1:2024;7.1.5.1;7;high;certification;Monitoring and measuring resources — general;Zdroje pro monitorování a měření — obecně;Ressourcen zur Überwachung und Messung — Allgemeines;How does this control interact with related clauses, and how are gaps classified and corrected?;Jak toto řízení souvisí s navazujícími články a jak se klasifikují a řeší mezery?;Wie wirkt diese Steuerung mit verwandten Abschnitten zusammen und wie werden Lücken klassifiziert und behoben?
9001-7-1-5-2-internal-1;9001-7-1-5-2;ISO 9001;ISO 9001:2015 + Amd 1:2024;7.1.5.2;7;high;internal;Measurement traceability;Metrologická návaznost;Messtechnische Rückführbarkeit;Show the most recent out-of-tolerance calibration and the assessment of affected product or data.;Ukažte poslední kalibraci mimo toleranci a posouzení dotčeného produktu nebo dat.;Die letzte Kalibrierung außerhalb der Toleranz und die Bewertung betroffener Produkte oder Daten zeigen.
9001-7-1-5-2-internal-2;9001-7-1-5-2;ISO 9001;ISO 9001:2015 + Amd 1:2024;7.1.5.2;7;high;internal;Measurement traceability;Metrologická návaznost;Messtechnische Rückführbarkeit;How is measurement traceability implemented in the selected process, and who owns the control?;Jak je v hodnoceném procesu zavedeno téma „Metrologická návaznost“ a kdo vlastní příslušné řízení?;Wie ist „Messtechnische Rückführbarkeit“ im ausgewählten Prozess umgesetzt und wer verantwortet die Steuerung?
9001-7-1-5-2-internal-3;9001-7-1-5-2;ISO 9001;ISO 9001:2015 + Amd 1:2024;7.1.5.2;7;high;internal;Measurement traceability;Metrologická návaznost;Messtechnische Rückführbarkeit;Show a recent sample and explain how effectiveness, deviations and follow-up are evaluated.;Ukažte aktuální vzorek a vysvětlete, jak se hodnotí účinnost, odchylky a následná opatření.;Eine aktuelle Stichprobe zeigen und erläutern, wie Wirksamkeit, Abweichungen und Folgemaßnahmen bewertet werden.
9001-7-1-5-2-customer-1;9001-7-1-5-2;ISO 9001;ISO 9001:2015 + Amd 1:2024;7.1.5.2;7;high;customer;Measurement traceability;Metrologická návaznost;Messtechnische Rückführbarkeit;How does clause 7.1.5.2 protect customer, contractual or stakeholder expectations in this process?;Jak článek 7.1.5.2 chrání očekávání zákazníka, smluvní nebo jiné relevantní požadavky v tomto procesu?;Wie schützt Abschnitt 7.1.5.2 Kunden-, Vertrags- oder relevante Stakeholderanforderungen in diesem Prozess?
9001-7-1-5-2-customer-2;9001-7-1-5-2;ISO 9001;ISO 9001:2015 + Amd 1:2024;7.1.5.2;7;high;customer;Measurement traceability;Metrologická návaznost;Messtechnische Rückführbarkeit;Show the most recent out-of-tolerance calibration and the assessment of affected product or data.;Ukažte poslední kalibraci mimo toleranci a posouzení dotčeného produktu nebo dat.;Die letzte Kalibrierung außerhalb der Toleranz und die Bewertung betroffener Produkte oder Daten zeigen.
9001-7-1-5-2-customer-3;9001-7-1-5-2;ISO 9001;ISO 9001:2015 + Amd 1:2024;7.1.5.2;7;high;customer;Measurement traceability;Metrologická návaznost;Messtechnische Rückführbarkeit;Show one recent customer/project example and trace the requirement to objective evidence and escalation.;Ukažte jeden aktuální zákaznický/projektový příklad a sledujte požadavek k objektivnímu důkazu a eskalaci.;Ein aktuelles Kunden-/Projektbeispiel zeigen und die Anforderung bis zu objektivem Nachweis und Eskalation verfolgen.
9001-7-1-5-2-certification-1;9001-7-1-5-2;ISO 9001;ISO 9001:2015 + Amd 1:2024;7.1.5.2;7;high;certification;Measurement traceability;Metrologická návaznost;Messtechnische Rückführbarkeit;Which objective evidence demonstrates conformity and effective implementation of clause 7.1.5.2?;Který objektivní důkaz prokazuje shodu a účinné zavedení článku 7.1.5.2?;Welche objektiven Nachweise belegen Konformität und wirksame Umsetzung von Abschnitt 7.1.5.2?
9001-7-1-5-2-certification-2;9001-7-1-5-2;ISO 9001;ISO 9001:2015 + Amd 1:2024;7.1.5.2;7;high;certification;Measurement traceability;Metrologická návaznost;Messtechnische Rückführbarkeit;Show the most recent out-of-tolerance calibration and the assessment of affected product or data.;Ukažte poslední kalibraci mimo toleranci a posouzení dotčeného produktu nebo dat.;Die letzte Kalibrierung außerhalb der Toleranz und die Bewertung betroffener Produkte oder Daten zeigen.
9001-7-1-5-2-certification-3;9001-7-1-5-2;ISO 9001;ISO 9001:2015 + Amd 1:2024;7.1.5.2;7;high;certification;Measurement traceability;Metrologická návaznost;Messtechnische Rückführbarkeit;How does this control interact with related clauses, and how are gaps classified and corrected?;Jak toto řízení souvisí s navazujícími články a jak se klasifikují a řeší mezery?;Wie wirkt diese Steuerung mit verwandten Abschnitten zusammen und wie werden Lücken klassifiziert und behoben?
9001-7-1-6-internal-1;9001-7-1-6;ISO 9001;ISO 9001:2015 + Amd 1:2024;7.1.6;7;medium;internal;Organizational knowledge;Znalosti organizace;Wissen der Organisation;What critical knowledge would be lost if one key expert left, and how is it protected?;Jaké kritické znalosti by se ztratily při odchodu klíčového experta a jak jsou chráněny?;Welches kritische Wissen ginge beim Ausscheiden einer Schlüsselperson verloren und wie wird es geschützt?
9001-7-1-6-internal-2;9001-7-1-6;ISO 9001;ISO 9001:2015 + Amd 1:2024;7.1.6;7;medium;internal;Organizational knowledge;Znalosti organizace;Wissen der Organisation;How is organizational knowledge implemented in the selected process, and who owns the control?;Jak je v hodnoceném procesu zavedeno téma „Znalosti organizace“ a kdo vlastní příslušné řízení?;Wie ist „Wissen der Organisation“ im ausgewählten Prozess umgesetzt und wer verantwortet die Steuerung?
9001-7-1-6-internal-3;9001-7-1-6;ISO 9001;ISO 9001:2015 + Amd 1:2024;7.1.6;7;medium;internal;Organizational knowledge;Znalosti organizace;Wissen der Organisation;Show a recent sample and explain how effectiveness, deviations and follow-up are evaluated.;Ukažte aktuální vzorek a vysvětlete, jak se hodnotí účinnost, odchylky a následná opatření.;Eine aktuelle Stichprobe zeigen und erläutern, wie Wirksamkeit, Abweichungen und Folgemaßnahmen bewertet werden.
9001-7-1-6-customer-1;9001-7-1-6;ISO 9001;ISO 9001:2015 + Amd 1:2024;7.1.6;7;medium;customer;Organizational knowledge;Znalosti organizace;Wissen der Organisation;How does clause 7.1.6 protect customer, contractual or stakeholder expectations in this process?;Jak článek 7.1.6 chrání očekávání zákazníka, smluvní nebo jiné relevantní požadavky v tomto procesu?;Wie schützt Abschnitt 7.1.6 Kunden-, Vertrags- oder relevante Stakeholderanforderungen in diesem Prozess?
9001-7-1-6-customer-2;9001-7-1-6;ISO 9001;ISO 9001:2015 + Amd 1:2024;7.1.6;7;medium;customer;Organizational knowledge;Znalosti organizace;Wissen der Organisation;What critical knowledge would be lost if one key expert left, and how is it protected?;Jaké kritické znalosti by se ztratily při odchodu klíčového experta a jak jsou chráněny?;Welches kritische Wissen ginge beim Ausscheiden einer Schlüsselperson verloren und wie wird es geschützt?
9001-7-1-6-customer-3;9001-7-1-6;ISO 9001;ISO 9001:2015 + Amd 1:2024;7.1.6;7;medium;customer;Organizational knowledge;Znalosti organizace;Wissen der Organisation;Show one recent customer/project example and trace the requirement to objective evidence and escalation.;Ukažte jeden aktuální zákaznický/projektový příklad a sledujte požadavek k objektivnímu důkazu a eskalaci.;Ein aktuelles Kunden-/Projektbeispiel zeigen und die Anforderung bis zu objektivem Nachweis und Eskalation verfolgen.
9001-7-1-6-certification-1;9001-7-1-6;ISO 9001;ISO 9001:2015 + Amd 1:2024;7.1.6;7;medium;certification;Organizational knowledge;Znalosti organizace;Wissen der Organisation;Which objective evidence demonstrates conformity and effective implementation of clause 7.1.6?;Který objektivní důkaz prokazuje shodu a účinné zavedení článku 7.1.6?;Welche objektiven Nachweise belegen Konformität und wirksame Umsetzung von Abschnitt 7.1.6?
9001-7-1-6-certification-2;9001-7-1-6;ISO 9001;ISO 9001:2015 + Amd 1:2024;7.1.6;7;medium;certification;Organizational knowledge;Znalosti organizace;Wissen der Organisation;What critical knowledge would be lost if one key expert left, and how is it protected?;Jaké kritické znalosti by se ztratily při odchodu klíčového experta a jak jsou chráněny?;Welches kritische Wissen ginge beim Ausscheiden einer Schlüsselperson verloren und wie wird es geschützt?
9001-7-1-6-certification-3;9001-7-1-6;ISO 9001;ISO 9001:2015 + Amd 1:2024;7.1.6;7;medium;certification;Organizational knowledge;Znalosti organizace;Wissen der Organisation;How does this control interact with related clauses, and how are gaps classified and corrected?;Jak toto řízení souvisí s navazujícími články a jak se klasifikují a řeší mezery?;Wie wirkt diese Steuerung mit verwandten Abschnitten zusammen und wie werden Lücken klassifiziert und behoben?
9001-7-2-internal-1;9001-7-2;ISO 9001;ISO 9001:2015 + Amd 1:2024;7.2;7;high;internal;Competence;Kompetence;Kompetenz;How was competence verified for one high-risk role, and who authorizes independent work?;Jak byla ověřena kompetence pro jednu vysoce rizikovou roli a kdo povoluje samostatnou práci?;Wie wurde die Kompetenz für eine Hochrisikorolle geprüft und wer autorisiert selbstständige Arbeit?
9001-7-2-internal-2;9001-7-2;ISO 9001;ISO 9001:2015 + Amd 1:2024;7.2;7;high;internal;Competence;Kompetence;Kompetenz;How is competence implemented in the selected process, and who owns the control?;Jak je v hodnoceném procesu zavedeno téma „Kompetence“ a kdo vlastní příslušné řízení?;Wie ist „Kompetenz“ im ausgewählten Prozess umgesetzt und wer verantwortet die Steuerung?
9001-7-2-internal-3;9001-7-2;ISO 9001;ISO 9001:2015 + Amd 1:2024;7.2;7;high;internal;Competence;Kompetence;Kompetenz;Show a recent sample and explain how effectiveness, deviations and follow-up are evaluated.;Ukažte aktuální vzorek a vysvětlete, jak se hodnotí účinnost, odchylky a následná opatření.;Eine aktuelle Stichprobe zeigen und erläutern, wie Wirksamkeit, Abweichungen und Folgemaßnahmen bewertet werden.
9001-7-2-customer-1;9001-7-2;ISO 9001;ISO 9001:2015 + Amd 1:2024;7.2;7;high;customer;Competence;Kompetence;Kompetenz;How does clause 7.2 protect customer, contractual or stakeholder expectations in this process?;Jak článek 7.2 chrání očekávání zákazníka, smluvní nebo jiné relevantní požadavky v tomto procesu?;Wie schützt Abschnitt 7.2 Kunden-, Vertrags- oder relevante Stakeholderanforderungen in diesem Prozess?
9001-7-2-customer-2;9001-7-2;ISO 9001;ISO 9001:2015 + Amd 1:2024;7.2;7;high;customer;Competence;Kompetence;Kompetenz;How was competence verified for one high-risk role, and who authorizes independent work?;Jak byla ověřena kompetence pro jednu vysoce rizikovou roli a kdo povoluje samostatnou práci?;Wie wurde die Kompetenz für eine Hochrisikorolle geprüft und wer autorisiert selbstständige Arbeit?
9001-7-2-customer-3;9001-7-2;ISO 9001;ISO 9001:2015 + Amd 1:2024;7.2;7;high;customer;Competence;Kompetence;Kompetenz;Show one recent customer/project example and trace the requirement to objective evidence and escalation.;Ukažte jeden aktuální zákaznický/projektový příklad a sledujte požadavek k objektivnímu důkazu a eskalaci.;Ein aktuelles Kunden-/Projektbeispiel zeigen und die Anforderung bis zu objektivem Nachweis und Eskalation verfolgen.
9001-7-2-certification-1;9001-7-2;ISO 9001;ISO 9001:2015 + Amd 1:2024;7.2;7;high;certification;Competence;Kompetence;Kompetenz;Which objective evidence demonstrates conformity and effective implementation of clause 7.2?;Který objektivní důkaz prokazuje shodu a účinné zavedení článku 7.2?;Welche objektiven Nachweise belegen Konformität und wirksame Umsetzung von Abschnitt 7.2?
9001-7-2-certification-2;9001-7-2;ISO 9001;ISO 9001:2015 + Amd 1:2024;7.2;7;high;certification;Competence;Kompetence;Kompetenz;How was competence verified for one high-risk role, and who authorizes independent work?;Jak byla ověřena kompetence pro jednu vysoce rizikovou roli a kdo povoluje samostatnou práci?;Wie wurde die Kompetenz für eine Hochrisikorolle geprüft und wer autorisiert selbstständige Arbeit?
9001-7-2-certification-3;9001-7-2;ISO 9001;ISO 9001:2015 + Amd 1:2024;7.2;7;high;certification;Competence;Kompetence;Kompetenz;How does this control interact with related clauses, and how are gaps classified and corrected?;Jak toto řízení souvisí s navazujícími články a jak se klasifikují a řeší mezery?;Wie wirkt diese Steuerung mit verwandten Abschnitten zusammen und wie werden Lücken klassifiziert und behoben?
9001-7-3-internal-1;9001-7-3;ISO 9001;ISO 9001:2015 + Amd 1:2024;7.3;7;medium;internal;Awareness;Povědomí;Bewusstsein;Ask a person at the point of work to explain the key requirement, risk and escalation route.;Požádejte pracovníka na pracovišti, aby vysvětlil klíčový požadavek, riziko a způsob eskalace.;Eine Person am Arbeitsplatz bitten, Kernanforderung, Risiko und Eskalationsweg zu erklären.
9001-7-3-internal-2;9001-7-3;ISO 9001;ISO 9001:2015 + Amd 1:2024;7.3;7;medium;internal;Awareness;Povědomí;Bewusstsein;How is awareness implemented in the selected process, and who owns the control?;Jak je v hodnoceném procesu zavedeno téma „Povědomí“ a kdo vlastní příslušné řízení?;Wie ist „Bewusstsein“ im ausgewählten Prozess umgesetzt und wer verantwortet die Steuerung?
9001-7-3-internal-3;9001-7-3;ISO 9001;ISO 9001:2015 + Amd 1:2024;7.3;7;medium;internal;Awareness;Povědomí;Bewusstsein;Show a recent sample and explain how effectiveness, deviations and follow-up are evaluated.;Ukažte aktuální vzorek a vysvětlete, jak se hodnotí účinnost, odchylky a následná opatření.;Eine aktuelle Stichprobe zeigen und erläutern, wie Wirksamkeit, Abweichungen und Folgemaßnahmen bewertet werden.
9001-7-3-customer-1;9001-7-3;ISO 9001;ISO 9001:2015 + Amd 1:2024;7.3;7;medium;customer;Awareness;Povědomí;Bewusstsein;How does clause 7.3 protect customer, contractual or stakeholder expectations in this process?;Jak článek 7.3 chrání očekávání zákazníka, smluvní nebo jiné relevantní požadavky v tomto procesu?;Wie schützt Abschnitt 7.3 Kunden-, Vertrags- oder relevante Stakeholderanforderungen in diesem Prozess?
9001-7-3-customer-2;9001-7-3;ISO 9001;ISO 9001:2015 + Amd 1:2024;7.3;7;medium;customer;Awareness;Povědomí;Bewusstsein;Ask a person at the point of work to explain the key requirement, risk and escalation route.;Požádejte pracovníka na pracovišti, aby vysvětlil klíčový požadavek, riziko a způsob eskalace.;Eine Person am Arbeitsplatz bitten, Kernanforderung, Risiko und Eskalationsweg zu erklären.
9001-7-3-customer-3;9001-7-3;ISO 9001;ISO 9001:2015 + Amd 1:2024;7.3;7;medium;customer;Awareness;Povědomí;Bewusstsein;Show one recent customer/project example and trace the requirement to objective evidence and escalation.;Ukažte jeden aktuální zákaznický/projektový příklad a sledujte požadavek k objektivnímu důkazu a eskalaci.;Ein aktuelles Kunden-/Projektbeispiel zeigen und die Anforderung bis zu objektivem Nachweis und Eskalation verfolgen.
9001-7-3-certification-1;9001-7-3;ISO 9001;ISO 9001:2015 + Amd 1:2024;7.3;7;medium;certification;Awareness;Povědomí;Bewusstsein;Which objective evidence demonstrates conformity and effective implementation of clause 7.3?;Který objektivní důkaz prokazuje shodu a účinné zavedení článku 7.3?;Welche objektiven Nachweise belegen Konformität und wirksame Umsetzung von Abschnitt 7.3?
9001-7-3-certification-2;9001-7-3;ISO 9001;ISO 9001:2015 + Amd 1:2024;7.3;7;medium;certification;Awareness;Povědomí;Bewusstsein;Ask a person at the point of work to explain the key requirement, risk and escalation route.;Požádejte pracovníka na pracovišti, aby vysvětlil klíčový požadavek, riziko a způsob eskalace.;Eine Person am Arbeitsplatz bitten, Kernanforderung, Risiko und Eskalationsweg zu erklären.
9001-7-3-certification-3;9001-7-3;ISO 9001;ISO 9001:2015 + Amd 1:2024;7.3;7;medium;certification;Awareness;Povědomí;Bewusstsein;How does this control interact with related clauses, and how are gaps classified and corrected?;Jak toto řízení souvisí s navazujícími články a jak se klasifikují a řeší mezery?;Wie wirkt diese Steuerung mit verwandten Abschnitten zusammen und wie werden Lücken klassifiziert und behoben?
9001-7-4-internal-1;9001-7-4;ISO 9001;ISO 9001:2015 + Amd 1:2024;7.4;7;medium;internal;Communication;Komunikace;Kommunikation;Trace one important message from decision through communication to confirmed understanding or response.;Sledujte jedno důležité sdělení od rozhodnutí přes komunikaci až po potvrzené porozumění nebo reakci.;Eine wichtige Mitteilung von der Entscheidung über Kommunikation bis zum bestätigten Verständnis bzw. zur Reaktion verfolgen.
9001-7-4-internal-2;9001-7-4;ISO 9001;ISO 9001:2015 + Amd 1:2024;7.4;7;medium;internal;Communication;Komunikace;Kommunikation;How is communication implemented in the selected process, and who owns the control?;Jak je v hodnoceném procesu zavedeno téma „Komunikace“ a kdo vlastní příslušné řízení?;Wie ist „Kommunikation“ im ausgewählten Prozess umgesetzt und wer verantwortet die Steuerung?
9001-7-4-internal-3;9001-7-4;ISO 9001;ISO 9001:2015 + Amd 1:2024;7.4;7;medium;internal;Communication;Komunikace;Kommunikation;Show a recent sample and explain how effectiveness, deviations and follow-up are evaluated.;Ukažte aktuální vzorek a vysvětlete, jak se hodnotí účinnost, odchylky a následná opatření.;Eine aktuelle Stichprobe zeigen und erläutern, wie Wirksamkeit, Abweichungen und Folgemaßnahmen bewertet werden.
9001-7-4-customer-1;9001-7-4;ISO 9001;ISO 9001:2015 + Amd 1:2024;7.4;7;medium;customer;Communication;Komunikace;Kommunikation;How does clause 7.4 protect customer, contractual or stakeholder expectations in this process?;Jak článek 7.4 chrání očekávání zákazníka, smluvní nebo jiné relevantní požadavky v tomto procesu?;Wie schützt Abschnitt 7.4 Kunden-, Vertrags- oder relevante Stakeholderanforderungen in diesem Prozess?
9001-7-4-customer-2;9001-7-4;ISO 9001;ISO 9001:2015 + Amd 1:2024;7.4;7;medium;customer;Communication;Komunikace;Kommunikation;Trace one important message from decision through communication to confirmed understanding or response.;Sledujte jedno důležité sdělení od rozhodnutí přes komunikaci až po potvrzené porozumění nebo reakci.;Eine wichtige Mitteilung von der Entscheidung über Kommunikation bis zum bestätigten Verständnis bzw. zur Reaktion verfolgen.
9001-7-4-customer-3;9001-7-4;ISO 9001;ISO 9001:2015 + Amd 1:2024;7.4;7;medium;customer;Communication;Komunikace;Kommunikation;Show one recent customer/project example and trace the requirement to objective evidence and escalation.;Ukažte jeden aktuální zákaznický/projektový příklad a sledujte požadavek k objektivnímu důkazu a eskalaci.;Ein aktuelles Kunden-/Projektbeispiel zeigen und die Anforderung bis zu objektivem Nachweis und Eskalation verfolgen.
9001-7-4-certification-1;9001-7-4;ISO 9001;ISO 9001:2015 + Amd 1:2024;7.4;7;medium;certification;Communication;Komunikace;Kommunikation;Which objective evidence demonstrates conformity and effective implementation of clause 7.4?;Který objektivní důkaz prokazuje shodu a účinné zavedení článku 7.4?;Welche objektiven Nachweise belegen Konformität und wirksame Umsetzung von Abschnitt 7.4?
9001-7-4-certification-2;9001-7-4;ISO 9001;ISO 9001:2015 + Amd 1:2024;7.4;7;medium;certification;Communication;Komunikace;Kommunikation;Trace one important message from decision through communication to confirmed understanding or response.;Sledujte jedno důležité sdělení od rozhodnutí přes komunikaci až po potvrzené porozumění nebo reakci.;Eine wichtige Mitteilung von der Entscheidung über Kommunikation bis zum bestätigten Verständnis bzw. zur Reaktion verfolgen.
9001-7-4-certification-3;9001-7-4;ISO 9001;ISO 9001:2015 + Amd 1:2024;7.4;7;medium;certification;Communication;Komunikace;Kommunikation;How does this control interact with related clauses, and how are gaps classified and corrected?;Jak toto řízení souvisí s navazujícími články a jak se klasifikují a řeší mezery?;Wie wirkt diese Steuerung mit verwandten Abschnitten zusammen und wie werden Lücken klassifiziert und behoben?
9001-7-5-1-internal-1;9001-7-5-1;ISO 9001;ISO 9001:2015 + Amd 1:2024;7.5.1;7;medium;internal;Documented information — general;Dokumentované informace — obecně;Dokumentierte Information — Allgemeines;Which documented information is essential to prevent inconsistent or unsafe performance?;Které dokumentované informace jsou nezbytné k zabránění nekonzistentnímu nebo nebezpečnému výkonu?;Welche dokumentierte Information ist wesentlich, um inkonsistente oder unsichere Leistung zu verhindern?
9001-7-5-1-internal-2;9001-7-5-1;ISO 9001;ISO 9001:2015 + Amd 1:2024;7.5.1;7;medium;internal;Documented information — general;Dokumentované informace — obecně;Dokumentierte Information — Allgemeines;How is documented information — general implemented in the selected process, and who owns the control?;Jak je v hodnoceném procesu zavedeno téma „Dokumentované informace — obecně“ a kdo vlastní příslušné řízení?;Wie ist „Dokumentierte Information — Allgemeines“ im ausgewählten Prozess umgesetzt und wer verantwortet die Steuerung?
9001-7-5-1-internal-3;9001-7-5-1;ISO 9001;ISO 9001:2015 + Amd 1:2024;7.5.1;7;medium;internal;Documented information — general;Dokumentované informace — obecně;Dokumentierte Information — Allgemeines;Show a recent sample and explain how effectiveness, deviations and follow-up are evaluated.;Ukažte aktuální vzorek a vysvětlete, jak se hodnotí účinnost, odchylky a následná opatření.;Eine aktuelle Stichprobe zeigen und erläutern, wie Wirksamkeit, Abweichungen und Folgemaßnahmen bewertet werden.
9001-7-5-1-customer-1;9001-7-5-1;ISO 9001;ISO 9001:2015 + Amd 1:2024;7.5.1;7;medium;customer;Documented information — general;Dokumentované informace — obecně;Dokumentierte Information — Allgemeines;How does clause 7.5.1 protect customer, contractual or stakeholder expectations in this process?;Jak článek 7.5.1 chrání očekávání zákazníka, smluvní nebo jiné relevantní požadavky v tomto procesu?;Wie schützt Abschnitt 7.5.1 Kunden-, Vertrags- oder relevante Stakeholderanforderungen in diesem Prozess?
9001-7-5-1-customer-2;9001-7-5-1;ISO 9001;ISO 9001:2015 + Amd 1:2024;7.5.1;7;medium;customer;Documented information — general;Dokumentované informace — obecně;Dokumentierte Information — Allgemeines;Which documented information is essential to prevent inconsistent or unsafe performance?;Které dokumentované informace jsou nezbytné k zabránění nekonzistentnímu nebo nebezpečnému výkonu?;Welche dokumentierte Information ist wesentlich, um inkonsistente oder unsichere Leistung zu verhindern?
9001-7-5-1-customer-3;9001-7-5-1;ISO 9001;ISO 9001:2015 + Amd 1:2024;7.5.1;7;medium;customer;Documented information — general;Dokumentované informace — obecně;Dokumentierte Information — Allgemeines;Show one recent customer/project example and trace the requirement to objective evidence and escalation.;Ukažte jeden aktuální zákaznický/projektový příklad a sledujte požadavek k objektivnímu důkazu a eskalaci.;Ein aktuelles Kunden-/Projektbeispiel zeigen und die Anforderung bis zu objektivem Nachweis und Eskalation verfolgen.
9001-7-5-1-certification-1;9001-7-5-1;ISO 9001;ISO 9001:2015 + Amd 1:2024;7.5.1;7;medium;certification;Documented information — general;Dokumentované informace — obecně;Dokumentierte Information — Allgemeines;Which objective evidence demonstrates conformity and effective implementation of clause 7.5.1?;Který objektivní důkaz prokazuje shodu a účinné zavedení článku 7.5.1?;Welche objektiven Nachweise belegen Konformität und wirksame Umsetzung von Abschnitt 7.5.1?
9001-7-5-1-certification-2;9001-7-5-1;ISO 9001;ISO 9001:2015 + Amd 1:2024;7.5.1;7;medium;certification;Documented information — general;Dokumentované informace — obecně;Dokumentierte Information — Allgemeines;Which documented information is essential to prevent inconsistent or unsafe performance?;Které dokumentované informace jsou nezbytné k zabránění nekonzistentnímu nebo nebezpečnému výkonu?;Welche dokumentierte Information ist wesentlich, um inkonsistente oder unsichere Leistung zu verhindern?
9001-7-5-1-certification-3;9001-7-5-1;ISO 9001;ISO 9001:2015 + Amd 1:2024;7.5.1;7;medium;certification;Documented information — general;Dokumentované informace — obecně;Dokumentierte Information — Allgemeines;How does this control interact with related clauses, and how are gaps classified and corrected?;Jak toto řízení souvisí s navazujícími články a jak se klasifikují a řeší mezery?;Wie wirkt diese Steuerung mit verwandten Abschnitten zusammen und wie werden Lücken klassifiziert und behoben?
9001-7-5-2-internal-1;9001-7-5-2;ISO 9001;ISO 9001:2015 + Amd 1:2024;7.5.2;7;medium;internal;Creating and updating documented information;Vytváření a aktualizace dokumentovaných informací;Erstellen und Aktualisieren dokumentierter Information;Select one recently revised document and verify need, review, approval, communication and effective date.;Vyberte nedávno revidovaný dokument a ověřte potřebu, přezkum, schválení, komunikaci a datum účinnosti.;Ein kürzlich revidiertes Dokument auswählen und Bedarf, Prüfung, Freigabe, Kommunikation und Gültigkeitsdatum verifizieren.
9001-7-5-2-internal-2;9001-7-5-2;ISO 9001;ISO 9001:2015 + Amd 1:2024;7.5.2;7;medium;internal;Creating and updating documented information;Vytváření a aktualizace dokumentovaných informací;Erstellen und Aktualisieren dokumentierter Information;How is creating and updating documented information implemented in the selected process, and who owns the control?;Jak je v hodnoceném procesu zavedeno téma „Vytváření a aktualizace dokumentovaných informací“ a kdo vlastní příslušné řízení?;Wie ist „Erstellen und Aktualisieren dokumentierter Information“ im ausgewählten Prozess umgesetzt und wer verantwortet die Steuerung?
9001-7-5-2-internal-3;9001-7-5-2;ISO 9001;ISO 9001:2015 + Amd 1:2024;7.5.2;7;medium;internal;Creating and updating documented information;Vytváření a aktualizace dokumentovaných informací;Erstellen und Aktualisieren dokumentierter Information;Show a recent sample and explain how effectiveness, deviations and follow-up are evaluated.;Ukažte aktuální vzorek a vysvětlete, jak se hodnotí účinnost, odchylky a následná opatření.;Eine aktuelle Stichprobe zeigen und erläutern, wie Wirksamkeit, Abweichungen und Folgemaßnahmen bewertet werden.
9001-7-5-2-customer-1;9001-7-5-2;ISO 9001;ISO 9001:2015 + Amd 1:2024;7.5.2;7;medium;customer;Creating and updating documented information;Vytváření a aktualizace dokumentovaných informací;Erstellen und Aktualisieren dokumentierter Information;How does clause 7.5.2 protect customer, contractual or stakeholder expectations in this process?;Jak článek 7.5.2 chrání očekávání zákazníka, smluvní nebo jiné relevantní požadavky v tomto procesu?;Wie schützt Abschnitt 7.5.2 Kunden-, Vertrags- oder relevante Stakeholderanforderungen in diesem Prozess?
9001-7-5-2-customer-2;9001-7-5-2;ISO 9001;ISO 9001:2015 + Amd 1:2024;7.5.2;7;medium;customer;Creating and updating documented information;Vytváření a aktualizace dokumentovaných informací;Erstellen und Aktualisieren dokumentierter Information;Select one recently revised document and verify need, review, approval, communication and effective date.;Vyberte nedávno revidovaný dokument a ověřte potřebu, přezkum, schválení, komunikaci a datum účinnosti.;Ein kürzlich revidiertes Dokument auswählen und Bedarf, Prüfung, Freigabe, Kommunikation und Gültigkeitsdatum verifizieren.
9001-7-5-2-customer-3;9001-7-5-2;ISO 9001;ISO 9001:2015 + Amd 1:2024;7.5.2;7;medium;customer;Creating and updating documented information;Vytváření a aktualizace dokumentovaných informací;Erstellen und Aktualisieren dokumentierter Information;Show one recent customer/project example and trace the requirement to objective evidence and escalation.;Ukažte jeden aktuální zákaznický/projektový příklad a sledujte požadavek k objektivnímu důkazu a eskalaci.;Ein aktuelles Kunden-/Projektbeispiel zeigen und die Anforderung bis zu objektivem Nachweis und Eskalation verfolgen.
9001-7-5-2-certification-1;9001-7-5-2;ISO 9001;ISO 9001:2015 + Amd 1:2024;7.5.2;7;medium;certification;Creating and updating documented information;Vytváření a aktualizace dokumentovaných informací;Erstellen und Aktualisieren dokumentierter Information;Which objective evidence demonstrates conformity and effective implementation of clause 7.5.2?;Který objektivní důkaz prokazuje shodu a účinné zavedení článku 7.5.2?;Welche objektiven Nachweise belegen Konformität und wirksame Umsetzung von Abschnitt 7.5.2?
9001-7-5-2-certification-2;9001-7-5-2;ISO 9001;ISO 9001:2015 + Amd 1:2024;7.5.2;7;medium;certification;Creating and updating documented information;Vytváření a aktualizace dokumentovaných informací;Erstellen und Aktualisieren dokumentierter Information;Select one recently revised document and verify need, review, approval, communication and effective date.;Vyberte nedávno revidovaný dokument a ověřte potřebu, přezkum, schválení, komunikaci a datum účinnosti.;Ein kürzlich revidiertes Dokument auswählen und Bedarf, Prüfung, Freigabe, Kommunikation und Gültigkeitsdatum verifizieren.
9001-7-5-2-certification-3;9001-7-5-2;ISO 9001;ISO 9001:2015 + Amd 1:2024;7.5.2;7;medium;certification;Creating and updating documented information;Vytváření a aktualizace dokumentovaných informací;Erstellen und Aktualisieren dokumentierter Information;How does this control interact with related clauses, and how are gaps classified and corrected?;Jak toto řízení souvisí s navazujícími články a jak se klasifikují a řeší mezery?;Wie wirkt diese Steuerung mit verwandten Abschnitten zusammen und wie werden Lücken klassifiziert und behoben?
9001-7-5-3-internal-1;9001-7-5-3;ISO 9001;ISO 9001:2015 + Amd 1:2024;7.5.3;7;high;internal;Control of documented information;Řízení dokumentovaných informací;Lenkung dokumentierter Information;At the point of work, verify that the user can access only the current approved information.;Na pracovišti ověřte, že uživatel má přístup pouze k aktuální schválené informaci.;Am Arbeitsplatz prüfen, dass nur auf aktuelle freigegebene Informationen zugegriffen wird.
9001-7-5-3-internal-2;9001-7-5-3;ISO 9001;ISO 9001:2015 + Amd 1:2024;7.5.3;7;high;internal;Control of documented information;Řízení dokumentovaných informací;Lenkung dokumentierter Information;How is control of documented information implemented in the selected process, and who owns the control?;Jak je v hodnoceném procesu zavedeno téma „Řízení dokumentovaných informací“ a kdo vlastní příslušné řízení?;Wie ist „Lenkung dokumentierter Information“ im ausgewählten Prozess umgesetzt und wer verantwortet die Steuerung?
9001-7-5-3-internal-3;9001-7-5-3;ISO 9001;ISO 9001:2015 + Amd 1:2024;7.5.3;7;high;internal;Control of documented information;Řízení dokumentovaných informací;Lenkung dokumentierter Information;Show a recent sample and explain how effectiveness, deviations and follow-up are evaluated.;Ukažte aktuální vzorek a vysvětlete, jak se hodnotí účinnost, odchylky a následná opatření.;Eine aktuelle Stichprobe zeigen und erläutern, wie Wirksamkeit, Abweichungen und Folgemaßnahmen bewertet werden.
9001-7-5-3-customer-1;9001-7-5-3;ISO 9001;ISO 9001:2015 + Amd 1:2024;7.5.3;7;high;customer;Control of documented information;Řízení dokumentovaných informací;Lenkung dokumentierter Information;How does clause 7.5.3 protect customer, contractual or stakeholder expectations in this process?;Jak článek 7.5.3 chrání očekávání zákazníka, smluvní nebo jiné relevantní požadavky v tomto procesu?;Wie schützt Abschnitt 7.5.3 Kunden-, Vertrags- oder relevante Stakeholderanforderungen in diesem Prozess?
9001-7-5-3-customer-2;9001-7-5-3;ISO 9001;ISO 9001:2015 + Amd 1:2024;7.5.3;7;high;customer;Control of documented information;Řízení dokumentovaných informací;Lenkung dokumentierter Information;At the point of work, verify that the user can access only the current approved information.;Na pracovišti ověřte, že uživatel má přístup pouze k aktuální schválené informaci.;Am Arbeitsplatz prüfen, dass nur auf aktuelle freigegebene Informationen zugegriffen wird.
9001-7-5-3-customer-3;9001-7-5-3;ISO 9001;ISO 9001:2015 + Amd 1:2024;7.5.3;7;high;customer;Control of documented information;Řízení dokumentovaných informací;Lenkung dokumentierter Information;Show one recent customer/project example and trace the requirement to objective evidence and escalation.;Ukažte jeden aktuální zákaznický/projektový příklad a sledujte požadavek k objektivnímu důkazu a eskalaci.;Ein aktuelles Kunden-/Projektbeispiel zeigen und die Anforderung bis zu objektivem Nachweis und Eskalation verfolgen.
9001-7-5-3-certification-1;9001-7-5-3;ISO 9001;ISO 9001:2015 + Amd 1:2024;7.5.3;7;high;certification;Control of documented information;Řízení dokumentovaných informací;Lenkung dokumentierter Information;Which objective evidence demonstrates conformity and effective implementation of clause 7.5.3?;Který objektivní důkaz prokazuje shodu a účinné zavedení článku 7.5.3?;Welche objektiven Nachweise belegen Konformität und wirksame Umsetzung von Abschnitt 7.5.3?
9001-7-5-3-certification-2;9001-7-5-3;ISO 9001;ISO 9001:2015 + Amd 1:2024;7.5.3;7;high;certification;Control of documented information;Řízení dokumentovaných informací;Lenkung dokumentierter Information;At the point of work, verify that the user can access only the current approved information.;Na pracovišti ověřte, že uživatel má přístup pouze k aktuální schválené informaci.;Am Arbeitsplatz prüfen, dass nur auf aktuelle freigegebene Informationen zugegriffen wird.
9001-7-5-3-certification-3;9001-7-5-3;ISO 9001;ISO 9001:2015 + Amd 1:2024;7.5.3;7;high;certification;Control of documented information;Řízení dokumentovaných informací;Lenkung dokumentierter Information;How does this control interact with related clauses, and how are gaps classified and corrected?;Jak toto řízení souvisí s navazujícími články a jak se klasifikují a řeší mezery?;Wie wirkt diese Steuerung mit verwandten Abschnitten zusammen und wie werden Lücken klassifiziert und behoben?
9001-8-1-internal-1;9001-8-1;ISO 9001;ISO 9001:2015 + Amd 1:2024;8.1;8;high;internal;Operational planning and control;Plánování a řízení provozu;Betriebliche Planung und Steuerung;Follow one operation from requirement and risk through control criteria to recorded result.;Sledujte jednu operaci od požadavku a rizika přes řídicí kritéria až k zaznamenanému výsledku.;Einen Ablauf von Anforderung und Risiko über Steuerkriterien bis zum aufgezeichneten Ergebnis verfolgen.
9001-8-1-internal-2;9001-8-1;ISO 9001;ISO 9001:2015 + Amd 1:2024;8.1;8;high;internal;Operational planning and control;Plánování a řízení provozu;Betriebliche Planung und Steuerung;How is operational planning and control implemented in the selected process, and who owns the control?;Jak je v hodnoceném procesu zavedeno téma „Plánování a řízení provozu“ a kdo vlastní příslušné řízení?;Wie ist „Betriebliche Planung und Steuerung“ im ausgewählten Prozess umgesetzt und wer verantwortet die Steuerung?
9001-8-1-internal-3;9001-8-1;ISO 9001;ISO 9001:2015 + Amd 1:2024;8.1;8;high;internal;Operational planning and control;Plánování a řízení provozu;Betriebliche Planung und Steuerung;Show a recent sample and explain how effectiveness, deviations and follow-up are evaluated.;Ukažte aktuální vzorek a vysvětlete, jak se hodnotí účinnost, odchylky a následná opatření.;Eine aktuelle Stichprobe zeigen und erläutern, wie Wirksamkeit, Abweichungen und Folgemaßnahmen bewertet werden.
9001-8-1-customer-1;9001-8-1;ISO 9001;ISO 9001:2015 + Amd 1:2024;8.1;8;high;customer;Operational planning and control;Plánování a řízení provozu;Betriebliche Planung und Steuerung;How does clause 8.1 protect customer, contractual or stakeholder expectations in this process?;Jak článek 8.1 chrání očekávání zákazníka, smluvní nebo jiné relevantní požadavky v tomto procesu?;Wie schützt Abschnitt 8.1 Kunden-, Vertrags- oder relevante Stakeholderanforderungen in diesem Prozess?
9001-8-1-customer-2;9001-8-1;ISO 9001;ISO 9001:2015 + Amd 1:2024;8.1;8;high;customer;Operational planning and control;Plánování a řízení provozu;Betriebliche Planung und Steuerung;Follow one operation from requirement and risk through control criteria to recorded result.;Sledujte jednu operaci od požadavku a rizika přes řídicí kritéria až k zaznamenanému výsledku.;Einen Ablauf von Anforderung und Risiko über Steuerkriterien bis zum aufgezeichneten Ergebnis verfolgen.
9001-8-1-customer-3;9001-8-1;ISO 9001;ISO 9001:2015 + Amd 1:2024;8.1;8;high;customer;Operational planning and control;Plánování a řízení provozu;Betriebliche Planung und Steuerung;Show one recent customer/project example and trace the requirement to objective evidence and escalation.;Ukažte jeden aktuální zákaznický/projektový příklad a sledujte požadavek k objektivnímu důkazu a eskalaci.;Ein aktuelles Kunden-/Projektbeispiel zeigen und die Anforderung bis zu objektivem Nachweis und Eskalation verfolgen.
9001-8-1-certification-1;9001-8-1;ISO 9001;ISO 9001:2015 + Amd 1:2024;8.1;8;high;certification;Operational planning and control;Plánování a řízení provozu;Betriebliche Planung und Steuerung;Which objective evidence demonstrates conformity and effective implementation of clause 8.1?;Který objektivní důkaz prokazuje shodu a účinné zavedení článku 8.1?;Welche objektiven Nachweise belegen Konformität und wirksame Umsetzung von Abschnitt 8.1?
9001-8-1-certification-2;9001-8-1;ISO 9001;ISO 9001:2015 + Amd 1:2024;8.1;8;high;certification;Operational planning and control;Plánování a řízení provozu;Betriebliche Planung und Steuerung;Follow one operation from requirement and risk through control criteria to recorded result.;Sledujte jednu operaci od požadavku a rizika přes řídicí kritéria až k zaznamenanému výsledku.;Einen Ablauf von Anforderung und Risiko über Steuerkriterien bis zum aufgezeichneten Ergebnis verfolgen.
9001-8-1-certification-3;9001-8-1;ISO 9001;ISO 9001:2015 + Amd 1:2024;8.1;8;high;certification;Operational planning and control;Plánování a řízení provozu;Betriebliche Planung und Steuerung;How does this control interact with related clauses, and how are gaps classified and corrected?;Jak toto řízení souvisí s navazujícími články a jak se klasifikují a řeší mezery?;Wie wirkt diese Steuerung mit verwandten Abschnitten zusammen und wie werden Lücken klassifiziert und behoben?
9001-8-2-1-internal-1;9001-8-2-1;ISO 9001;ISO 9001:2015 + Amd 1:2024;8.2.1;8;high;internal;Customer communication;Komunikace se zákazníkem;Kommunikation mit Kunden;Trace one customer change from receipt through technical review, internal communication and confirmation.;Sledujte jednu zákaznickou změnu od přijetí přes technický přezkum a interní komunikaci až po potvrzení.;Eine Kundenänderung vom Eingang über technische Prüfung und interne Kommunikation bis zur Bestätigung verfolgen.
9001-8-2-1-internal-2;9001-8-2-1;ISO 9001;ISO 9001:2015 + Amd 1:2024;8.2.1;8;high;internal;Customer communication;Komunikace se zákazníkem;Kommunikation mit Kunden;How is customer communication implemented in the selected process, and who owns the control?;Jak je v hodnoceném procesu zavedeno téma „Komunikace se zákazníkem“ a kdo vlastní příslušné řízení?;Wie ist „Kommunikation mit Kunden“ im ausgewählten Prozess umgesetzt und wer verantwortet die Steuerung?
9001-8-2-1-internal-3;9001-8-2-1;ISO 9001;ISO 9001:2015 + Amd 1:2024;8.2.1;8;high;internal;Customer communication;Komunikace se zákazníkem;Kommunikation mit Kunden;Show a recent sample and explain how effectiveness, deviations and follow-up are evaluated.;Ukažte aktuální vzorek a vysvětlete, jak se hodnotí účinnost, odchylky a následná opatření.;Eine aktuelle Stichprobe zeigen und erläutern, wie Wirksamkeit, Abweichungen und Folgemaßnahmen bewertet werden.
9001-8-2-1-customer-1;9001-8-2-1;ISO 9001;ISO 9001:2015 + Amd 1:2024;8.2.1;8;high;customer;Customer communication;Komunikace se zákazníkem;Kommunikation mit Kunden;How does clause 8.2.1 protect customer, contractual or stakeholder expectations in this process?;Jak článek 8.2.1 chrání očekávání zákazníka, smluvní nebo jiné relevantní požadavky v tomto procesu?;Wie schützt Abschnitt 8.2.1 Kunden-, Vertrags- oder relevante Stakeholderanforderungen in diesem Prozess?
9001-8-2-1-customer-2;9001-8-2-1;ISO 9001;ISO 9001:2015 + Amd 1:2024;8.2.1;8;high;customer;Customer communication;Komunikace se zákazníkem;Kommunikation mit Kunden;Trace one customer change from receipt through technical review, internal communication and confirmation.;Sledujte jednu zákaznickou změnu od přijetí přes technický přezkum a interní komunikaci až po potvrzení.;Eine Kundenänderung vom Eingang über technische Prüfung und interne Kommunikation bis zur Bestätigung verfolgen.
9001-8-2-1-customer-3;9001-8-2-1;ISO 9001;ISO 9001:2015 + Amd 1:2024;8.2.1;8;high;customer;Customer communication;Komunikace se zákazníkem;Kommunikation mit Kunden;Show one recent customer/project example and trace the requirement to objective evidence and escalation.;Ukažte jeden aktuální zákaznický/projektový příklad a sledujte požadavek k objektivnímu důkazu a eskalaci.;Ein aktuelles Kunden-/Projektbeispiel zeigen und die Anforderung bis zu objektivem Nachweis und Eskalation verfolgen.
9001-8-2-1-certification-1;9001-8-2-1;ISO 9001;ISO 9001:2015 + Amd 1:2024;8.2.1;8;high;certification;Customer communication;Komunikace se zákazníkem;Kommunikation mit Kunden;Which objective evidence demonstrates conformity and effective implementation of clause 8.2.1?;Který objektivní důkaz prokazuje shodu a účinné zavedení článku 8.2.1?;Welche objektiven Nachweise belegen Konformität und wirksame Umsetzung von Abschnitt 8.2.1?
9001-8-2-1-certification-2;9001-8-2-1;ISO 9001;ISO 9001:2015 + Amd 1:2024;8.2.1;8;high;certification;Customer communication;Komunikace se zákazníkem;Kommunikation mit Kunden;Trace one customer change from receipt through technical review, internal communication and confirmation.;Sledujte jednu zákaznickou změnu od přijetí přes technický přezkum a interní komunikaci až po potvrzení.;Eine Kundenänderung vom Eingang über technische Prüfung und interne Kommunikation bis zur Bestätigung verfolgen.
9001-8-2-1-certification-3;9001-8-2-1;ISO 9001;ISO 9001:2015 + Amd 1:2024;8.2.1;8;high;certification;Customer communication;Komunikace se zákazníkem;Kommunikation mit Kunden;How does this control interact with related clauses, and how are gaps classified and corrected?;Jak toto řízení souvisí s navazujícími články a jak se klasifikují a řeší mezery?;Wie wirkt diese Steuerung mit verwandten Abschnitten zusammen und wie werden Lücken klassifiziert und behoben?
9001-8-2-2-internal-1;9001-8-2-2;ISO 9001;ISO 9001:2015 + Amd 1:2024;8.2.2;8;high;internal;Determining requirements for products and services;Určování požadavků na produkty a služby;Bestimmen von Anforderungen an Produkte und Dienstleistungen;For a recent order, show all applicable requirements beyond the customer purchase order.;U nedávné objednávky ukažte všechny použitelné požadavky nad rámec zákaznické objednávky.;Für einen aktuellen Auftrag alle anwendbaren Anforderungen über die Kundenbestellung hinaus zeigen.
9001-8-2-2-internal-2;9001-8-2-2;ISO 9001;ISO 9001:2015 + Amd 1:2024;8.2.2;8;high;internal;Determining requirements for products and services;Určování požadavků na produkty a služby;Bestimmen von Anforderungen an Produkte und Dienstleistungen;How is determining requirements for products and services implemented in the selected process, and who owns the control?;Jak je v hodnoceném procesu zavedeno téma „Určování požadavků na produkty a služby“ a kdo vlastní příslušné řízení?;Wie ist „Bestimmen von Anforderungen an Produkte und Dienstleistungen“ im ausgewählten Prozess umgesetzt und wer verantwortet die Steuerung?
9001-8-2-2-internal-3;9001-8-2-2;ISO 9001;ISO 9001:2015 + Amd 1:2024;8.2.2;8;high;internal;Determining requirements for products and services;Určování požadavků na produkty a služby;Bestimmen von Anforderungen an Produkte und Dienstleistungen;Show a recent sample and explain how effectiveness, deviations and follow-up are evaluated.;Ukažte aktuální vzorek a vysvětlete, jak se hodnotí účinnost, odchylky a následná opatření.;Eine aktuelle Stichprobe zeigen und erläutern, wie Wirksamkeit, Abweichungen und Folgemaßnahmen bewertet werden.
9001-8-2-2-customer-1;9001-8-2-2;ISO 9001;ISO 9001:2015 + Amd 1:2024;8.2.2;8;high;customer;Determining requirements for products and services;Určování požadavků na produkty a služby;Bestimmen von Anforderungen an Produkte und Dienstleistungen;How does clause 8.2.2 protect customer, contractual or stakeholder expectations in this process?;Jak článek 8.2.2 chrání očekávání zákazníka, smluvní nebo jiné relevantní požadavky v tomto procesu?;Wie schützt Abschnitt 8.2.2 Kunden-, Vertrags- oder relevante Stakeholderanforderungen in diesem Prozess?
9001-8-2-2-customer-2;9001-8-2-2;ISO 9001;ISO 9001:2015 + Amd 1:2024;8.2.2;8;high;customer;Determining requirements for products and services;Určování požadavků na produkty a služby;Bestimmen von Anforderungen an Produkte und Dienstleistungen;For a recent order, show all applicable requirements beyond the customer purchase order.;U nedávné objednávky ukažte všechny použitelné požadavky nad rámec zákaznické objednávky.;Für einen aktuellen Auftrag alle anwendbaren Anforderungen über die Kundenbestellung hinaus zeigen.
9001-8-2-2-customer-3;9001-8-2-2;ISO 9001;ISO 9001:2015 + Amd 1:2024;8.2.2;8;high;customer;Determining requirements for products and services;Určování požadavků na produkty a služby;Bestimmen von Anforderungen an Produkte und Dienstleistungen;Show one recent customer/project example and trace the requirement to objective evidence and escalation.;Ukažte jeden aktuální zákaznický/projektový příklad a sledujte požadavek k objektivnímu důkazu a eskalaci.;Ein aktuelles Kunden-/Projektbeispiel zeigen und die Anforderung bis zu objektivem Nachweis und Eskalation verfolgen.
9001-8-2-2-certification-1;9001-8-2-2;ISO 9001;ISO 9001:2015 + Amd 1:2024;8.2.2;8;high;certification;Determining requirements for products and services;Určování požadavků na produkty a služby;Bestimmen von Anforderungen an Produkte und Dienstleistungen;Which objective evidence demonstrates conformity and effective implementation of clause 8.2.2?;Který objektivní důkaz prokazuje shodu a účinné zavedení článku 8.2.2?;Welche objektiven Nachweise belegen Konformität und wirksame Umsetzung von Abschnitt 8.2.2?
9001-8-2-2-certification-2;9001-8-2-2;ISO 9001;ISO 9001:2015 + Amd 1:2024;8.2.2;8;high;certification;Determining requirements for products and services;Určování požadavků na produkty a služby;Bestimmen von Anforderungen an Produkte und Dienstleistungen;For a recent order, show all applicable requirements beyond the customer purchase order.;U nedávné objednávky ukažte všechny použitelné požadavky nad rámec zákaznické objednávky.;Für einen aktuellen Auftrag alle anwendbaren Anforderungen über die Kundenbestellung hinaus zeigen.
9001-8-2-2-certification-3;9001-8-2-2;ISO 9001;ISO 9001:2015 + Amd 1:2024;8.2.2;8;high;certification;Determining requirements for products and services;Určování požadavků na produkty a služby;Bestimmen von Anforderungen an Produkte und Dienstleistungen;How does this control interact with related clauses, and how are gaps classified and corrected?;Jak toto řízení souvisí s navazujícími články a jak se klasifikují a řeší mezery?;Wie wirkt diese Steuerung mit verwandten Abschnitten zusammen und wie werden Lücken klassifiziert und behoben?
9001-8-2-3-internal-1;9001-8-2-3;ISO 9001;ISO 9001:2015 + Amd 1:2024;8.2.3;8;high;internal;Review of requirements for products and services;Přezkoumání požadavků na produkty a služby;Überprüfung von Anforderungen an Produkte und Dienstleistungen;Show a contract review where a risk or ambiguity was identified and resolved before acceptance.;Ukažte přezkum smlouvy, při kterém bylo před přijetím identifikováno a vyřešeno riziko nebo nejasnost.;Eine Vertragsprüfung zeigen, bei der vor Annahme ein Risiko oder eine Unklarheit erkannt und geklärt wurde.
9001-8-2-3-internal-2;9001-8-2-3;ISO 9001;ISO 9001:2015 + Amd 1:2024;8.2.3;8;high;internal;Review of requirements for products and services;Přezkoumání požadavků na produkty a služby;Überprüfung von Anforderungen an Produkte und Dienstleistungen;How is review of requirements for products and services implemented in the selected process, and who owns the control?;Jak je v hodnoceném procesu zavedeno téma „Přezkoumání požadavků na produkty a služby“ a kdo vlastní příslušné řízení?;Wie ist „Überprüfung von Anforderungen an Produkte und Dienstleistungen“ im ausgewählten Prozess umgesetzt und wer verantwortet die Steuerung?
9001-8-2-3-internal-3;9001-8-2-3;ISO 9001;ISO 9001:2015 + Amd 1:2024;8.2.3;8;high;internal;Review of requirements for products and services;Přezkoumání požadavků na produkty a služby;Überprüfung von Anforderungen an Produkte und Dienstleistungen;Show a recent sample and explain how effectiveness, deviations and follow-up are evaluated.;Ukažte aktuální vzorek a vysvětlete, jak se hodnotí účinnost, odchylky a následná opatření.;Eine aktuelle Stichprobe zeigen und erläutern, wie Wirksamkeit, Abweichungen und Folgemaßnahmen bewertet werden.
9001-8-2-3-customer-1;9001-8-2-3;ISO 9001;ISO 9001:2015 + Amd 1:2024;8.2.3;8;high;customer;Review of requirements for products and services;Přezkoumání požadavků na produkty a služby;Überprüfung von Anforderungen an Produkte und Dienstleistungen;How does clause 8.2.3 protect customer, contractual or stakeholder expectations in this process?;Jak článek 8.2.3 chrání očekávání zákazníka, smluvní nebo jiné relevantní požadavky v tomto procesu?;Wie schützt Abschnitt 8.2.3 Kunden-, Vertrags- oder relevante Stakeholderanforderungen in diesem Prozess?
9001-8-2-3-customer-2;9001-8-2-3;ISO 9001;ISO 9001:2015 + Amd 1:2024;8.2.3;8;high;customer;Review of requirements for products and services;Přezkoumání požadavků na produkty a služby;Überprüfung von Anforderungen an Produkte und Dienstleistungen;Show a contract review where a risk or ambiguity was identified and resolved before acceptance.;Ukažte přezkum smlouvy, při kterém bylo před přijetím identifikováno a vyřešeno riziko nebo nejasnost.;Eine Vertragsprüfung zeigen, bei der vor Annahme ein Risiko oder eine Unklarheit erkannt und geklärt wurde.
9001-8-2-3-customer-3;9001-8-2-3;ISO 9001;ISO 9001:2015 + Amd 1:2024;8.2.3;8;high;customer;Review of requirements for products and services;Přezkoumání požadavků na produkty a služby;Überprüfung von Anforderungen an Produkte und Dienstleistungen;Show one recent customer/project example and trace the requirement to objective evidence and escalation.;Ukažte jeden aktuální zákaznický/projektový příklad a sledujte požadavek k objektivnímu důkazu a eskalaci.;Ein aktuelles Kunden-/Projektbeispiel zeigen und die Anforderung bis zu objektivem Nachweis und Eskalation verfolgen.
9001-8-2-3-certification-1;9001-8-2-3;ISO 9001;ISO 9001:2015 + Amd 1:2024;8.2.3;8;high;certification;Review of requirements for products and services;Přezkoumání požadavků na produkty a služby;Überprüfung von Anforderungen an Produkte und Dienstleistungen;Which objective evidence demonstrates conformity and effective implementation of clause 8.2.3?;Který objektivní důkaz prokazuje shodu a účinné zavedení článku 8.2.3?;Welche objektiven Nachweise belegen Konformität und wirksame Umsetzung von Abschnitt 8.2.3?
9001-8-2-3-certification-2;9001-8-2-3;ISO 9001;ISO 9001:2015 + Amd 1:2024;8.2.3;8;high;certification;Review of requirements for products and services;Přezkoumání požadavků na produkty a služby;Überprüfung von Anforderungen an Produkte und Dienstleistungen;Show a contract review where a risk or ambiguity was identified and resolved before acceptance.;Ukažte přezkum smlouvy, při kterém bylo před přijetím identifikováno a vyřešeno riziko nebo nejasnost.;Eine Vertragsprüfung zeigen, bei der vor Annahme ein Risiko oder eine Unklarheit erkannt und geklärt wurde.
9001-8-2-3-certification-3;9001-8-2-3;ISO 9001;ISO 9001:2015 + Amd 1:2024;8.2.3;8;high;certification;Review of requirements for products and services;Přezkoumání požadavků na produkty a služby;Überprüfung von Anforderungen an Produkte und Dienstleistungen;How does this control interact with related clauses, and how are gaps classified and corrected?;Jak toto řízení souvisí s navazujícími články a jak se klasifikují a řeší mezery?;Wie wirkt diese Steuerung mit verwandten Abschnitten zusammen und wie werden Lücken klassifiziert und behoben?
9001-8-2-4-internal-1;9001-8-2-4;ISO 9001;ISO 9001:2015 + Amd 1:2024;8.2.4;8;high;internal;Changes to requirements for products and services;Změny požadavků na produkty a služby;Änderungen von Anforderungen an Produkte und Dienstleistungen;Show how changes to requirements for products and services is implemented and verified in a recent example.;Ukažte, jak je téma „Změny požadavků na produkty a služby“ zavedeno a ověřeno na aktuálním příkladu.;An einem aktuellen Beispiel zeigen, wie „Änderungen von Anforderungen an Produkte und Dienstleistungen“ umgesetzt und verifiziert wird.
9001-8-2-4-internal-2;9001-8-2-4;ISO 9001;ISO 9001:2015 + Amd 1:2024;8.2.4;8;high;internal;Changes to requirements for products and services;Změny požadavků na produkty a služby;Änderungen von Anforderungen an Produkte und Dienstleistungen;How is changes to requirements for products and services implemented in the selected process, and who owns the control?;Jak je v hodnoceném procesu zavedeno téma „Změny požadavků na produkty a služby“ a kdo vlastní příslušné řízení?;Wie ist „Änderungen von Anforderungen an Produkte und Dienstleistungen“ im ausgewählten Prozess umgesetzt und wer verantwortet die Steuerung?
9001-8-2-4-internal-3;9001-8-2-4;ISO 9001;ISO 9001:2015 + Amd 1:2024;8.2.4;8;high;internal;Changes to requirements for products and services;Změny požadavků na produkty a služby;Änderungen von Anforderungen an Produkte und Dienstleistungen;Show a recent sample and explain how effectiveness, deviations and follow-up are evaluated.;Ukažte aktuální vzorek a vysvětlete, jak se hodnotí účinnost, odchylky a následná opatření.;Eine aktuelle Stichprobe zeigen und erläutern, wie Wirksamkeit, Abweichungen und Folgemaßnahmen bewertet werden.
9001-8-2-4-customer-1;9001-8-2-4;ISO 9001;ISO 9001:2015 + Amd 1:2024;8.2.4;8;high;customer;Changes to requirements for products and services;Změny požadavků na produkty a služby;Änderungen von Anforderungen an Produkte und Dienstleistungen;How does clause 8.2.4 protect customer, contractual or stakeholder expectations in this process?;Jak článek 8.2.4 chrání očekávání zákazníka, smluvní nebo jiné relevantní požadavky v tomto procesu?;Wie schützt Abschnitt 8.2.4 Kunden-, Vertrags- oder relevante Stakeholderanforderungen in diesem Prozess?
9001-8-2-4-customer-2;9001-8-2-4;ISO 9001;ISO 9001:2015 + Amd 1:2024;8.2.4;8;high;customer;Changes to requirements for products and services;Změny požadavků na produkty a služby;Änderungen von Anforderungen an Produkte und Dienstleistungen;Show how changes to requirements for products and services is implemented and verified in a recent example.;Ukažte, jak je téma „Změny požadavků na produkty a služby“ zavedeno a ověřeno na aktuálním příkladu.;An einem aktuellen Beispiel zeigen, wie „Änderungen von Anforderungen an Produkte und Dienstleistungen“ umgesetzt und verifiziert wird.
9001-8-2-4-customer-3;9001-8-2-4;ISO 9001;ISO 9001:2015 + Amd 1:2024;8.2.4;8;high;customer;Changes to requirements for products and services;Změny požadavků na produkty a služby;Änderungen von Anforderungen an Produkte und Dienstleistungen;Show one recent customer/project example and trace the requirement to objective evidence and escalation.;Ukažte jeden aktuální zákaznický/projektový příklad a sledujte požadavek k objektivnímu důkazu a eskalaci.;Ein aktuelles Kunden-/Projektbeispiel zeigen und die Anforderung bis zu objektivem Nachweis und Eskalation verfolgen.
9001-8-2-4-certification-1;9001-8-2-4;ISO 9001;ISO 9001:2015 + Amd 1:2024;8.2.4;8;high;certification;Changes to requirements for products and services;Změny požadavků na produkty a služby;Änderungen von Anforderungen an Produkte und Dienstleistungen;Which objective evidence demonstrates conformity and effective implementation of clause 8.2.4?;Který objektivní důkaz prokazuje shodu a účinné zavedení článku 8.2.4?;Welche objektiven Nachweise belegen Konformität und wirksame Umsetzung von Abschnitt 8.2.4?
9001-8-2-4-certification-2;9001-8-2-4;ISO 9001;ISO 9001:2015 + Amd 1:2024;8.2.4;8;high;certification;Changes to requirements for products and services;Změny požadavků na produkty a služby;Änderungen von Anforderungen an Produkte und Dienstleistungen;Show how changes to requirements for products and services is implemented and verified in a recent example.;Ukažte, jak je téma „Změny požadavků na produkty a služby“ zavedeno a ověřeno na aktuálním příkladu.;An einem aktuellen Beispiel zeigen, wie „Änderungen von Anforderungen an Produkte und Dienstleistungen“ umgesetzt und verifiziert wird.
9001-8-2-4-certification-3;9001-8-2-4;ISO 9001;ISO 9001:2015 + Amd 1:2024;8.2.4;8;high;certification;Changes to requirements for products and services;Změny požadavků na produkty a služby;Änderungen von Anforderungen an Produkte und Dienstleistungen;How does this control interact with related clauses, and how are gaps classified and corrected?;Jak toto řízení souvisí s navazujícími články a jak se klasifikují a řeší mezery?;Wie wirkt diese Steuerung mit verwandten Abschnitten zusammen und wie werden Lücken klassifiziert und behoben?
9001-8-3-1-internal-1;9001-8-3-1;ISO 9001;ISO 9001:2015 + Amd 1:2024;8.3.1;8;high;internal;Design and development — general;Návrh a vývoj — obecně;Entwicklung — Allgemeines;Who owns design authority, and which activities are genuinely outside the organization’s responsibility?;Kdo vlastní konstrukční pravomoc a které činnosti jsou skutečně mimo odpovědnost organizace?;Wer besitzt Entwicklungshoheit und welche Tätigkeiten liegen tatsächlich außerhalb der Verantwortung der Organisation?
9001-8-3-1-internal-2;9001-8-3-1;ISO 9001;ISO 9001:2015 + Amd 1:2024;8.3.1;8;high;internal;Design and development — general;Návrh a vývoj — obecně;Entwicklung — Allgemeines;How is design and development — general implemented in the selected process, and who owns the control?;Jak je v hodnoceném procesu zavedeno téma „Návrh a vývoj — obecně“ a kdo vlastní příslušné řízení?;Wie ist „Entwicklung — Allgemeines“ im ausgewählten Prozess umgesetzt und wer verantwortet die Steuerung?
9001-8-3-1-internal-3;9001-8-3-1;ISO 9001;ISO 9001:2015 + Amd 1:2024;8.3.1;8;high;internal;Design and development — general;Návrh a vývoj — obecně;Entwicklung — Allgemeines;Show a recent sample and explain how effectiveness, deviations and follow-up are evaluated.;Ukažte aktuální vzorek a vysvětlete, jak se hodnotí účinnost, odchylky a následná opatření.;Eine aktuelle Stichprobe zeigen und erläutern, wie Wirksamkeit, Abweichungen und Folgemaßnahmen bewertet werden.
9001-8-3-1-customer-1;9001-8-3-1;ISO 9001;ISO 9001:2015 + Amd 1:2024;8.3.1;8;high;customer;Design and development — general;Návrh a vývoj — obecně;Entwicklung — Allgemeines;How does clause 8.3.1 protect customer, contractual or stakeholder expectations in this process?;Jak článek 8.3.1 chrání očekávání zákazníka, smluvní nebo jiné relevantní požadavky v tomto procesu?;Wie schützt Abschnitt 8.3.1 Kunden-, Vertrags- oder relevante Stakeholderanforderungen in diesem Prozess?
9001-8-3-1-customer-2;9001-8-3-1;ISO 9001;ISO 9001:2015 + Amd 1:2024;8.3.1;8;high;customer;Design and development — general;Návrh a vývoj — obecně;Entwicklung — Allgemeines;Who owns design authority, and which activities are genuinely outside the organization’s responsibility?;Kdo vlastní konstrukční pravomoc a které činnosti jsou skutečně mimo odpovědnost organizace?;Wer besitzt Entwicklungshoheit und welche Tätigkeiten liegen tatsächlich außerhalb der Verantwortung der Organisation?
9001-8-3-1-customer-3;9001-8-3-1;ISO 9001;ISO 9001:2015 + Amd 1:2024;8.3.1;8;high;customer;Design and development — general;Návrh a vývoj — obecně;Entwicklung — Allgemeines;Show one recent customer/project example and trace the requirement to objective evidence and escalation.;Ukažte jeden aktuální zákaznický/projektový příklad a sledujte požadavek k objektivnímu důkazu a eskalaci.;Ein aktuelles Kunden-/Projektbeispiel zeigen und die Anforderung bis zu objektivem Nachweis und Eskalation verfolgen.
9001-8-3-1-certification-1;9001-8-3-1;ISO 9001;ISO 9001:2015 + Amd 1:2024;8.3.1;8;high;certification;Design and development — general;Návrh a vývoj — obecně;Entwicklung — Allgemeines;Which objective evidence demonstrates conformity and effective implementation of clause 8.3.1?;Který objektivní důkaz prokazuje shodu a účinné zavedení článku 8.3.1?;Welche objektiven Nachweise belegen Konformität und wirksame Umsetzung von Abschnitt 8.3.1?
9001-8-3-1-certification-2;9001-8-3-1;ISO 9001;ISO 9001:2015 + Amd 1:2024;8.3.1;8;high;certification;Design and development — general;Návrh a vývoj — obecně;Entwicklung — Allgemeines;Who owns design authority, and which activities are genuinely outside the organization’s responsibility?;Kdo vlastní konstrukční pravomoc a které činnosti jsou skutečně mimo odpovědnost organizace?;Wer besitzt Entwicklungshoheit und welche Tätigkeiten liegen tatsächlich außerhalb der Verantwortung der Organisation?
9001-8-3-1-certification-3;9001-8-3-1;ISO 9001;ISO 9001:2015 + Amd 1:2024;8.3.1;8;high;certification;Design and development — general;Návrh a vývoj — obecně;Entwicklung — Allgemeines;How does this control interact with related clauses, and how are gaps classified and corrected?;Jak toto řízení souvisí s navazujícími články a jak se klasifikují a řeší mezery?;Wie wirkt diese Steuerung mit verwandten Abschnitten zusammen und wie werden Lücken klassifiziert und behoben?
9001-8-3-2-internal-1;9001-8-3-2;ISO 9001;ISO 9001:2015 + Amd 1:2024;8.3.2;8;high;internal;Design and development planning;Plánování návrhu a vývoje;Entwicklungsplanung;Show how design gates prevent progression with unresolved critical risks.;Ukažte, jak konstrukční brány brání postupu s nevyřešenými kritickými riziky.;Zeigen, wie Entwicklungs-Gates das Fortschreiten mit offenen kritischen Risiken verhindern.
9001-8-3-2-internal-2;9001-8-3-2;ISO 9001;ISO 9001:2015 + Amd 1:2024;8.3.2;8;high;internal;Design and development planning;Plánování návrhu a vývoje;Entwicklungsplanung;How is design and development planning implemented in the selected process, and who owns the control?;Jak je v hodnoceném procesu zavedeno téma „Plánování návrhu a vývoje“ a kdo vlastní příslušné řízení?;Wie ist „Entwicklungsplanung“ im ausgewählten Prozess umgesetzt und wer verantwortet die Steuerung?
9001-8-3-2-internal-3;9001-8-3-2;ISO 9001;ISO 9001:2015 + Amd 1:2024;8.3.2;8;high;internal;Design and development planning;Plánování návrhu a vývoje;Entwicklungsplanung;Show a recent sample and explain how effectiveness, deviations and follow-up are evaluated.;Ukažte aktuální vzorek a vysvětlete, jak se hodnotí účinnost, odchylky a následná opatření.;Eine aktuelle Stichprobe zeigen und erläutern, wie Wirksamkeit, Abweichungen und Folgemaßnahmen bewertet werden.
9001-8-3-2-customer-1;9001-8-3-2;ISO 9001;ISO 9001:2015 + Amd 1:2024;8.3.2;8;high;customer;Design and development planning;Plánování návrhu a vývoje;Entwicklungsplanung;How does clause 8.3.2 protect customer, contractual or stakeholder expectations in this process?;Jak článek 8.3.2 chrání očekávání zákazníka, smluvní nebo jiné relevantní požadavky v tomto procesu?;Wie schützt Abschnitt 8.3.2 Kunden-, Vertrags- oder relevante Stakeholderanforderungen in diesem Prozess?
9001-8-3-2-customer-2;9001-8-3-2;ISO 9001;ISO 9001:2015 + Amd 1:2024;8.3.2;8;high;customer;Design and development planning;Plánování návrhu a vývoje;Entwicklungsplanung;Show how design gates prevent progression with unresolved critical risks.;Ukažte, jak konstrukční brány brání postupu s nevyřešenými kritickými riziky.;Zeigen, wie Entwicklungs-Gates das Fortschreiten mit offenen kritischen Risiken verhindern.
9001-8-3-2-customer-3;9001-8-3-2;ISO 9001;ISO 9001:2015 + Amd 1:2024;8.3.2;8;high;customer;Design and development planning;Plánování návrhu a vývoje;Entwicklungsplanung;Show one recent customer/project example and trace the requirement to objective evidence and escalation.;Ukažte jeden aktuální zákaznický/projektový příklad a sledujte požadavek k objektivnímu důkazu a eskalaci.;Ein aktuelles Kunden-/Projektbeispiel zeigen und die Anforderung bis zu objektivem Nachweis und Eskalation verfolgen.
9001-8-3-2-certification-1;9001-8-3-2;ISO 9001;ISO 9001:2015 + Amd 1:2024;8.3.2;8;high;certification;Design and development planning;Plánování návrhu a vývoje;Entwicklungsplanung;Which objective evidence demonstrates conformity and effective implementation of clause 8.3.2?;Který objektivní důkaz prokazuje shodu a účinné zavedení článku 8.3.2?;Welche objektiven Nachweise belegen Konformität und wirksame Umsetzung von Abschnitt 8.3.2?
9001-8-3-2-certification-2;9001-8-3-2;ISO 9001;ISO 9001:2015 + Amd 1:2024;8.3.2;8;high;certification;Design and development planning;Plánování návrhu a vývoje;Entwicklungsplanung;Show how design gates prevent progression with unresolved critical risks.;Ukažte, jak konstrukční brány brání postupu s nevyřešenými kritickými riziky.;Zeigen, wie Entwicklungs-Gates das Fortschreiten mit offenen kritischen Risiken verhindern.
9001-8-3-2-certification-3;9001-8-3-2;ISO 9001;ISO 9001:2015 + Amd 1:2024;8.3.2;8;high;certification;Design and development planning;Plánování návrhu a vývoje;Entwicklungsplanung;How does this control interact with related clauses, and how are gaps classified and corrected?;Jak toto řízení souvisí s navazujícími články a jak se klasifikují a řeší mezery?;Wie wirkt diese Steuerung mit verwandten Abschnitten zusammen und wie werden Lücken klassifiziert und behoben?
9001-8-3-3-internal-1;9001-8-3-3;ISO 9001;ISO 9001:2015 + Amd 1:2024;8.3.3;8;high;internal;Design and development inputs;Vstupy návrhu a vývoje;Entwicklungseingaben;Select one critical design input and show its source, acceptance criterion and conflict resolution.;Vyberte jeden kritický vstup návrhu a ukažte jeho zdroj, přejímací kritérium a řešení rozporů.;Eine kritische Entwicklungseingabe auswählen und Quelle, Annahmekriterium und Konfliktklärung zeigen.
9001-8-3-3-internal-2;9001-8-3-3;ISO 9001;ISO 9001:2015 + Amd 1:2024;8.3.3;8;high;internal;Design and development inputs;Vstupy návrhu a vývoje;Entwicklungseingaben;How is design and development inputs implemented in the selected process, and who owns the control?;Jak je v hodnoceném procesu zavedeno téma „Vstupy návrhu a vývoje“ a kdo vlastní příslušné řízení?;Wie ist „Entwicklungseingaben“ im ausgewählten Prozess umgesetzt und wer verantwortet die Steuerung?
9001-8-3-3-internal-3;9001-8-3-3;ISO 9001;ISO 9001:2015 + Amd 1:2024;8.3.3;8;high;internal;Design and development inputs;Vstupy návrhu a vývoje;Entwicklungseingaben;Show a recent sample and explain how effectiveness, deviations and follow-up are evaluated.;Ukažte aktuální vzorek a vysvětlete, jak se hodnotí účinnost, odchylky a následná opatření.;Eine aktuelle Stichprobe zeigen und erläutern, wie Wirksamkeit, Abweichungen und Folgemaßnahmen bewertet werden.
9001-8-3-3-customer-1;9001-8-3-3;ISO 9001;ISO 9001:2015 + Amd 1:2024;8.3.3;8;high;customer;Design and development inputs;Vstupy návrhu a vývoje;Entwicklungseingaben;How does clause 8.3.3 protect customer, contractual or stakeholder expectations in this process?;Jak článek 8.3.3 chrání očekávání zákazníka, smluvní nebo jiné relevantní požadavky v tomto procesu?;Wie schützt Abschnitt 8.3.3 Kunden-, Vertrags- oder relevante Stakeholderanforderungen in diesem Prozess?
9001-8-3-3-customer-2;9001-8-3-3;ISO 9001;ISO 9001:2015 + Amd 1:2024;8.3.3;8;high;customer;Design and development inputs;Vstupy návrhu a vývoje;Entwicklungseingaben;Select one critical design input and show its source, acceptance criterion and conflict resolution.;Vyberte jeden kritický vstup návrhu a ukažte jeho zdroj, přejímací kritérium a řešení rozporů.;Eine kritische Entwicklungseingabe auswählen und Quelle, Annahmekriterium und Konfliktklärung zeigen.
9001-8-3-3-customer-3;9001-8-3-3;ISO 9001;ISO 9001:2015 + Amd 1:2024;8.3.3;8;high;customer;Design and development inputs;Vstupy návrhu a vývoje;Entwicklungseingaben;Show one recent customer/project example and trace the requirement to objective evidence and escalation.;Ukažte jeden aktuální zákaznický/projektový příklad a sledujte požadavek k objektivnímu důkazu a eskalaci.;Ein aktuelles Kunden-/Projektbeispiel zeigen und die Anforderung bis zu objektivem Nachweis und Eskalation verfolgen.
9001-8-3-3-certification-1;9001-8-3-3;ISO 9001;ISO 9001:2015 + Amd 1:2024;8.3.3;8;high;certification;Design and development inputs;Vstupy návrhu a vývoje;Entwicklungseingaben;Which objective evidence demonstrates conformity and effective implementation of clause 8.3.3?;Který objektivní důkaz prokazuje shodu a účinné zavedení článku 8.3.3?;Welche objektiven Nachweise belegen Konformität und wirksame Umsetzung von Abschnitt 8.3.3?
9001-8-3-3-certification-2;9001-8-3-3;ISO 9001;ISO 9001:2015 + Amd 1:2024;8.3.3;8;high;certification;Design and development inputs;Vstupy návrhu a vývoje;Entwicklungseingaben;Select one critical design input and show its source, acceptance criterion and conflict resolution.;Vyberte jeden kritický vstup návrhu a ukažte jeho zdroj, přejímací kritérium a řešení rozporů.;Eine kritische Entwicklungseingabe auswählen und Quelle, Annahmekriterium und Konfliktklärung zeigen.
9001-8-3-3-certification-3;9001-8-3-3;ISO 9001;ISO 9001:2015 + Amd 1:2024;8.3.3;8;high;certification;Design and development inputs;Vstupy návrhu a vývoje;Entwicklungseingaben;How does this control interact with related clauses, and how are gaps classified and corrected?;Jak toto řízení souvisí s navazujícími články a jak se klasifikují a řeší mezery?;Wie wirkt diese Steuerung mit verwandten Abschnitten zusammen und wie werden Lücken klassifiziert und behoben?
9001-8-3-4-internal-1;9001-8-3-4;ISO 9001;ISO 9001:2015 + Amd 1:2024;8.3.4;8;high;internal;Design and development controls;Řízení návrhu a vývoje;Entwicklungssteuerung;Show objective evidence that validation represented the intended and worst-relevant use conditions.;Ukažte objektivní důkaz, že validace reprezentovala zamýšlené a relevantní nejhorší podmínky použití.;Objektive Nachweise zeigen, dass die Validierung beabsichtigte und relevante ungünstigste Einsatzbedingungen abdeckte.
9001-8-3-4-internal-2;9001-8-3-4;ISO 9001;ISO 9001:2015 + Amd 1:2024;8.3.4;8;high;internal;Design and development controls;Řízení návrhu a vývoje;Entwicklungssteuerung;How is design and development controls implemented in the selected process, and who owns the control?;Jak je v hodnoceném procesu zavedeno téma „Řízení návrhu a vývoje“ a kdo vlastní příslušné řízení?;Wie ist „Entwicklungssteuerung“ im ausgewählten Prozess umgesetzt und wer verantwortet die Steuerung?
9001-8-3-4-internal-3;9001-8-3-4;ISO 9001;ISO 9001:2015 + Amd 1:2024;8.3.4;8;high;internal;Design and development controls;Řízení návrhu a vývoje;Entwicklungssteuerung;Show a recent sample and explain how effectiveness, deviations and follow-up are evaluated.;Ukažte aktuální vzorek a vysvětlete, jak se hodnotí účinnost, odchylky a následná opatření.;Eine aktuelle Stichprobe zeigen und erläutern, wie Wirksamkeit, Abweichungen und Folgemaßnahmen bewertet werden.
9001-8-3-4-customer-1;9001-8-3-4;ISO 9001;ISO 9001:2015 + Amd 1:2024;8.3.4;8;high;customer;Design and development controls;Řízení návrhu a vývoje;Entwicklungssteuerung;How does clause 8.3.4 protect customer, contractual or stakeholder expectations in this process?;Jak článek 8.3.4 chrání očekávání zákazníka, smluvní nebo jiné relevantní požadavky v tomto procesu?;Wie schützt Abschnitt 8.3.4 Kunden-, Vertrags- oder relevante Stakeholderanforderungen in diesem Prozess?
9001-8-3-4-customer-2;9001-8-3-4;ISO 9001;ISO 9001:2015 + Amd 1:2024;8.3.4;8;high;customer;Design and development controls;Řízení návrhu a vývoje;Entwicklungssteuerung;Show objective evidence that validation represented the intended and worst-relevant use conditions.;Ukažte objektivní důkaz, že validace reprezentovala zamýšlené a relevantní nejhorší podmínky použití.;Objektive Nachweise zeigen, dass die Validierung beabsichtigte und relevante ungünstigste Einsatzbedingungen abdeckte.
9001-8-3-4-customer-3;9001-8-3-4;ISO 9001;ISO 9001:2015 + Amd 1:2024;8.3.4;8;high;customer;Design and development controls;Řízení návrhu a vývoje;Entwicklungssteuerung;Show one recent customer/project example and trace the requirement to objective evidence and escalation.;Ukažte jeden aktuální zákaznický/projektový příklad a sledujte požadavek k objektivnímu důkazu a eskalaci.;Ein aktuelles Kunden-/Projektbeispiel zeigen und die Anforderung bis zu objektivem Nachweis und Eskalation verfolgen.
9001-8-3-4-certification-1;9001-8-3-4;ISO 9001;ISO 9001:2015 + Amd 1:2024;8.3.4;8;high;certification;Design and development controls;Řízení návrhu a vývoje;Entwicklungssteuerung;Which objective evidence demonstrates conformity and effective implementation of clause 8.3.4?;Který objektivní důkaz prokazuje shodu a účinné zavedení článku 8.3.4?;Welche objektiven Nachweise belegen Konformität und wirksame Umsetzung von Abschnitt 8.3.4?
9001-8-3-4-certification-2;9001-8-3-4;ISO 9001;ISO 9001:2015 + Amd 1:2024;8.3.4;8;high;certification;Design and development controls;Řízení návrhu a vývoje;Entwicklungssteuerung;Show objective evidence that validation represented the intended and worst-relevant use conditions.;Ukažte objektivní důkaz, že validace reprezentovala zamýšlené a relevantní nejhorší podmínky použití.;Objektive Nachweise zeigen, dass die Validierung beabsichtigte und relevante ungünstigste Einsatzbedingungen abdeckte.
9001-8-3-4-certification-3;9001-8-3-4;ISO 9001;ISO 9001:2015 + Amd 1:2024;8.3.4;8;high;certification;Design and development controls;Řízení návrhu a vývoje;Entwicklungssteuerung;How does this control interact with related clauses, and how are gaps classified and corrected?;Jak toto řízení souvisí s navazujícími články a jak se klasifikují a řeší mezery?;Wie wirkt diese Steuerung mit verwandten Abschnitten zusammen und wie werden Lücken klassifiziert und behoben?
9001-8-3-5-internal-1;9001-8-3-5;ISO 9001;ISO 9001:2015 + Amd 1:2024;8.3.5;8;high;internal;Design and development outputs;Výstupy návrhu a vývoje;Entwicklungsergebnisse;Can downstream users execute and verify the design without undocumented assumptions?;Mohou navazující uživatelé návrh provést a ověřit bez nezdokumentovaných předpokladů?;Können nachgelagerte Anwender die Entwicklung ohne undokumentierte Annahmen umsetzen und prüfen?
9001-8-3-5-internal-2;9001-8-3-5;ISO 9001;ISO 9001:2015 + Amd 1:2024;8.3.5;8;high;internal;Design and development outputs;Výstupy návrhu a vývoje;Entwicklungsergebnisse;How is design and development outputs implemented in the selected process, and who owns the control?;Jak je v hodnoceném procesu zavedeno téma „Výstupy návrhu a vývoje“ a kdo vlastní příslušné řízení?;Wie ist „Entwicklungsergebnisse“ im ausgewählten Prozess umgesetzt und wer verantwortet die Steuerung?
9001-8-3-5-internal-3;9001-8-3-5;ISO 9001;ISO 9001:2015 + Amd 1:2024;8.3.5;8;high;internal;Design and development outputs;Výstupy návrhu a vývoje;Entwicklungsergebnisse;Show a recent sample and explain how effectiveness, deviations and follow-up are evaluated.;Ukažte aktuální vzorek a vysvětlete, jak se hodnotí účinnost, odchylky a následná opatření.;Eine aktuelle Stichprobe zeigen und erläutern, wie Wirksamkeit, Abweichungen und Folgemaßnahmen bewertet werden.
9001-8-3-5-customer-1;9001-8-3-5;ISO 9001;ISO 9001:2015 + Amd 1:2024;8.3.5;8;high;customer;Design and development outputs;Výstupy návrhu a vývoje;Entwicklungsergebnisse;How does clause 8.3.5 protect customer, contractual or stakeholder expectations in this process?;Jak článek 8.3.5 chrání očekávání zákazníka, smluvní nebo jiné relevantní požadavky v tomto procesu?;Wie schützt Abschnitt 8.3.5 Kunden-, Vertrags- oder relevante Stakeholderanforderungen in diesem Prozess?
9001-8-3-5-customer-2;9001-8-3-5;ISO 9001;ISO 9001:2015 + Amd 1:2024;8.3.5;8;high;customer;Design and development outputs;Výstupy návrhu a vývoje;Entwicklungsergebnisse;Can downstream users execute and verify the design without undocumented assumptions?;Mohou navazující uživatelé návrh provést a ověřit bez nezdokumentovaných předpokladů?;Können nachgelagerte Anwender die Entwicklung ohne undokumentierte Annahmen umsetzen und prüfen?
9001-8-3-5-customer-3;9001-8-3-5;ISO 9001;ISO 9001:2015 + Amd 1:2024;8.3.5;8;high;customer;Design and development outputs;Výstupy návrhu a vývoje;Entwicklungsergebnisse;Show one recent customer/project example and trace the requirement to objective evidence and escalation.;Ukažte jeden aktuální zákaznický/projektový příklad a sledujte požadavek k objektivnímu důkazu a eskalaci.;Ein aktuelles Kunden-/Projektbeispiel zeigen und die Anforderung bis zu objektivem Nachweis und Eskalation verfolgen.
9001-8-3-5-certification-1;9001-8-3-5;ISO 9001;ISO 9001:2015 + Amd 1:2024;8.3.5;8;high;certification;Design and development outputs;Výstupy návrhu a vývoje;Entwicklungsergebnisse;Which objective evidence demonstrates conformity and effective implementation of clause 8.3.5?;Který objektivní důkaz prokazuje shodu a účinné zavedení článku 8.3.5?;Welche objektiven Nachweise belegen Konformität und wirksame Umsetzung von Abschnitt 8.3.5?
9001-8-3-5-certification-2;9001-8-3-5;ISO 9001;ISO 9001:2015 + Amd 1:2024;8.3.5;8;high;certification;Design and development outputs;Výstupy návrhu a vývoje;Entwicklungsergebnisse;Can downstream users execute and verify the design without undocumented assumptions?;Mohou navazující uživatelé návrh provést a ověřit bez nezdokumentovaných předpokladů?;Können nachgelagerte Anwender die Entwicklung ohne undokumentierte Annahmen umsetzen und prüfen?
9001-8-3-5-certification-3;9001-8-3-5;ISO 9001;ISO 9001:2015 + Amd 1:2024;8.3.5;8;high;certification;Design and development outputs;Výstupy návrhu a vývoje;Entwicklungsergebnisse;How does this control interact with related clauses, and how are gaps classified and corrected?;Jak toto řízení souvisí s navazujícími články a jak se klasifikují a řeší mezery?;Wie wirkt diese Steuerung mit verwandten Abschnitten zusammen und wie werden Lücken klassifiziert und behoben?
9001-8-3-6-internal-1;9001-8-3-6;ISO 9001;ISO 9001:2015 + Amd 1:2024;8.3.6;8;high;internal;Design and development changes;Změny návrhu a vývoje;Entwicklungsänderungen;Show how design and development changes is implemented and verified in a recent example.;Ukažte, jak je téma „Změny návrhu a vývoje“ zavedeno a ověřeno na aktuálním příkladu.;An einem aktuellen Beispiel zeigen, wie „Entwicklungsänderungen“ umgesetzt und verifiziert wird.
9001-8-3-6-internal-2;9001-8-3-6;ISO 9001;ISO 9001:2015 + Amd 1:2024;8.3.6;8;high;internal;Design and development changes;Změny návrhu a vývoje;Entwicklungsänderungen;How is design and development changes implemented in the selected process, and who owns the control?;Jak je v hodnoceném procesu zavedeno téma „Změny návrhu a vývoje“ a kdo vlastní příslušné řízení?;Wie ist „Entwicklungsänderungen“ im ausgewählten Prozess umgesetzt und wer verantwortet die Steuerung?
9001-8-3-6-internal-3;9001-8-3-6;ISO 9001;ISO 9001:2015 + Amd 1:2024;8.3.6;8;high;internal;Design and development changes;Změny návrhu a vývoje;Entwicklungsänderungen;Show a recent sample and explain how effectiveness, deviations and follow-up are evaluated.;Ukažte aktuální vzorek a vysvětlete, jak se hodnotí účinnost, odchylky a následná opatření.;Eine aktuelle Stichprobe zeigen und erläutern, wie Wirksamkeit, Abweichungen und Folgemaßnahmen bewertet werden.
9001-8-3-6-customer-1;9001-8-3-6;ISO 9001;ISO 9001:2015 + Amd 1:2024;8.3.6;8;high;customer;Design and development changes;Změny návrhu a vývoje;Entwicklungsänderungen;How does clause 8.3.6 protect customer, contractual or stakeholder expectations in this process?;Jak článek 8.3.6 chrání očekávání zákazníka, smluvní nebo jiné relevantní požadavky v tomto procesu?;Wie schützt Abschnitt 8.3.6 Kunden-, Vertrags- oder relevante Stakeholderanforderungen in diesem Prozess?
9001-8-3-6-customer-2;9001-8-3-6;ISO 9001;ISO 9001:2015 + Amd 1:2024;8.3.6;8;high;customer;Design and development changes;Změny návrhu a vývoje;Entwicklungsänderungen;Show how design and development changes is implemented and verified in a recent example.;Ukažte, jak je téma „Změny návrhu a vývoje“ zavedeno a ověřeno na aktuálním příkladu.;An einem aktuellen Beispiel zeigen, wie „Entwicklungsänderungen“ umgesetzt und verifiziert wird.
9001-8-3-6-customer-3;9001-8-3-6;ISO 9001;ISO 9001:2015 + Amd 1:2024;8.3.6;8;high;customer;Design and development changes;Změny návrhu a vývoje;Entwicklungsänderungen;Show one recent customer/project example and trace the requirement to objective evidence and escalation.;Ukažte jeden aktuální zákaznický/projektový příklad a sledujte požadavek k objektivnímu důkazu a eskalaci.;Ein aktuelles Kunden-/Projektbeispiel zeigen und die Anforderung bis zu objektivem Nachweis und Eskalation verfolgen.
9001-8-3-6-certification-1;9001-8-3-6;ISO 9001;ISO 9001:2015 + Amd 1:2024;8.3.6;8;high;certification;Design and development changes;Změny návrhu a vývoje;Entwicklungsänderungen;Which objective evidence demonstrates conformity and effective implementation of clause 8.3.6?;Který objektivní důkaz prokazuje shodu a účinné zavedení článku 8.3.6?;Welche objektiven Nachweise belegen Konformität und wirksame Umsetzung von Abschnitt 8.3.6?
9001-8-3-6-certification-2;9001-8-3-6;ISO 9001;ISO 9001:2015 + Amd 1:2024;8.3.6;8;high;certification;Design and development changes;Změny návrhu a vývoje;Entwicklungsänderungen;Show how design and development changes is implemented and verified in a recent example.;Ukažte, jak je téma „Změny návrhu a vývoje“ zavedeno a ověřeno na aktuálním příkladu.;An einem aktuellen Beispiel zeigen, wie „Entwicklungsänderungen“ umgesetzt und verifiziert wird.
9001-8-3-6-certification-3;9001-8-3-6;ISO 9001;ISO 9001:2015 + Amd 1:2024;8.3.6;8;high;certification;Design and development changes;Změny návrhu a vývoje;Entwicklungsänderungen;How does this control interact with related clauses, and how are gaps classified and corrected?;Jak toto řízení souvisí s navazujícími články a jak se klasifikují a řeší mezery?;Wie wirkt diese Steuerung mit verwandten Abschnitten zusammen und wie werden Lücken klassifiziert und behoben?
9001-8-4-1-internal-1;9001-8-4-1;ISO 9001;ISO 9001:2015 + Amd 1:2024;8.4.1;8;high;internal;Control of externally provided processes, products and services — general;Řízení externě poskytovaných procesů, produktů a služeb — obecně;Steuerung extern bereitgestellter Prozesse, Produkte und Dienstleistungen — Allgemeines;Select one critical supplier and trace qualification, approval, performance, changes and re-evaluation.;Vyberte jednoho kritického dodavatele a sledujte kvalifikaci, schválení, výkonnost, změny a přehodnocení.;Einen kritischen Lieferanten auswählen und Qualifizierung, Freigabe, Leistung, Änderungen und Neubewertung verfolgen.
9001-8-4-1-internal-2;9001-8-4-1;ISO 9001;ISO 9001:2015 + Amd 1:2024;8.4.1;8;high;internal;Control of externally provided processes, products and services — general;Řízení externě poskytovaných procesů, produktů a služeb — obecně;Steuerung extern bereitgestellter Prozesse, Produkte und Dienstleistungen — Allgemeines;How is control of externally provided processes, products and services — general implemented in the selected process, and who owns the control?;Jak je v hodnoceném procesu zavedeno téma „Řízení externě poskytovaných procesů, produktů a služeb — obecně“ a kdo vlastní příslušné řízení?;Wie ist „Steuerung extern bereitgestellter Prozesse, Produkte und Dienstleistungen — Allgemeines“ im ausgewählten Prozess umgesetzt und wer verantwortet die Steuerung?
9001-8-4-1-internal-3;9001-8-4-1;ISO 9001;ISO 9001:2015 + Amd 1:2024;8.4.1;8;high;internal;Control of externally provided processes, products and services — general;Řízení externě poskytovaných procesů, produktů a služeb — obecně;Steuerung extern bereitgestellter Prozesse, Produkte und Dienstleistungen — Allgemeines;Show a recent sample and explain how effectiveness, deviations and follow-up are evaluated.;Ukažte aktuální vzorek a vysvětlete, jak se hodnotí účinnost, odchylky a následná opatření.;Eine aktuelle Stichprobe zeigen und erläutern, wie Wirksamkeit, Abweichungen und Folgemaßnahmen bewertet werden.
9001-8-4-1-customer-1;9001-8-4-1;ISO 9001;ISO 9001:2015 + Amd 1:2024;8.4.1;8;high;customer;Control of externally provided processes, products and services — general;Řízení externě poskytovaných procesů, produktů a služeb — obecně;Steuerung extern bereitgestellter Prozesse, Produkte und Dienstleistungen — Allgemeines;How does clause 8.4.1 protect customer, contractual or stakeholder expectations in this process?;Jak článek 8.4.1 chrání očekávání zákazníka, smluvní nebo jiné relevantní požadavky v tomto procesu?;Wie schützt Abschnitt 8.4.1 Kunden-, Vertrags- oder relevante Stakeholderanforderungen in diesem Prozess?
9001-8-4-1-customer-2;9001-8-4-1;ISO 9001;ISO 9001:2015 + Amd 1:2024;8.4.1;8;high;customer;Control of externally provided processes, products and services — general;Řízení externě poskytovaných procesů, produktů a služeb — obecně;Steuerung extern bereitgestellter Prozesse, Produkte und Dienstleistungen — Allgemeines;Select one critical supplier and trace qualification, approval, performance, changes and re-evaluation.;Vyberte jednoho kritického dodavatele a sledujte kvalifikaci, schválení, výkonnost, změny a přehodnocení.;Einen kritischen Lieferanten auswählen und Qualifizierung, Freigabe, Leistung, Änderungen und Neubewertung verfolgen.
9001-8-4-1-customer-3;9001-8-4-1;ISO 9001;ISO 9001:2015 + Amd 1:2024;8.4.1;8;high;customer;Control of externally provided processes, products and services — general;Řízení externě poskytovaných procesů, produktů a služeb — obecně;Steuerung extern bereitgestellter Prozesse, Produkte und Dienstleistungen — Allgemeines;Show one recent customer/project example and trace the requirement to objective evidence and escalation.;Ukažte jeden aktuální zákaznický/projektový příklad a sledujte požadavek k objektivnímu důkazu a eskalaci.;Ein aktuelles Kunden-/Projektbeispiel zeigen und die Anforderung bis zu objektivem Nachweis und Eskalation verfolgen.
9001-8-4-1-certification-1;9001-8-4-1;ISO 9001;ISO 9001:2015 + Amd 1:2024;8.4.1;8;high;certification;Control of externally provided processes, products and services — general;Řízení externě poskytovaných procesů, produktů a služeb — obecně;Steuerung extern bereitgestellter Prozesse, Produkte und Dienstleistungen — Allgemeines;Which objective evidence demonstrates conformity and effective implementation of clause 8.4.1?;Který objektivní důkaz prokazuje shodu a účinné zavedení článku 8.4.1?;Welche objektiven Nachweise belegen Konformität und wirksame Umsetzung von Abschnitt 8.4.1?
9001-8-4-1-certification-2;9001-8-4-1;ISO 9001;ISO 9001:2015 + Amd 1:2024;8.4.1;8;high;certification;Control of externally provided processes, products and services — general;Řízení externě poskytovaných procesů, produktů a služeb — obecně;Steuerung extern bereitgestellter Prozesse, Produkte und Dienstleistungen — Allgemeines;Select one critical supplier and trace qualification, approval, performance, changes and re-evaluation.;Vyberte jednoho kritického dodavatele a sledujte kvalifikaci, schválení, výkonnost, změny a přehodnocení.;Einen kritischen Lieferanten auswählen und Qualifizierung, Freigabe, Leistung, Änderungen und Neubewertung verfolgen.
9001-8-4-1-certification-3;9001-8-4-1;ISO 9001;ISO 9001:2015 + Amd 1:2024;8.4.1;8;high;certification;Control of externally provided processes, products and services — general;Řízení externě poskytovaných procesů, produktů a služeb — obecně;Steuerung extern bereitgestellter Prozesse, Produkte und Dienstleistungen — Allgemeines;How does this control interact with related clauses, and how are gaps classified and corrected?;Jak toto řízení souvisí s navazujícími články a jak se klasifikují a řeší mezery?;Wie wirkt diese Steuerung mit verwandten Abschnitten zusammen und wie werden Lücken klassifiziert und behoben?
9001-8-4-2-internal-1;9001-8-4-2;ISO 9001;ISO 9001:2015 + Amd 1:2024;8.4.2;8;high;internal;Type and extent of control of external provision;Typ a rozsah řízení externího zajištění;Art und Umfang der Steuerung externer Bereitstellung;Why is the selected incoming or supplier control sufficient for the actual risk and supplier capability?;Proč je zvolené vstupní nebo dodavatelské řízení dostatečné pro skutečné riziko a schopnost dodavatele?;Warum ist die gewählte Eingangs- oder Lieferantensteuerung für tatsächliches Risiko und Anbieterfähigkeit ausreichend?
9001-8-4-2-internal-2;9001-8-4-2;ISO 9001;ISO 9001:2015 + Amd 1:2024;8.4.2;8;high;internal;Type and extent of control of external provision;Typ a rozsah řízení externího zajištění;Art und Umfang der Steuerung externer Bereitstellung;How is type and extent of control of external provision implemented in the selected process, and who owns the control?;Jak je v hodnoceném procesu zavedeno téma „Typ a rozsah řízení externího zajištění“ a kdo vlastní příslušné řízení?;Wie ist „Art und Umfang der Steuerung externer Bereitstellung“ im ausgewählten Prozess umgesetzt und wer verantwortet die Steuerung?
9001-8-4-2-internal-3;9001-8-4-2;ISO 9001;ISO 9001:2015 + Amd 1:2024;8.4.2;8;high;internal;Type and extent of control of external provision;Typ a rozsah řízení externího zajištění;Art und Umfang der Steuerung externer Bereitstellung;Show a recent sample and explain how effectiveness, deviations and follow-up are evaluated.;Ukažte aktuální vzorek a vysvětlete, jak se hodnotí účinnost, odchylky a následná opatření.;Eine aktuelle Stichprobe zeigen und erläutern, wie Wirksamkeit, Abweichungen und Folgemaßnahmen bewertet werden.
9001-8-4-2-customer-1;9001-8-4-2;ISO 9001;ISO 9001:2015 + Amd 1:2024;8.4.2;8;high;customer;Type and extent of control of external provision;Typ a rozsah řízení externího zajištění;Art und Umfang der Steuerung externer Bereitstellung;How does clause 8.4.2 protect customer, contractual or stakeholder expectations in this process?;Jak článek 8.4.2 chrání očekávání zákazníka, smluvní nebo jiné relevantní požadavky v tomto procesu?;Wie schützt Abschnitt 8.4.2 Kunden-, Vertrags- oder relevante Stakeholderanforderungen in diesem Prozess?
9001-8-4-2-customer-2;9001-8-4-2;ISO 9001;ISO 9001:2015 + Amd 1:2024;8.4.2;8;high;customer;Type and extent of control of external provision;Typ a rozsah řízení externího zajištění;Art und Umfang der Steuerung externer Bereitstellung;Why is the selected incoming or supplier control sufficient for the actual risk and supplier capability?;Proč je zvolené vstupní nebo dodavatelské řízení dostatečné pro skutečné riziko a schopnost dodavatele?;Warum ist die gewählte Eingangs- oder Lieferantensteuerung für tatsächliches Risiko und Anbieterfähigkeit ausreichend?
9001-8-4-2-customer-3;9001-8-4-2;ISO 9001;ISO 9001:2015 + Amd 1:2024;8.4.2;8;high;customer;Type and extent of control of external provision;Typ a rozsah řízení externího zajištění;Art und Umfang der Steuerung externer Bereitstellung;Show one recent customer/project example and trace the requirement to objective evidence and escalation.;Ukažte jeden aktuální zákaznický/projektový příklad a sledujte požadavek k objektivnímu důkazu a eskalaci.;Ein aktuelles Kunden-/Projektbeispiel zeigen und die Anforderung bis zu objektivem Nachweis und Eskalation verfolgen.
9001-8-4-2-certification-1;9001-8-4-2;ISO 9001;ISO 9001:2015 + Amd 1:2024;8.4.2;8;high;certification;Type and extent of control of external provision;Typ a rozsah řízení externího zajištění;Art und Umfang der Steuerung externer Bereitstellung;Which objective evidence demonstrates conformity and effective implementation of clause 8.4.2?;Který objektivní důkaz prokazuje shodu a účinné zavedení článku 8.4.2?;Welche objektiven Nachweise belegen Konformität und wirksame Umsetzung von Abschnitt 8.4.2?
9001-8-4-2-certification-2;9001-8-4-2;ISO 9001;ISO 9001:2015 + Amd 1:2024;8.4.2;8;high;certification;Type and extent of control of external provision;Typ a rozsah řízení externího zajištění;Art und Umfang der Steuerung externer Bereitstellung;Why is the selected incoming or supplier control sufficient for the actual risk and supplier capability?;Proč je zvolené vstupní nebo dodavatelské řízení dostatečné pro skutečné riziko a schopnost dodavatele?;Warum ist die gewählte Eingangs- oder Lieferantensteuerung für tatsächliches Risiko und Anbieterfähigkeit ausreichend?
9001-8-4-2-certification-3;9001-8-4-2;ISO 9001;ISO 9001:2015 + Amd 1:2024;8.4.2;8;high;certification;Type and extent of control of external provision;Typ a rozsah řízení externího zajištění;Art und Umfang der Steuerung externer Bereitstellung;How does this control interact with related clauses, and how are gaps classified and corrected?;Jak toto řízení souvisí s navazujícími články a jak se klasifikují a řeší mezery?;Wie wirkt diese Steuerung mit verwandten Abschnitten zusammen und wie werden Lücken klassifiziert und behoben?
9001-8-4-3-internal-1;9001-8-4-3;ISO 9001;ISO 9001:2015 + Amd 1:2024;8.4.3;8;high;internal;Information for external providers;Informace pro externí poskytovatele;Informationen für externe Anbieter;Compare one critical purchase order with the approved specification and actual supplier evidence.;Porovnejte jednu kritickou objednávku se schválenou specifikací a skutečnými důkazy dodavatele.;Eine kritische Bestellung mit freigegebener Spezifikation und tatsächlichen Lieferantennachweisen vergleichen.
9001-8-4-3-internal-2;9001-8-4-3;ISO 9001;ISO 9001:2015 + Amd 1:2024;8.4.3;8;high;internal;Information for external providers;Informace pro externí poskytovatele;Informationen für externe Anbieter;How is information for external providers implemented in the selected process, and who owns the control?;Jak je v hodnoceném procesu zavedeno téma „Informace pro externí poskytovatele“ a kdo vlastní příslušné řízení?;Wie ist „Informationen für externe Anbieter“ im ausgewählten Prozess umgesetzt und wer verantwortet die Steuerung?
9001-8-4-3-internal-3;9001-8-4-3;ISO 9001;ISO 9001:2015 + Amd 1:2024;8.4.3;8;high;internal;Information for external providers;Informace pro externí poskytovatele;Informationen für externe Anbieter;Show a recent sample and explain how effectiveness, deviations and follow-up are evaluated.;Ukažte aktuální vzorek a vysvětlete, jak se hodnotí účinnost, odchylky a následná opatření.;Eine aktuelle Stichprobe zeigen und erläutern, wie Wirksamkeit, Abweichungen und Folgemaßnahmen bewertet werden.
9001-8-4-3-customer-1;9001-8-4-3;ISO 9001;ISO 9001:2015 + Amd 1:2024;8.4.3;8;high;customer;Information for external providers;Informace pro externí poskytovatele;Informationen für externe Anbieter;How does clause 8.4.3 protect customer, contractual or stakeholder expectations in this process?;Jak článek 8.4.3 chrání očekávání zákazníka, smluvní nebo jiné relevantní požadavky v tomto procesu?;Wie schützt Abschnitt 8.4.3 Kunden-, Vertrags- oder relevante Stakeholderanforderungen in diesem Prozess?
9001-8-4-3-customer-2;9001-8-4-3;ISO 9001;ISO 9001:2015 + Amd 1:2024;8.4.3;8;high;customer;Information for external providers;Informace pro externí poskytovatele;Informationen für externe Anbieter;Compare one critical purchase order with the approved specification and actual supplier evidence.;Porovnejte jednu kritickou objednávku se schválenou specifikací a skutečnými důkazy dodavatele.;Eine kritische Bestellung mit freigegebener Spezifikation und tatsächlichen Lieferantennachweisen vergleichen.
9001-8-4-3-customer-3;9001-8-4-3;ISO 9001;ISO 9001:2015 + Amd 1:2024;8.4.3;8;high;customer;Information for external providers;Informace pro externí poskytovatele;Informationen für externe Anbieter;Show one recent customer/project example and trace the requirement to objective evidence and escalation.;Ukažte jeden aktuální zákaznický/projektový příklad a sledujte požadavek k objektivnímu důkazu a eskalaci.;Ein aktuelles Kunden-/Projektbeispiel zeigen und die Anforderung bis zu objektivem Nachweis und Eskalation verfolgen.
9001-8-4-3-certification-1;9001-8-4-3;ISO 9001;ISO 9001:2015 + Amd 1:2024;8.4.3;8;high;certification;Information for external providers;Informace pro externí poskytovatele;Informationen für externe Anbieter;Which objective evidence demonstrates conformity and effective implementation of clause 8.4.3?;Který objektivní důkaz prokazuje shodu a účinné zavedení článku 8.4.3?;Welche objektiven Nachweise belegen Konformität und wirksame Umsetzung von Abschnitt 8.4.3?
9001-8-4-3-certification-2;9001-8-4-3;ISO 9001;ISO 9001:2015 + Amd 1:2024;8.4.3;8;high;certification;Information for external providers;Informace pro externí poskytovatele;Informationen für externe Anbieter;Compare one critical purchase order with the approved specification and actual supplier evidence.;Porovnejte jednu kritickou objednávku se schválenou specifikací a skutečnými důkazy dodavatele.;Eine kritische Bestellung mit freigegebener Spezifikation und tatsächlichen Lieferantennachweisen vergleichen.
9001-8-4-3-certification-3;9001-8-4-3;ISO 9001;ISO 9001:2015 + Amd 1:2024;8.4.3;8;high;certification;Information for external providers;Informace pro externí poskytovatele;Informationen für externe Anbieter;How does this control interact with related clauses, and how are gaps classified and corrected?;Jak toto řízení souvisí s navazujícími články a jak se klasifikují a řeší mezery?;Wie wirkt diese Steuerung mit verwandten Abschnitten zusammen und wie werden Lücken klassifiziert und behoben?
9001-8-5-1-internal-1;9001-8-5-1;ISO 9001;ISO 9001:2015 + Amd 1:2024;8.5.1;8;high;internal;Controlled production and service provision;Řízená výroba a poskytování služeb;Gelenkte Produktion und Dienstleistungserbringung;At the workplace, compare actual settings, materials and inspections with the current approved control plan.;Na pracovišti porovnejte skutečné parametry, materiály a kontroly s aktuálním schváleným plánem kontroly.;Am Arbeitsplatz tatsächliche Einstellungen, Materialien und Prüfungen mit dem aktuellen freigegebenen Prüfplan vergleichen.
9001-8-5-1-internal-2;9001-8-5-1;ISO 9001;ISO 9001:2015 + Amd 1:2024;8.5.1;8;high;internal;Controlled production and service provision;Řízená výroba a poskytování služeb;Gelenkte Produktion und Dienstleistungserbringung;How is controlled production and service provision implemented in the selected process, and who owns the control?;Jak je v hodnoceném procesu zavedeno téma „Řízená výroba a poskytování služeb“ a kdo vlastní příslušné řízení?;Wie ist „Gelenkte Produktion und Dienstleistungserbringung“ im ausgewählten Prozess umgesetzt und wer verantwortet die Steuerung?
9001-8-5-1-internal-3;9001-8-5-1;ISO 9001;ISO 9001:2015 + Amd 1:2024;8.5.1;8;high;internal;Controlled production and service provision;Řízená výroba a poskytování služeb;Gelenkte Produktion und Dienstleistungserbringung;Show a recent sample and explain how effectiveness, deviations and follow-up are evaluated.;Ukažte aktuální vzorek a vysvětlete, jak se hodnotí účinnost, odchylky a následná opatření.;Eine aktuelle Stichprobe zeigen und erläutern, wie Wirksamkeit, Abweichungen und Folgemaßnahmen bewertet werden.
9001-8-5-1-customer-1;9001-8-5-1;ISO 9001;ISO 9001:2015 + Amd 1:2024;8.5.1;8;high;customer;Controlled production and service provision;Řízená výroba a poskytování služeb;Gelenkte Produktion und Dienstleistungserbringung;How does clause 8.5.1 protect customer, contractual or stakeholder expectations in this process?;Jak článek 8.5.1 chrání očekávání zákazníka, smluvní nebo jiné relevantní požadavky v tomto procesu?;Wie schützt Abschnitt 8.5.1 Kunden-, Vertrags- oder relevante Stakeholderanforderungen in diesem Prozess?
9001-8-5-1-customer-2;9001-8-5-1;ISO 9001;ISO 9001:2015 + Amd 1:2024;8.5.1;8;high;customer;Controlled production and service provision;Řízená výroba a poskytování služeb;Gelenkte Produktion und Dienstleistungserbringung;At the workplace, compare actual settings, materials and inspections with the current approved control plan.;Na pracovišti porovnejte skutečné parametry, materiály a kontroly s aktuálním schváleným plánem kontroly.;Am Arbeitsplatz tatsächliche Einstellungen, Materialien und Prüfungen mit dem aktuellen freigegebenen Prüfplan vergleichen.
9001-8-5-1-customer-3;9001-8-5-1;ISO 9001;ISO 9001:2015 + Amd 1:2024;8.5.1;8;high;customer;Controlled production and service provision;Řízená výroba a poskytování služeb;Gelenkte Produktion und Dienstleistungserbringung;Show one recent customer/project example and trace the requirement to objective evidence and escalation.;Ukažte jeden aktuální zákaznický/projektový příklad a sledujte požadavek k objektivnímu důkazu a eskalaci.;Ein aktuelles Kunden-/Projektbeispiel zeigen und die Anforderung bis zu objektivem Nachweis und Eskalation verfolgen.
9001-8-5-1-certification-1;9001-8-5-1;ISO 9001;ISO 9001:2015 + Amd 1:2024;8.5.1;8;high;certification;Controlled production and service provision;Řízená výroba a poskytování služeb;Gelenkte Produktion und Dienstleistungserbringung;Which objective evidence demonstrates conformity and effective implementation of clause 8.5.1?;Který objektivní důkaz prokazuje shodu a účinné zavedení článku 8.5.1?;Welche objektiven Nachweise belegen Konformität und wirksame Umsetzung von Abschnitt 8.5.1?
9001-8-5-1-certification-2;9001-8-5-1;ISO 9001;ISO 9001:2015 + Amd 1:2024;8.5.1;8;high;certification;Controlled production and service provision;Řízená výroba a poskytování služeb;Gelenkte Produktion und Dienstleistungserbringung;At the workplace, compare actual settings, materials and inspections with the current approved control plan.;Na pracovišti porovnejte skutečné parametry, materiály a kontroly s aktuálním schváleným plánem kontroly.;Am Arbeitsplatz tatsächliche Einstellungen, Materialien und Prüfungen mit dem aktuellen freigegebenen Prüfplan vergleichen.
9001-8-5-1-certification-3;9001-8-5-1;ISO 9001;ISO 9001:2015 + Amd 1:2024;8.5.1;8;high;certification;Controlled production and service provision;Řízená výroba a poskytování služeb;Gelenkte Produktion und Dienstleistungserbringung;How does this control interact with related clauses, and how are gaps classified and corrected?;Jak toto řízení souvisí s navazujícími články a jak se klasifikují a řeší mezery?;Wie wirkt diese Steuerung mit verwandten Abschnitten zusammen und wie werden Lücken klassifiziert und behoben?
9001-8-5-2-internal-1;9001-8-5-2;ISO 9001;ISO 9001:2015 + Amd 1:2024;8.5.2;8;high;internal;Identification and traceability;Identifikace a sledovatelnost;Kennzeichnung und Rückverfolgbarkeit;Choose a delivered serial/batch and trace it backward to material, process, inspection and release, then forward to all affected deliveries.;Vyberte dodané sériové číslo/šarži a sledujte je zpět k materiálu, procesu, kontrole a uvolnění a dopředu ke všem dotčeným dodávkám.;Eine gelieferte Serien-/Chargennummer rückwärts zu Material, Prozess, Prüfung und Freigabe sowie vorwärts zu allen betroffenen Lieferungen verfolgen.
9001-8-5-2-internal-2;9001-8-5-2;ISO 9001;ISO 9001:2015 + Amd 1:2024;8.5.2;8;high;internal;Identification and traceability;Identifikace a sledovatelnost;Kennzeichnung und Rückverfolgbarkeit;How is identification and traceability implemented in the selected process, and who owns the control?;Jak je v hodnoceném procesu zavedeno téma „Identifikace a sledovatelnost“ a kdo vlastní příslušné řízení?;Wie ist „Kennzeichnung und Rückverfolgbarkeit“ im ausgewählten Prozess umgesetzt und wer verantwortet die Steuerung?
9001-8-5-2-internal-3;9001-8-5-2;ISO 9001;ISO 9001:2015 + Amd 1:2024;8.5.2;8;high;internal;Identification and traceability;Identifikace a sledovatelnost;Kennzeichnung und Rückverfolgbarkeit;Show a recent sample and explain how effectiveness, deviations and follow-up are evaluated.;Ukažte aktuální vzorek a vysvětlete, jak se hodnotí účinnost, odchylky a následná opatření.;Eine aktuelle Stichprobe zeigen und erläutern, wie Wirksamkeit, Abweichungen und Folgemaßnahmen bewertet werden.
9001-8-5-2-customer-1;9001-8-5-2;ISO 9001;ISO 9001:2015 + Amd 1:2024;8.5.2;8;high;customer;Identification and traceability;Identifikace a sledovatelnost;Kennzeichnung und Rückverfolgbarkeit;How does clause 8.5.2 protect customer, contractual or stakeholder expectations in this process?;Jak článek 8.5.2 chrání očekávání zákazníka, smluvní nebo jiné relevantní požadavky v tomto procesu?;Wie schützt Abschnitt 8.5.2 Kunden-, Vertrags- oder relevante Stakeholderanforderungen in diesem Prozess?
9001-8-5-2-customer-2;9001-8-5-2;ISO 9001;ISO 9001:2015 + Amd 1:2024;8.5.2;8;high;customer;Identification and traceability;Identifikace a sledovatelnost;Kennzeichnung und Rückverfolgbarkeit;Choose a delivered serial/batch and trace it backward to material, process, inspection and release, then forward to all affected deliveries.;Vyberte dodané sériové číslo/šarži a sledujte je zpět k materiálu, procesu, kontrole a uvolnění a dopředu ke všem dotčeným dodávkám.;Eine gelieferte Serien-/Chargennummer rückwärts zu Material, Prozess, Prüfung und Freigabe sowie vorwärts zu allen betroffenen Lieferungen verfolgen.
9001-8-5-2-customer-3;9001-8-5-2;ISO 9001;ISO 9001:2015 + Amd 1:2024;8.5.2;8;high;customer;Identification and traceability;Identifikace a sledovatelnost;Kennzeichnung und Rückverfolgbarkeit;Show one recent customer/project example and trace the requirement to objective evidence and escalation.;Ukažte jeden aktuální zákaznický/projektový příklad a sledujte požadavek k objektivnímu důkazu a eskalaci.;Ein aktuelles Kunden-/Projektbeispiel zeigen und die Anforderung bis zu objektivem Nachweis und Eskalation verfolgen.
9001-8-5-2-certification-1;9001-8-5-2;ISO 9001;ISO 9001:2015 + Amd 1:2024;8.5.2;8;high;certification;Identification and traceability;Identifikace a sledovatelnost;Kennzeichnung und Rückverfolgbarkeit;Which objective evidence demonstrates conformity and effective implementation of clause 8.5.2?;Který objektivní důkaz prokazuje shodu a účinné zavedení článku 8.5.2?;Welche objektiven Nachweise belegen Konformität und wirksame Umsetzung von Abschnitt 8.5.2?
9001-8-5-2-certification-2;9001-8-5-2;ISO 9001;ISO 9001:2015 + Amd 1:2024;8.5.2;8;high;certification;Identification and traceability;Identifikace a sledovatelnost;Kennzeichnung und Rückverfolgbarkeit;Choose a delivered serial/batch and trace it backward to material, process, inspection and release, then forward to all affected deliveries.;Vyberte dodané sériové číslo/šarži a sledujte je zpět k materiálu, procesu, kontrole a uvolnění a dopředu ke všem dotčeným dodávkám.;Eine gelieferte Serien-/Chargennummer rückwärts zu Material, Prozess, Prüfung und Freigabe sowie vorwärts zu allen betroffenen Lieferungen verfolgen.
9001-8-5-2-certification-3;9001-8-5-2;ISO 9001;ISO 9001:2015 + Amd 1:2024;8.5.2;8;high;certification;Identification and traceability;Identifikace a sledovatelnost;Kennzeichnung und Rückverfolgbarkeit;How does this control interact with related clauses, and how are gaps classified and corrected?;Jak toto řízení souvisí s navazujícími články a jak se klasifikují a řeší mezery?;Wie wirkt diese Steuerung mit verwandten Abschnitten zusammen und wie werden Lücken klassifiziert und behoben?
9001-8-5-3-internal-1;9001-8-5-3;ISO 9001;ISO 9001:2015 + Amd 1:2024;8.5.3;8;medium;internal;Property belonging to customers or external providers;Majetek zákazníků nebo externích poskytovatelů;Eigentum von Kunden oder externen Anbietern;Show how customer-owned tooling, data or material is identified, protected and incident-reported.;Ukažte, jak je zákaznické nářadí, data nebo materiál identifikován, chráněn a jak se hlásí incidenty.;Zeigen, wie kundeneigene Werkzeuge, Daten oder Materialien gekennzeichnet, geschützt und bei Vorfällen gemeldet werden.
9001-8-5-3-internal-2;9001-8-5-3;ISO 9001;ISO 9001:2015 + Amd 1:2024;8.5.3;8;medium;internal;Property belonging to customers or external providers;Majetek zákazníků nebo externích poskytovatelů;Eigentum von Kunden oder externen Anbietern;How is property belonging to customers or external providers implemented in the selected process, and who owns the control?;Jak je v hodnoceném procesu zavedeno téma „Majetek zákazníků nebo externích poskytovatelů“ a kdo vlastní příslušné řízení?;Wie ist „Eigentum von Kunden oder externen Anbietern“ im ausgewählten Prozess umgesetzt und wer verantwortet die Steuerung?
9001-8-5-3-internal-3;9001-8-5-3;ISO 9001;ISO 9001:2015 + Amd 1:2024;8.5.3;8;medium;internal;Property belonging to customers or external providers;Majetek zákazníků nebo externích poskytovatelů;Eigentum von Kunden oder externen Anbietern;Show a recent sample and explain how effectiveness, deviations and follow-up are evaluated.;Ukažte aktuální vzorek a vysvětlete, jak se hodnotí účinnost, odchylky a následná opatření.;Eine aktuelle Stichprobe zeigen und erläutern, wie Wirksamkeit, Abweichungen und Folgemaßnahmen bewertet werden.
9001-8-5-3-customer-1;9001-8-5-3;ISO 9001;ISO 9001:2015 + Amd 1:2024;8.5.3;8;medium;customer;Property belonging to customers or external providers;Majetek zákazníků nebo externích poskytovatelů;Eigentum von Kunden oder externen Anbietern;How does clause 8.5.3 protect customer, contractual or stakeholder expectations in this process?;Jak článek 8.5.3 chrání očekávání zákazníka, smluvní nebo jiné relevantní požadavky v tomto procesu?;Wie schützt Abschnitt 8.5.3 Kunden-, Vertrags- oder relevante Stakeholderanforderungen in diesem Prozess?
9001-8-5-3-customer-2;9001-8-5-3;ISO 9001;ISO 9001:2015 + Amd 1:2024;8.5.3;8;medium;customer;Property belonging to customers or external providers;Majetek zákazníků nebo externích poskytovatelů;Eigentum von Kunden oder externen Anbietern;Show how customer-owned tooling, data or material is identified, protected and incident-reported.;Ukažte, jak je zákaznické nářadí, data nebo materiál identifikován, chráněn a jak se hlásí incidenty.;Zeigen, wie kundeneigene Werkzeuge, Daten oder Materialien gekennzeichnet, geschützt und bei Vorfällen gemeldet werden.
9001-8-5-3-customer-3;9001-8-5-3;ISO 9001;ISO 9001:2015 + Amd 1:2024;8.5.3;8;medium;customer;Property belonging to customers or external providers;Majetek zákazníků nebo externích poskytovatelů;Eigentum von Kunden oder externen Anbietern;Show one recent customer/project example and trace the requirement to objective evidence and escalation.;Ukažte jeden aktuální zákaznický/projektový příklad a sledujte požadavek k objektivnímu důkazu a eskalaci.;Ein aktuelles Kunden-/Projektbeispiel zeigen und die Anforderung bis zu objektivem Nachweis und Eskalation verfolgen.
9001-8-5-3-certification-1;9001-8-5-3;ISO 9001;ISO 9001:2015 + Amd 1:2024;8.5.3;8;medium;certification;Property belonging to customers or external providers;Majetek zákazníků nebo externích poskytovatelů;Eigentum von Kunden oder externen Anbietern;Which objective evidence demonstrates conformity and effective implementation of clause 8.5.3?;Který objektivní důkaz prokazuje shodu a účinné zavedení článku 8.5.3?;Welche objektiven Nachweise belegen Konformität und wirksame Umsetzung von Abschnitt 8.5.3?
9001-8-5-3-certification-2;9001-8-5-3;ISO 9001;ISO 9001:2015 + Amd 1:2024;8.5.3;8;medium;certification;Property belonging to customers or external providers;Majetek zákazníků nebo externích poskytovatelů;Eigentum von Kunden oder externen Anbietern;Show how customer-owned tooling, data or material is identified, protected and incident-reported.;Ukažte, jak je zákaznické nářadí, data nebo materiál identifikován, chráněn a jak se hlásí incidenty.;Zeigen, wie kundeneigene Werkzeuge, Daten oder Materialien gekennzeichnet, geschützt und bei Vorfällen gemeldet werden.
9001-8-5-3-certification-3;9001-8-5-3;ISO 9001;ISO 9001:2015 + Amd 1:2024;8.5.3;8;medium;certification;Property belonging to customers or external providers;Majetek zákazníků nebo externích poskytovatelů;Eigentum von Kunden oder externen Anbietern;How does this control interact with related clauses, and how are gaps classified and corrected?;Jak toto řízení souvisí s navazujícími články a jak se klasifikují a řeší mezery?;Wie wirkt diese Steuerung mit verwandten Abschnitten zusammen und wie werden Lücken klassifiziert und behoben?
9001-8-5-4-internal-1;9001-8-5-4;ISO 9001;ISO 9001:2015 + Amd 1:2024;8.5.4;8;high;internal;Preservation;Zachování;Erhaltung;Inspect storage and one shipment for condition, status, shelf life, handling and packaging controls.;Prověřte sklad a jednu zásilku z hlediska stavu, statusu, životnosti, manipulace a balení.;Lager und eine Sendung hinsichtlich Zustand, Status, Haltbarkeit, Handhabung und Verpackung prüfen.
9001-8-5-4-internal-2;9001-8-5-4;ISO 9001;ISO 9001:2015 + Amd 1:2024;8.5.4;8;high;internal;Preservation;Zachování;Erhaltung;How is preservation implemented in the selected process, and who owns the control?;Jak je v hodnoceném procesu zavedeno téma „Zachování“ a kdo vlastní příslušné řízení?;Wie ist „Erhaltung“ im ausgewählten Prozess umgesetzt und wer verantwortet die Steuerung?
9001-8-5-4-internal-3;9001-8-5-4;ISO 9001;ISO 9001:2015 + Amd 1:2024;8.5.4;8;high;internal;Preservation;Zachování;Erhaltung;Show a recent sample and explain how effectiveness, deviations and follow-up are evaluated.;Ukažte aktuální vzorek a vysvětlete, jak se hodnotí účinnost, odchylky a následná opatření.;Eine aktuelle Stichprobe zeigen und erläutern, wie Wirksamkeit, Abweichungen und Folgemaßnahmen bewertet werden.
9001-8-5-4-customer-1;9001-8-5-4;ISO 9001;ISO 9001:2015 + Amd 1:2024;8.5.4;8;high;customer;Preservation;Zachování;Erhaltung;How does clause 8.5.4 protect customer, contractual or stakeholder expectations in this process?;Jak článek 8.5.4 chrání očekávání zákazníka, smluvní nebo jiné relevantní požadavky v tomto procesu?;Wie schützt Abschnitt 8.5.4 Kunden-, Vertrags- oder relevante Stakeholderanforderungen in diesem Prozess?
9001-8-5-4-customer-2;9001-8-5-4;ISO 9001;ISO 9001:2015 + Amd 1:2024;8.5.4;8;high;customer;Preservation;Zachování;Erhaltung;Inspect storage and one shipment for condition, status, shelf life, handling and packaging controls.;Prověřte sklad a jednu zásilku z hlediska stavu, statusu, životnosti, manipulace a balení.;Lager und eine Sendung hinsichtlich Zustand, Status, Haltbarkeit, Handhabung und Verpackung prüfen.
9001-8-5-4-customer-3;9001-8-5-4;ISO 9001;ISO 9001:2015 + Amd 1:2024;8.5.4;8;high;customer;Preservation;Zachování;Erhaltung;Show one recent customer/project example and trace the requirement to objective evidence and escalation.;Ukažte jeden aktuální zákaznický/projektový příklad a sledujte požadavek k objektivnímu důkazu a eskalaci.;Ein aktuelles Kunden-/Projektbeispiel zeigen und die Anforderung bis zu objektivem Nachweis und Eskalation verfolgen.
9001-8-5-4-certification-1;9001-8-5-4;ISO 9001;ISO 9001:2015 + Amd 1:2024;8.5.4;8;high;certification;Preservation;Zachování;Erhaltung;Which objective evidence demonstrates conformity and effective implementation of clause 8.5.4?;Který objektivní důkaz prokazuje shodu a účinné zavedení článku 8.5.4?;Welche objektiven Nachweise belegen Konformität und wirksame Umsetzung von Abschnitt 8.5.4?
9001-8-5-4-certification-2;9001-8-5-4;ISO 9001;ISO 9001:2015 + Amd 1:2024;8.5.4;8;high;certification;Preservation;Zachování;Erhaltung;Inspect storage and one shipment for condition, status, shelf life, handling and packaging controls.;Prověřte sklad a jednu zásilku z hlediska stavu, statusu, životnosti, manipulace a balení.;Lager und eine Sendung hinsichtlich Zustand, Status, Haltbarkeit, Handhabung und Verpackung prüfen.
9001-8-5-4-certification-3;9001-8-5-4;ISO 9001;ISO 9001:2015 + Amd 1:2024;8.5.4;8;high;certification;Preservation;Zachování;Erhaltung;How does this control interact with related clauses, and how are gaps classified and corrected?;Jak toto řízení souvisí s navazujícími články a jak se klasifikují a řeší mezery?;Wie wirkt diese Steuerung mit verwandten Abschnitten zusammen und wie werden Lücken klassifiziert und behoben?
9001-8-5-5-internal-1;9001-8-5-5;ISO 9001;ISO 9001:2015 + Amd 1:2024;8.5.5;8;medium;internal;Post-delivery activities;Činnosti po dodání;Tätigkeiten nach der Lieferung;How are field failures, warranty data and safety-relevant feedback converted into product and process action?;Jak jsou poruchy v provozu, záruční data a bezpečnostně relevantní zpětná vazba převáděny do opatření pro produkt a proces?;Wie werden Feldausfälle, Garantiedaten und sicherheitsrelevante Rückmeldungen in Produkt- und Prozessmaßnahmen überführt?
9001-8-5-5-internal-2;9001-8-5-5;ISO 9001;ISO 9001:2015 + Amd 1:2024;8.5.5;8;medium;internal;Post-delivery activities;Činnosti po dodání;Tätigkeiten nach der Lieferung;How is post-delivery activities implemented in the selected process, and who owns the control?;Jak je v hodnoceném procesu zavedeno téma „Činnosti po dodání“ a kdo vlastní příslušné řízení?;Wie ist „Tätigkeiten nach der Lieferung“ im ausgewählten Prozess umgesetzt und wer verantwortet die Steuerung?
9001-8-5-5-internal-3;9001-8-5-5;ISO 9001;ISO 9001:2015 + Amd 1:2024;8.5.5;8;medium;internal;Post-delivery activities;Činnosti po dodání;Tätigkeiten nach der Lieferung;Show a recent sample and explain how effectiveness, deviations and follow-up are evaluated.;Ukažte aktuální vzorek a vysvětlete, jak se hodnotí účinnost, odchylky a následná opatření.;Eine aktuelle Stichprobe zeigen und erläutern, wie Wirksamkeit, Abweichungen und Folgemaßnahmen bewertet werden.
9001-8-5-5-customer-1;9001-8-5-5;ISO 9001;ISO 9001:2015 + Amd 1:2024;8.5.5;8;medium;customer;Post-delivery activities;Činnosti po dodání;Tätigkeiten nach der Lieferung;How does clause 8.5.5 protect customer, contractual or stakeholder expectations in this process?;Jak článek 8.5.5 chrání očekávání zákazníka, smluvní nebo jiné relevantní požadavky v tomto procesu?;Wie schützt Abschnitt 8.5.5 Kunden-, Vertrags- oder relevante Stakeholderanforderungen in diesem Prozess?
9001-8-5-5-customer-2;9001-8-5-5;ISO 9001;ISO 9001:2015 + Amd 1:2024;8.5.5;8;medium;customer;Post-delivery activities;Činnosti po dodání;Tätigkeiten nach der Lieferung;How are field failures, warranty data and safety-relevant feedback converted into product and process action?;Jak jsou poruchy v provozu, záruční data a bezpečnostně relevantní zpětná vazba převáděny do opatření pro produkt a proces?;Wie werden Feldausfälle, Garantiedaten und sicherheitsrelevante Rückmeldungen in Produkt- und Prozessmaßnahmen überführt?
9001-8-5-5-customer-3;9001-8-5-5;ISO 9001;ISO 9001:2015 + Amd 1:2024;8.5.5;8;medium;customer;Post-delivery activities;Činnosti po dodání;Tätigkeiten nach der Lieferung;Show one recent customer/project example and trace the requirement to objective evidence and escalation.;Ukažte jeden aktuální zákaznický/projektový příklad a sledujte požadavek k objektivnímu důkazu a eskalaci.;Ein aktuelles Kunden-/Projektbeispiel zeigen und die Anforderung bis zu objektivem Nachweis und Eskalation verfolgen.
9001-8-5-5-certification-1;9001-8-5-5;ISO 9001;ISO 9001:2015 + Amd 1:2024;8.5.5;8;medium;certification;Post-delivery activities;Činnosti po dodání;Tätigkeiten nach der Lieferung;Which objective evidence demonstrates conformity and effective implementation of clause 8.5.5?;Který objektivní důkaz prokazuje shodu a účinné zavedení článku 8.5.5?;Welche objektiven Nachweise belegen Konformität und wirksame Umsetzung von Abschnitt 8.5.5?
9001-8-5-5-certification-2;9001-8-5-5;ISO 9001;ISO 9001:2015 + Amd 1:2024;8.5.5;8;medium;certification;Post-delivery activities;Činnosti po dodání;Tätigkeiten nach der Lieferung;How are field failures, warranty data and safety-relevant feedback converted into product and process action?;Jak jsou poruchy v provozu, záruční data a bezpečnostně relevantní zpětná vazba převáděny do opatření pro produkt a proces?;Wie werden Feldausfälle, Garantiedaten und sicherheitsrelevante Rückmeldungen in Produkt- und Prozessmaßnahmen überführt?
9001-8-5-5-certification-3;9001-8-5-5;ISO 9001;ISO 9001:2015 + Amd 1:2024;8.5.5;8;medium;certification;Post-delivery activities;Činnosti po dodání;Tätigkeiten nach der Lieferung;How does this control interact with related clauses, and how are gaps classified and corrected?;Jak toto řízení souvisí s navazujícími články a jak se klasifikují a řeší mezery?;Wie wirkt diese Steuerung mit verwandten Abschnitten zusammen und wie werden Lücken klassifiziert und behoben?
9001-8-5-6-internal-1;9001-8-5-6;ISO 9001;ISO 9001:2015 + Amd 1:2024;8.5.6;8;high;internal;Control of production and service changes;Řízení změn výroby a poskytování služeb;Lenkung von Änderungen in Produktion und Dienstleistung;Show how control of production and service changes is implemented and verified in a recent example.;Ukažte, jak je téma „Řízení změn výroby a poskytování služeb“ zavedeno a ověřeno na aktuálním příkladu.;An einem aktuellen Beispiel zeigen, wie „Lenkung von Änderungen in Produktion und Dienstleistung“ umgesetzt und verifiziert wird.
9001-8-5-6-internal-2;9001-8-5-6;ISO 9001;ISO 9001:2015 + Amd 1:2024;8.5.6;8;high;internal;Control of production and service changes;Řízení změn výroby a poskytování služeb;Lenkung von Änderungen in Produktion und Dienstleistung;How is control of production and service changes implemented in the selected process, and who owns the control?;Jak je v hodnoceném procesu zavedeno téma „Řízení změn výroby a poskytování služeb“ a kdo vlastní příslušné řízení?;Wie ist „Lenkung von Änderungen in Produktion und Dienstleistung“ im ausgewählten Prozess umgesetzt und wer verantwortet die Steuerung?
9001-8-5-6-internal-3;9001-8-5-6;ISO 9001;ISO 9001:2015 + Amd 1:2024;8.5.6;8;high;internal;Control of production and service changes;Řízení změn výroby a poskytování služeb;Lenkung von Änderungen in Produktion und Dienstleistung;Show a recent sample and explain how effectiveness, deviations and follow-up are evaluated.;Ukažte aktuální vzorek a vysvětlete, jak se hodnotí účinnost, odchylky a následná opatření.;Eine aktuelle Stichprobe zeigen und erläutern, wie Wirksamkeit, Abweichungen und Folgemaßnahmen bewertet werden.
9001-8-5-6-customer-1;9001-8-5-6;ISO 9001;ISO 9001:2015 + Amd 1:2024;8.5.6;8;high;customer;Control of production and service changes;Řízení změn výroby a poskytování služeb;Lenkung von Änderungen in Produktion und Dienstleistung;How does clause 8.5.6 protect customer, contractual or stakeholder expectations in this process?;Jak článek 8.5.6 chrání očekávání zákazníka, smluvní nebo jiné relevantní požadavky v tomto procesu?;Wie schützt Abschnitt 8.5.6 Kunden-, Vertrags- oder relevante Stakeholderanforderungen in diesem Prozess?
9001-8-5-6-customer-2;9001-8-5-6;ISO 9001;ISO 9001:2015 + Amd 1:2024;8.5.6;8;high;customer;Control of production and service changes;Řízení změn výroby a poskytování služeb;Lenkung von Änderungen in Produktion und Dienstleistung;Show how control of production and service changes is implemented and verified in a recent example.;Ukažte, jak je téma „Řízení změn výroby a poskytování služeb“ zavedeno a ověřeno na aktuálním příkladu.;An einem aktuellen Beispiel zeigen, wie „Lenkung von Änderungen in Produktion und Dienstleistung“ umgesetzt und verifiziert wird.
9001-8-5-6-customer-3;9001-8-5-6;ISO 9001;ISO 9001:2015 + Amd 1:2024;8.5.6;8;high;customer;Control of production and service changes;Řízení změn výroby a poskytování služeb;Lenkung von Änderungen in Produktion und Dienstleistung;Show one recent customer/project example and trace the requirement to objective evidence and escalation.;Ukažte jeden aktuální zákaznický/projektový příklad a sledujte požadavek k objektivnímu důkazu a eskalaci.;Ein aktuelles Kunden-/Projektbeispiel zeigen und die Anforderung bis zu objektivem Nachweis und Eskalation verfolgen.
9001-8-5-6-certification-1;9001-8-5-6;ISO 9001;ISO 9001:2015 + Amd 1:2024;8.5.6;8;high;certification;Control of production and service changes;Řízení změn výroby a poskytování služeb;Lenkung von Änderungen in Produktion und Dienstleistung;Which objective evidence demonstrates conformity and effective implementation of clause 8.5.6?;Který objektivní důkaz prokazuje shodu a účinné zavedení článku 8.5.6?;Welche objektiven Nachweise belegen Konformität und wirksame Umsetzung von Abschnitt 8.5.6?
9001-8-5-6-certification-2;9001-8-5-6;ISO 9001;ISO 9001:2015 + Amd 1:2024;8.5.6;8;high;certification;Control of production and service changes;Řízení změn výroby a poskytování služeb;Lenkung von Änderungen in Produktion und Dienstleistung;Show how control of production and service changes is implemented and verified in a recent example.;Ukažte, jak je téma „Řízení změn výroby a poskytování služeb“ zavedeno a ověřeno na aktuálním příkladu.;An einem aktuellen Beispiel zeigen, wie „Lenkung von Änderungen in Produktion und Dienstleistung“ umgesetzt und verifiziert wird.
9001-8-5-6-certification-3;9001-8-5-6;ISO 9001;ISO 9001:2015 + Amd 1:2024;8.5.6;8;high;certification;Control of production and service changes;Řízení změn výroby a poskytování služeb;Lenkung von Änderungen in Produktion und Dienstleistung;How does this control interact with related clauses, and how are gaps classified and corrected?;Jak toto řízení souvisí s navazujícími články a jak se klasifikují a řeší mezery?;Wie wirkt diese Steuerung mit verwandten Abschnitten zusammen und wie werden Lücken klassifiziert und behoben?
9001-8-6-internal-1;9001-8-6;ISO 9001;ISO 9001:2015 + Amd 1:2024;8.6;8;high;internal;Release of products and services;Uvolňování produktů a služeb;Freigabe von Produkten und Dienstleistungen;Select one delivered product and verify complete acceptance evidence and authorized release before shipment.;Vyberte jeden dodaný produkt a ověřte úplné přejímací důkazy a oprávněné uvolnění před expedicí.;Ein geliefertes Produkt auswählen und vollständige Annahmenachweise sowie autorisierte Freigabe vor Versand prüfen.
9001-8-6-internal-2;9001-8-6;ISO 9001;ISO 9001:2015 + Amd 1:2024;8.6;8;high;internal;Release of products and services;Uvolňování produktů a služeb;Freigabe von Produkten und Dienstleistungen;How is release of products and services implemented in the selected process, and who owns the control?;Jak je v hodnoceném procesu zavedeno téma „Uvolňování produktů a služeb“ a kdo vlastní příslušné řízení?;Wie ist „Freigabe von Produkten und Dienstleistungen“ im ausgewählten Prozess umgesetzt und wer verantwortet die Steuerung?
9001-8-6-internal-3;9001-8-6;ISO 9001;ISO 9001:2015 + Amd 1:2024;8.6;8;high;internal;Release of products and services;Uvolňování produktů a služeb;Freigabe von Produkten und Dienstleistungen;Show a recent sample and explain how effectiveness, deviations and follow-up are evaluated.;Ukažte aktuální vzorek a vysvětlete, jak se hodnotí účinnost, odchylky a následná opatření.;Eine aktuelle Stichprobe zeigen und erläutern, wie Wirksamkeit, Abweichungen und Folgemaßnahmen bewertet werden.
9001-8-6-customer-1;9001-8-6;ISO 9001;ISO 9001:2015 + Amd 1:2024;8.6;8;high;customer;Release of products and services;Uvolňování produktů a služeb;Freigabe von Produkten und Dienstleistungen;How does clause 8.6 protect customer, contractual or stakeholder expectations in this process?;Jak článek 8.6 chrání očekávání zákazníka, smluvní nebo jiné relevantní požadavky v tomto procesu?;Wie schützt Abschnitt 8.6 Kunden-, Vertrags- oder relevante Stakeholderanforderungen in diesem Prozess?
9001-8-6-customer-2;9001-8-6;ISO 9001;ISO 9001:2015 + Amd 1:2024;8.6;8;high;customer;Release of products and services;Uvolňování produktů a služeb;Freigabe von Produkten und Dienstleistungen;Select one delivered product and verify complete acceptance evidence and authorized release before shipment.;Vyberte jeden dodaný produkt a ověřte úplné přejímací důkazy a oprávněné uvolnění před expedicí.;Ein geliefertes Produkt auswählen und vollständige Annahmenachweise sowie autorisierte Freigabe vor Versand prüfen.
9001-8-6-customer-3;9001-8-6;ISO 9001;ISO 9001:2015 + Amd 1:2024;8.6;8;high;customer;Release of products and services;Uvolňování produktů a služeb;Freigabe von Produkten und Dienstleistungen;Show one recent customer/project example and trace the requirement to objective evidence and escalation.;Ukažte jeden aktuální zákaznický/projektový příklad a sledujte požadavek k objektivnímu důkazu a eskalaci.;Ein aktuelles Kunden-/Projektbeispiel zeigen und die Anforderung bis zu objektivem Nachweis und Eskalation verfolgen.
9001-8-6-certification-1;9001-8-6;ISO 9001;ISO 9001:2015 + Amd 1:2024;8.6;8;high;certification;Release of products and services;Uvolňování produktů a služeb;Freigabe von Produkten und Dienstleistungen;Which objective evidence demonstrates conformity and effective implementation of clause 8.6?;Který objektivní důkaz prokazuje shodu a účinné zavedení článku 8.6?;Welche objektiven Nachweise belegen Konformität und wirksame Umsetzung von Abschnitt 8.6?
9001-8-6-certification-2;9001-8-6;ISO 9001;ISO 9001:2015 + Amd 1:2024;8.6;8;high;certification;Release of products and services;Uvolňování produktů a služeb;Freigabe von Produkten und Dienstleistungen;Select one delivered product and verify complete acceptance evidence and authorized release before shipment.;Vyberte jeden dodaný produkt a ověřte úplné přejímací důkazy a oprávněné uvolnění před expedicí.;Ein geliefertes Produkt auswählen und vollständige Annahmenachweise sowie autorisierte Freigabe vor Versand prüfen.
9001-8-6-certification-3;9001-8-6;ISO 9001;ISO 9001:2015 + Amd 1:2024;8.6;8;high;certification;Release of products and services;Uvolňování produktů a služeb;Freigabe von Produkten und Dienstleistungen;How does this control interact with related clauses, and how are gaps classified and corrected?;Jak toto řízení souvisí s navazujícími články a jak se klasifikují a řeší mezery?;Wie wirkt diese Steuerung mit verwandten Abschnitten zusammen und wie werden Lücken klassifiziert und behoben?
9001-8-7-internal-1;9001-8-7;ISO 9001;ISO 9001:2015 + Amd 1:2024;8.7;8;high;internal;Control of nonconforming outputs;Řízení neshodných výstupů;Steuerung nichtkonformer Ergebnisse;Walk one current nonconforming item from detection through segregation, decision, authorization and final disposition.;Sledujte jednu aktuální neshodnou položku od zjištění přes oddělení, rozhodnutí, schválení až po konečné vypořádání.;Einen aktuellen nichtkonformen Gegenstand von Erkennung über Trennung, Entscheidung und Freigabe bis zur endgültigen Disposition verfolgen.
9001-8-7-internal-2;9001-8-7;ISO 9001;ISO 9001:2015 + Amd 1:2024;8.7;8;high;internal;Control of nonconforming outputs;Řízení neshodných výstupů;Steuerung nichtkonformer Ergebnisse;How is control of nonconforming outputs implemented in the selected process, and who owns the control?;Jak je v hodnoceném procesu zavedeno téma „Řízení neshodných výstupů“ a kdo vlastní příslušné řízení?;Wie ist „Steuerung nichtkonformer Ergebnisse“ im ausgewählten Prozess umgesetzt und wer verantwortet die Steuerung?
9001-8-7-internal-3;9001-8-7;ISO 9001;ISO 9001:2015 + Amd 1:2024;8.7;8;high;internal;Control of nonconforming outputs;Řízení neshodných výstupů;Steuerung nichtkonformer Ergebnisse;Show a recent sample and explain how effectiveness, deviations and follow-up are evaluated.;Ukažte aktuální vzorek a vysvětlete, jak se hodnotí účinnost, odchylky a následná opatření.;Eine aktuelle Stichprobe zeigen und erläutern, wie Wirksamkeit, Abweichungen und Folgemaßnahmen bewertet werden.
9001-8-7-customer-1;9001-8-7;ISO 9001;ISO 9001:2015 + Amd 1:2024;8.7;8;high;customer;Control of nonconforming outputs;Řízení neshodných výstupů;Steuerung nichtkonformer Ergebnisse;How does clause 8.7 protect customer, contractual or stakeholder expectations in this process?;Jak článek 8.7 chrání očekávání zákazníka, smluvní nebo jiné relevantní požadavky v tomto procesu?;Wie schützt Abschnitt 8.7 Kunden-, Vertrags- oder relevante Stakeholderanforderungen in diesem Prozess?
9001-8-7-customer-2;9001-8-7;ISO 9001;ISO 9001:2015 + Amd 1:2024;8.7;8;high;customer;Control of nonconforming outputs;Řízení neshodných výstupů;Steuerung nichtkonformer Ergebnisse;Walk one current nonconforming item from detection through segregation, decision, authorization and final disposition.;Sledujte jednu aktuální neshodnou položku od zjištění přes oddělení, rozhodnutí, schválení až po konečné vypořádání.;Einen aktuellen nichtkonformen Gegenstand von Erkennung über Trennung, Entscheidung und Freigabe bis zur endgültigen Disposition verfolgen.
9001-8-7-customer-3;9001-8-7;ISO 9001;ISO 9001:2015 + Amd 1:2024;8.7;8;high;customer;Control of nonconforming outputs;Řízení neshodných výstupů;Steuerung nichtkonformer Ergebnisse;Show one recent customer/project example and trace the requirement to objective evidence and escalation.;Ukažte jeden aktuální zákaznický/projektový příklad a sledujte požadavek k objektivnímu důkazu a eskalaci.;Ein aktuelles Kunden-/Projektbeispiel zeigen und die Anforderung bis zu objektivem Nachweis und Eskalation verfolgen.
9001-8-7-certification-1;9001-8-7;ISO 9001;ISO 9001:2015 + Amd 1:2024;8.7;8;high;certification;Control of nonconforming outputs;Řízení neshodných výstupů;Steuerung nichtkonformer Ergebnisse;Which objective evidence demonstrates conformity and effective implementation of clause 8.7?;Který objektivní důkaz prokazuje shodu a účinné zavedení článku 8.7?;Welche objektiven Nachweise belegen Konformität und wirksame Umsetzung von Abschnitt 8.7?
9001-8-7-certification-2;9001-8-7;ISO 9001;ISO 9001:2015 + Amd 1:2024;8.7;8;high;certification;Control of nonconforming outputs;Řízení neshodných výstupů;Steuerung nichtkonformer Ergebnisse;Walk one current nonconforming item from detection through segregation, decision, authorization and final disposition.;Sledujte jednu aktuální neshodnou položku od zjištění přes oddělení, rozhodnutí, schválení až po konečné vypořádání.;Einen aktuellen nichtkonformen Gegenstand von Erkennung über Trennung, Entscheidung und Freigabe bis zur endgültigen Disposition verfolgen.
9001-8-7-certification-3;9001-8-7;ISO 9001;ISO 9001:2015 + Amd 1:2024;8.7;8;high;certification;Control of nonconforming outputs;Řízení neshodných výstupů;Steuerung nichtkonformer Ergebnisse;How does this control interact with related clauses, and how are gaps classified and corrected?;Jak toto řízení souvisí s navazujícími články a jak se klasifikují a řeší mezery?;Wie wirkt diese Steuerung mit verwandten Abschnitten zusammen und wie werden Lücken klassifiziert und behoben?
9001-9-1-1-internal-1;9001-9-1-1;ISO 9001;ISO 9001:2015 + Amd 1:2024;9.1.1;9;high;internal;Monitoring, measurement, analysis and evaluation — general;Monitorování, měření, analýza a hodnocení — obecně;Überwachung, Messung, Analyse und Bewertung — Allgemeines;Select one KPI and verify definition, source data, calculation, validation, trend and management action.;Vyberte jeden KPI a ověřte definici, zdrojová data, výpočet, validaci, trend a opatření vedení.;Eine Kennzahl auswählen und Definition, Quelldaten, Berechnung, Validierung, Trend und Managementmaßnahme prüfen.
9001-9-1-1-internal-2;9001-9-1-1;ISO 9001;ISO 9001:2015 + Amd 1:2024;9.1.1;9;high;internal;Monitoring, measurement, analysis and evaluation — general;Monitorování, měření, analýza a hodnocení — obecně;Überwachung, Messung, Analyse und Bewertung — Allgemeines;How is monitoring, measurement, analysis and evaluation — general implemented in the selected process, and who owns the control?;Jak je v hodnoceném procesu zavedeno téma „Monitorování, měření, analýza a hodnocení — obecně“ a kdo vlastní příslušné řízení?;Wie ist „Überwachung, Messung, Analyse und Bewertung — Allgemeines“ im ausgewählten Prozess umgesetzt und wer verantwortet die Steuerung?
9001-9-1-1-internal-3;9001-9-1-1;ISO 9001;ISO 9001:2015 + Amd 1:2024;9.1.1;9;high;internal;Monitoring, measurement, analysis and evaluation — general;Monitorování, měření, analýza a hodnocení — obecně;Überwachung, Messung, Analyse und Bewertung — Allgemeines;Show a recent sample and explain how effectiveness, deviations and follow-up are evaluated.;Ukažte aktuální vzorek a vysvětlete, jak se hodnotí účinnost, odchylky a následná opatření.;Eine aktuelle Stichprobe zeigen und erläutern, wie Wirksamkeit, Abweichungen und Folgemaßnahmen bewertet werden.
9001-9-1-1-customer-1;9001-9-1-1;ISO 9001;ISO 9001:2015 + Amd 1:2024;9.1.1;9;high;customer;Monitoring, measurement, analysis and evaluation — general;Monitorování, měření, analýza a hodnocení — obecně;Überwachung, Messung, Analyse und Bewertung — Allgemeines;How does clause 9.1.1 protect customer, contractual or stakeholder expectations in this process?;Jak článek 9.1.1 chrání očekávání zákazníka, smluvní nebo jiné relevantní požadavky v tomto procesu?;Wie schützt Abschnitt 9.1.1 Kunden-, Vertrags- oder relevante Stakeholderanforderungen in diesem Prozess?
9001-9-1-1-customer-2;9001-9-1-1;ISO 9001;ISO 9001:2015 + Amd 1:2024;9.1.1;9;high;customer;Monitoring, measurement, analysis and evaluation — general;Monitorování, měření, analýza a hodnocení — obecně;Überwachung, Messung, Analyse und Bewertung — Allgemeines;Select one KPI and verify definition, source data, calculation, validation, trend and management action.;Vyberte jeden KPI a ověřte definici, zdrojová data, výpočet, validaci, trend a opatření vedení.;Eine Kennzahl auswählen und Definition, Quelldaten, Berechnung, Validierung, Trend und Managementmaßnahme prüfen.
9001-9-1-1-customer-3;9001-9-1-1;ISO 9001;ISO 9001:2015 + Amd 1:2024;9.1.1;9;high;customer;Monitoring, measurement, analysis and evaluation — general;Monitorování, měření, analýza a hodnocení — obecně;Überwachung, Messung, Analyse und Bewertung — Allgemeines;Show one recent customer/project example and trace the requirement to objective evidence and escalation.;Ukažte jeden aktuální zákaznický/projektový příklad a sledujte požadavek k objektivnímu důkazu a eskalaci.;Ein aktuelles Kunden-/Projektbeispiel zeigen und die Anforderung bis zu objektivem Nachweis und Eskalation verfolgen.
9001-9-1-1-certification-1;9001-9-1-1;ISO 9001;ISO 9001:2015 + Amd 1:2024;9.1.1;9;high;certification;Monitoring, measurement, analysis and evaluation — general;Monitorování, měření, analýza a hodnocení — obecně;Überwachung, Messung, Analyse und Bewertung — Allgemeines;Which objective evidence demonstrates conformity and effective implementation of clause 9.1.1?;Který objektivní důkaz prokazuje shodu a účinné zavedení článku 9.1.1?;Welche objektiven Nachweise belegen Konformität und wirksame Umsetzung von Abschnitt 9.1.1?
9001-9-1-1-certification-2;9001-9-1-1;ISO 9001;ISO 9001:2015 + Amd 1:2024;9.1.1;9;high;certification;Monitoring, measurement, analysis and evaluation — general;Monitorování, měření, analýza a hodnocení — obecně;Überwachung, Messung, Analyse und Bewertung — Allgemeines;Select one KPI and verify definition, source data, calculation, validation, trend and management action.;Vyberte jeden KPI a ověřte definici, zdrojová data, výpočet, validaci, trend a opatření vedení.;Eine Kennzahl auswählen und Definition, Quelldaten, Berechnung, Validierung, Trend und Managementmaßnahme prüfen.
9001-9-1-1-certification-3;9001-9-1-1;ISO 9001;ISO 9001:2015 + Amd 1:2024;9.1.1;9;high;certification;Monitoring, measurement, analysis and evaluation — general;Monitorování, měření, analýza a hodnocení — obecně;Überwachung, Messung, Analyse und Bewertung — Allgemeines;How does this control interact with related clauses, and how are gaps classified and corrected?;Jak toto řízení souvisí s navazujícími články a jak se klasifikují a řeší mezery?;Wie wirkt diese Steuerung mit verwandten Abschnitten zusammen und wie werden Lücken klassifiziert und behoben?
9001-9-1-2-internal-1;9001-9-1-2;ISO 9001;ISO 9001:2015 + Amd 1:2024;9.1.2;9;high;internal;Customer satisfaction;Spokojenost zákazníka;Kundenzufriedenheit;Which customer perception signal conflicts with the formal satisfaction score, and what was done?;Který signál vnímání zákazníka je v rozporu s formálním skóre spokojenosti a co bylo provedeno?;Welches Signal der Kundenwahrnehmung widerspricht dem formalen Zufriedenheitswert und was wurde getan?
9001-9-1-2-internal-2;9001-9-1-2;ISO 9001;ISO 9001:2015 + Amd 1:2024;9.1.2;9;high;internal;Customer satisfaction;Spokojenost zákazníka;Kundenzufriedenheit;How is customer satisfaction implemented in the selected process, and who owns the control?;Jak je v hodnoceném procesu zavedeno téma „Spokojenost zákazníka“ a kdo vlastní příslušné řízení?;Wie ist „Kundenzufriedenheit“ im ausgewählten Prozess umgesetzt und wer verantwortet die Steuerung?
9001-9-1-2-internal-3;9001-9-1-2;ISO 9001;ISO 9001:2015 + Amd 1:2024;9.1.2;9;high;internal;Customer satisfaction;Spokojenost zákazníka;Kundenzufriedenheit;Show a recent sample and explain how effectiveness, deviations and follow-up are evaluated.;Ukažte aktuální vzorek a vysvětlete, jak se hodnotí účinnost, odchylky a následná opatření.;Eine aktuelle Stichprobe zeigen und erläutern, wie Wirksamkeit, Abweichungen und Folgemaßnahmen bewertet werden.
9001-9-1-2-customer-1;9001-9-1-2;ISO 9001;ISO 9001:2015 + Amd 1:2024;9.1.2;9;high;customer;Customer satisfaction;Spokojenost zákazníka;Kundenzufriedenheit;How does clause 9.1.2 protect customer, contractual or stakeholder expectations in this process?;Jak článek 9.1.2 chrání očekávání zákazníka, smluvní nebo jiné relevantní požadavky v tomto procesu?;Wie schützt Abschnitt 9.1.2 Kunden-, Vertrags- oder relevante Stakeholderanforderungen in diesem Prozess?
9001-9-1-2-customer-2;9001-9-1-2;ISO 9001;ISO 9001:2015 + Amd 1:2024;9.1.2;9;high;customer;Customer satisfaction;Spokojenost zákazníka;Kundenzufriedenheit;Which customer perception signal conflicts with the formal satisfaction score, and what was done?;Který signál vnímání zákazníka je v rozporu s formálním skóre spokojenosti a co bylo provedeno?;Welches Signal der Kundenwahrnehmung widerspricht dem formalen Zufriedenheitswert und was wurde getan?
9001-9-1-2-customer-3;9001-9-1-2;ISO 9001;ISO 9001:2015 + Amd 1:2024;9.1.2;9;high;customer;Customer satisfaction;Spokojenost zákazníka;Kundenzufriedenheit;Show one recent customer/project example and trace the requirement to objective evidence and escalation.;Ukažte jeden aktuální zákaznický/projektový příklad a sledujte požadavek k objektivnímu důkazu a eskalaci.;Ein aktuelles Kunden-/Projektbeispiel zeigen und die Anforderung bis zu objektivem Nachweis und Eskalation verfolgen.
9001-9-1-2-certification-1;9001-9-1-2;ISO 9001;ISO 9001:2015 + Amd 1:2024;9.1.2;9;high;certification;Customer satisfaction;Spokojenost zákazníka;Kundenzufriedenheit;Which objective evidence demonstrates conformity and effective implementation of clause 9.1.2?;Který objektivní důkaz prokazuje shodu a účinné zavedení článku 9.1.2?;Welche objektiven Nachweise belegen Konformität und wirksame Umsetzung von Abschnitt 9.1.2?
9001-9-1-2-certification-2;9001-9-1-2;ISO 9001;ISO 9001:2015 + Amd 1:2024;9.1.2;9;high;certification;Customer satisfaction;Spokojenost zákazníka;Kundenzufriedenheit;Which customer perception signal conflicts with the formal satisfaction score, and what was done?;Který signál vnímání zákazníka je v rozporu s formálním skóre spokojenosti a co bylo provedeno?;Welches Signal der Kundenwahrnehmung widerspricht dem formalen Zufriedenheitswert und was wurde getan?
9001-9-1-2-certification-3;9001-9-1-2;ISO 9001;ISO 9001:2015 + Amd 1:2024;9.1.2;9;high;certification;Customer satisfaction;Spokojenost zákazníka;Kundenzufriedenheit;How does this control interact with related clauses, and how are gaps classified and corrected?;Jak toto řízení souvisí s navazujícími články a jak se klasifikují a řeší mezery?;Wie wirkt diese Steuerung mit verwandten Abschnitten zusammen und wie werden Lücken klassifiziert und behoben?
9001-9-1-3-internal-1;9001-9-1-3;ISO 9001;ISO 9001:2015 + Amd 1:2024;9.1.3;9;high;internal;Analysis and evaluation;Analýza a hodnocení;Analyse und Bewertung;Show a data trend that changed a control, resource or improvement decision.;Ukažte trend dat, který změnil opatření, zdroj nebo rozhodnutí o zlepšení.;Einen Datentrend zeigen, der eine Kontroll-, Ressourcen- oder Verbesserungsentscheidung verändert hat.
9001-9-1-3-internal-2;9001-9-1-3;ISO 9001;ISO 9001:2015 + Amd 1:2024;9.1.3;9;high;internal;Analysis and evaluation;Analýza a hodnocení;Analyse und Bewertung;How is analysis and evaluation implemented in the selected process, and who owns the control?;Jak je v hodnoceném procesu zavedeno téma „Analýza a hodnocení“ a kdo vlastní příslušné řízení?;Wie ist „Analyse und Bewertung“ im ausgewählten Prozess umgesetzt und wer verantwortet die Steuerung?
9001-9-1-3-internal-3;9001-9-1-3;ISO 9001;ISO 9001:2015 + Amd 1:2024;9.1.3;9;high;internal;Analysis and evaluation;Analýza a hodnocení;Analyse und Bewertung;Show a recent sample and explain how effectiveness, deviations and follow-up are evaluated.;Ukažte aktuální vzorek a vysvětlete, jak se hodnotí účinnost, odchylky a následná opatření.;Eine aktuelle Stichprobe zeigen und erläutern, wie Wirksamkeit, Abweichungen und Folgemaßnahmen bewertet werden.
9001-9-1-3-customer-1;9001-9-1-3;ISO 9001;ISO 9001:2015 + Amd 1:2024;9.1.3;9;high;customer;Analysis and evaluation;Analýza a hodnocení;Analyse und Bewertung;How does clause 9.1.3 protect customer, contractual or stakeholder expectations in this process?;Jak článek 9.1.3 chrání očekávání zákazníka, smluvní nebo jiné relevantní požadavky v tomto procesu?;Wie schützt Abschnitt 9.1.3 Kunden-, Vertrags- oder relevante Stakeholderanforderungen in diesem Prozess?
9001-9-1-3-customer-2;9001-9-1-3;ISO 9001;ISO 9001:2015 + Amd 1:2024;9.1.3;9;high;customer;Analysis and evaluation;Analýza a hodnocení;Analyse und Bewertung;Show a data trend that changed a control, resource or improvement decision.;Ukažte trend dat, který změnil opatření, zdroj nebo rozhodnutí o zlepšení.;Einen Datentrend zeigen, der eine Kontroll-, Ressourcen- oder Verbesserungsentscheidung verändert hat.
9001-9-1-3-customer-3;9001-9-1-3;ISO 9001;ISO 9001:2015 + Amd 1:2024;9.1.3;9;high;customer;Analysis and evaluation;Analýza a hodnocení;Analyse und Bewertung;Show one recent customer/project example and trace the requirement to objective evidence and escalation.;Ukažte jeden aktuální zákaznický/projektový příklad a sledujte požadavek k objektivnímu důkazu a eskalaci.;Ein aktuelles Kunden-/Projektbeispiel zeigen und die Anforderung bis zu objektivem Nachweis und Eskalation verfolgen.
9001-9-1-3-certification-1;9001-9-1-3;ISO 9001;ISO 9001:2015 + Amd 1:2024;9.1.3;9;high;certification;Analysis and evaluation;Analýza a hodnocení;Analyse und Bewertung;Which objective evidence demonstrates conformity and effective implementation of clause 9.1.3?;Který objektivní důkaz prokazuje shodu a účinné zavedení článku 9.1.3?;Welche objektiven Nachweise belegen Konformität und wirksame Umsetzung von Abschnitt 9.1.3?
9001-9-1-3-certification-2;9001-9-1-3;ISO 9001;ISO 9001:2015 + Amd 1:2024;9.1.3;9;high;certification;Analysis and evaluation;Analýza a hodnocení;Analyse und Bewertung;Show a data trend that changed a control, resource or improvement decision.;Ukažte trend dat, který změnil opatření, zdroj nebo rozhodnutí o zlepšení.;Einen Datentrend zeigen, der eine Kontroll-, Ressourcen- oder Verbesserungsentscheidung verändert hat.
9001-9-1-3-certification-3;9001-9-1-3;ISO 9001;ISO 9001:2015 + Amd 1:2024;9.1.3;9;high;certification;Analysis and evaluation;Analýza a hodnocení;Analyse und Bewertung;How does this control interact with related clauses, and how are gaps classified and corrected?;Jak toto řízení souvisí s navazujícími články a jak se klasifikují a řeší mezery?;Wie wirkt diese Steuerung mit verwandten Abschnitten zusammen und wie werden Lücken klassifiziert und behoben?
9001-9-2-1-internal-1;9001-9-2-1;ISO 9001;ISO 9001:2015 + Amd 1:2024;9.2.1;9;high;internal;Internal audit — general;Interní audit — obecně;Internes Audit — Allgemeines;How did the last audit test effectiveness beyond document conformity?;Jak poslední audit ověřoval účinnost nad rámec shody dokumentace?;Wie prüfte das letzte Audit Wirksamkeit über Dokumentenkonformität hinaus?
9001-9-2-1-internal-2;9001-9-2-1;ISO 9001;ISO 9001:2015 + Amd 1:2024;9.2.1;9;high;internal;Internal audit — general;Interní audit — obecně;Internes Audit — Allgemeines;How is internal audit — general implemented in the selected process, and who owns the control?;Jak je v hodnoceném procesu zavedeno téma „Interní audit — obecně“ a kdo vlastní příslušné řízení?;Wie ist „Internes Audit — Allgemeines“ im ausgewählten Prozess umgesetzt und wer verantwortet die Steuerung?
9001-9-2-1-internal-3;9001-9-2-1;ISO 9001;ISO 9001:2015 + Amd 1:2024;9.2.1;9;high;internal;Internal audit — general;Interní audit — obecně;Internes Audit — Allgemeines;Show a recent sample and explain how effectiveness, deviations and follow-up are evaluated.;Ukažte aktuální vzorek a vysvětlete, jak se hodnotí účinnost, odchylky a následná opatření.;Eine aktuelle Stichprobe zeigen und erläutern, wie Wirksamkeit, Abweichungen und Folgemaßnahmen bewertet werden.
9001-9-2-1-customer-1;9001-9-2-1;ISO 9001;ISO 9001:2015 + Amd 1:2024;9.2.1;9;high;customer;Internal audit — general;Interní audit — obecně;Internes Audit — Allgemeines;How does clause 9.2.1 protect customer, contractual or stakeholder expectations in this process?;Jak článek 9.2.1 chrání očekávání zákazníka, smluvní nebo jiné relevantní požadavky v tomto procesu?;Wie schützt Abschnitt 9.2.1 Kunden-, Vertrags- oder relevante Stakeholderanforderungen in diesem Prozess?
9001-9-2-1-customer-2;9001-9-2-1;ISO 9001;ISO 9001:2015 + Amd 1:2024;9.2.1;9;high;customer;Internal audit — general;Interní audit — obecně;Internes Audit — Allgemeines;How did the last audit test effectiveness beyond document conformity?;Jak poslední audit ověřoval účinnost nad rámec shody dokumentace?;Wie prüfte das letzte Audit Wirksamkeit über Dokumentenkonformität hinaus?
9001-9-2-1-customer-3;9001-9-2-1;ISO 9001;ISO 9001:2015 + Amd 1:2024;9.2.1;9;high;customer;Internal audit — general;Interní audit — obecně;Internes Audit — Allgemeines;Show one recent customer/project example and trace the requirement to objective evidence and escalation.;Ukažte jeden aktuální zákaznický/projektový příklad a sledujte požadavek k objektivnímu důkazu a eskalaci.;Ein aktuelles Kunden-/Projektbeispiel zeigen und die Anforderung bis zu objektivem Nachweis und Eskalation verfolgen.
9001-9-2-1-certification-1;9001-9-2-1;ISO 9001;ISO 9001:2015 + Amd 1:2024;9.2.1;9;high;certification;Internal audit — general;Interní audit — obecně;Internes Audit — Allgemeines;Which objective evidence demonstrates conformity and effective implementation of clause 9.2.1?;Který objektivní důkaz prokazuje shodu a účinné zavedení článku 9.2.1?;Welche objektiven Nachweise belegen Konformität und wirksame Umsetzung von Abschnitt 9.2.1?
9001-9-2-1-certification-2;9001-9-2-1;ISO 9001;ISO 9001:2015 + Amd 1:2024;9.2.1;9;high;certification;Internal audit — general;Interní audit — obecně;Internes Audit — Allgemeines;How did the last audit test effectiveness beyond document conformity?;Jak poslední audit ověřoval účinnost nad rámec shody dokumentace?;Wie prüfte das letzte Audit Wirksamkeit über Dokumentenkonformität hinaus?
9001-9-2-1-certification-3;9001-9-2-1;ISO 9001;ISO 9001:2015 + Amd 1:2024;9.2.1;9;high;certification;Internal audit — general;Interní audit — obecně;Internes Audit — Allgemeines;How does this control interact with related clauses, and how are gaps classified and corrected?;Jak toto řízení souvisí s navazujícími články a jak se klasifikují a řeší mezery?;Wie wirkt diese Steuerung mit verwandten Abschnitten zusammen und wie werden Lücken klassifiziert und behoben?
9001-9-2-2-internal-1;9001-9-2-2;ISO 9001;ISO 9001:2015 + Amd 1:2024;9.2.2;9;high;internal;Internal audit programme;Program interních auditů;Internes Auditprogramm;Why were these processes and frequencies selected, and what changed after previous findings?;Proč byly zvoleny právě tyto procesy a četnosti a co se změnilo po předchozích zjištěních?;Warum wurden diese Prozesse und Häufigkeiten gewählt und was änderte sich nach früheren Feststellungen?
9001-9-2-2-internal-2;9001-9-2-2;ISO 9001;ISO 9001:2015 + Amd 1:2024;9.2.2;9;high;internal;Internal audit programme;Program interních auditů;Internes Auditprogramm;How is internal audit programme implemented in the selected process, and who owns the control?;Jak je v hodnoceném procesu zavedeno téma „Program interních auditů“ a kdo vlastní příslušné řízení?;Wie ist „Internes Auditprogramm“ im ausgewählten Prozess umgesetzt und wer verantwortet die Steuerung?
9001-9-2-2-internal-3;9001-9-2-2;ISO 9001;ISO 9001:2015 + Amd 1:2024;9.2.2;9;high;internal;Internal audit programme;Program interních auditů;Internes Auditprogramm;Show a recent sample and explain how effectiveness, deviations and follow-up are evaluated.;Ukažte aktuální vzorek a vysvětlete, jak se hodnotí účinnost, odchylky a následná opatření.;Eine aktuelle Stichprobe zeigen und erläutern, wie Wirksamkeit, Abweichungen und Folgemaßnahmen bewertet werden.
9001-9-2-2-customer-1;9001-9-2-2;ISO 9001;ISO 9001:2015 + Amd 1:2024;9.2.2;9;high;customer;Internal audit programme;Program interních auditů;Internes Auditprogramm;How does clause 9.2.2 protect customer, contractual or stakeholder expectations in this process?;Jak článek 9.2.2 chrání očekávání zákazníka, smluvní nebo jiné relevantní požadavky v tomto procesu?;Wie schützt Abschnitt 9.2.2 Kunden-, Vertrags- oder relevante Stakeholderanforderungen in diesem Prozess?
9001-9-2-2-customer-2;9001-9-2-2;ISO 9001;ISO 9001:2015 + Amd 1:2024;9.2.2;9;high;customer;Internal audit programme;Program interních auditů;Internes Auditprogramm;Why were these processes and frequencies selected, and what changed after previous findings?;Proč byly zvoleny právě tyto procesy a četnosti a co se změnilo po předchozích zjištěních?;Warum wurden diese Prozesse und Häufigkeiten gewählt und was änderte sich nach früheren Feststellungen?
9001-9-2-2-customer-3;9001-9-2-2;ISO 9001;ISO 9001:2015 + Amd 1:2024;9.2.2;9;high;customer;Internal audit programme;Program interních auditů;Internes Auditprogramm;Show one recent customer/project example and trace the requirement to objective evidence and escalation.;Ukažte jeden aktuální zákaznický/projektový příklad a sledujte požadavek k objektivnímu důkazu a eskalaci.;Ein aktuelles Kunden-/Projektbeispiel zeigen und die Anforderung bis zu objektivem Nachweis und Eskalation verfolgen.
9001-9-2-2-certification-1;9001-9-2-2;ISO 9001;ISO 9001:2015 + Amd 1:2024;9.2.2;9;high;certification;Internal audit programme;Program interních auditů;Internes Auditprogramm;Which objective evidence demonstrates conformity and effective implementation of clause 9.2.2?;Který objektivní důkaz prokazuje shodu a účinné zavedení článku 9.2.2?;Welche objektiven Nachweise belegen Konformität und wirksame Umsetzung von Abschnitt 9.2.2?
9001-9-2-2-certification-2;9001-9-2-2;ISO 9001;ISO 9001:2015 + Amd 1:2024;9.2.2;9;high;certification;Internal audit programme;Program interních auditů;Internes Auditprogramm;Why were these processes and frequencies selected, and what changed after previous findings?;Proč byly zvoleny právě tyto procesy a četnosti a co se změnilo po předchozích zjištěních?;Warum wurden diese Prozesse und Häufigkeiten gewählt und was änderte sich nach früheren Feststellungen?
9001-9-2-2-certification-3;9001-9-2-2;ISO 9001;ISO 9001:2015 + Amd 1:2024;9.2.2;9;high;certification;Internal audit programme;Program interních auditů;Internes Auditprogramm;How does this control interact with related clauses, and how are gaps classified and corrected?;Jak toto řízení souvisí s navazujícími články a jak se klasifikují a řeší mezery?;Wie wirkt diese Steuerung mit verwandten Abschnitten zusammen und wie werden Lücken klassifiziert und behoben?
9001-9-3-1-internal-1;9001-9-3-1;ISO 9001;ISO 9001:2015 + Amd 1:2024;9.3.1;9;high;internal;Management review — general;Přezkoumání vedením — obecně;Managementbewertung — Allgemeines;What strategic decision resulted from the latest management review?;Jaké strategické rozhodnutí vyplynulo z posledního přezkoumání vedením?;Welche strategische Entscheidung ergab sich aus der letzten Managementbewertung?
9001-9-3-1-internal-2;9001-9-3-1;ISO 9001;ISO 9001:2015 + Amd 1:2024;9.3.1;9;high;internal;Management review — general;Přezkoumání vedením — obecně;Managementbewertung — Allgemeines;How is management review — general implemented in the selected process, and who owns the control?;Jak je v hodnoceném procesu zavedeno téma „Přezkoumání vedením — obecně“ a kdo vlastní příslušné řízení?;Wie ist „Managementbewertung — Allgemeines“ im ausgewählten Prozess umgesetzt und wer verantwortet die Steuerung?
9001-9-3-1-internal-3;9001-9-3-1;ISO 9001;ISO 9001:2015 + Amd 1:2024;9.3.1;9;high;internal;Management review — general;Přezkoumání vedením — obecně;Managementbewertung — Allgemeines;Show a recent sample and explain how effectiveness, deviations and follow-up are evaluated.;Ukažte aktuální vzorek a vysvětlete, jak se hodnotí účinnost, odchylky a následná opatření.;Eine aktuelle Stichprobe zeigen und erläutern, wie Wirksamkeit, Abweichungen und Folgemaßnahmen bewertet werden.
9001-9-3-1-customer-1;9001-9-3-1;ISO 9001;ISO 9001:2015 + Amd 1:2024;9.3.1;9;high;customer;Management review — general;Přezkoumání vedením — obecně;Managementbewertung — Allgemeines;How does clause 9.3.1 protect customer, contractual or stakeholder expectations in this process?;Jak článek 9.3.1 chrání očekávání zákazníka, smluvní nebo jiné relevantní požadavky v tomto procesu?;Wie schützt Abschnitt 9.3.1 Kunden-, Vertrags- oder relevante Stakeholderanforderungen in diesem Prozess?
9001-9-3-1-customer-2;9001-9-3-1;ISO 9001;ISO 9001:2015 + Amd 1:2024;9.3.1;9;high;customer;Management review — general;Přezkoumání vedením — obecně;Managementbewertung — Allgemeines;What strategic decision resulted from the latest management review?;Jaké strategické rozhodnutí vyplynulo z posledního přezkoumání vedením?;Welche strategische Entscheidung ergab sich aus der letzten Managementbewertung?
9001-9-3-1-customer-3;9001-9-3-1;ISO 9001;ISO 9001:2015 + Amd 1:2024;9.3.1;9;high;customer;Management review — general;Přezkoumání vedením — obecně;Managementbewertung — Allgemeines;Show one recent customer/project example and trace the requirement to objective evidence and escalation.;Ukažte jeden aktuální zákaznický/projektový příklad a sledujte požadavek k objektivnímu důkazu a eskalaci.;Ein aktuelles Kunden-/Projektbeispiel zeigen und die Anforderung bis zu objektivem Nachweis und Eskalation verfolgen.
9001-9-3-1-certification-1;9001-9-3-1;ISO 9001;ISO 9001:2015 + Amd 1:2024;9.3.1;9;high;certification;Management review — general;Přezkoumání vedením — obecně;Managementbewertung — Allgemeines;Which objective evidence demonstrates conformity and effective implementation of clause 9.3.1?;Který objektivní důkaz prokazuje shodu a účinné zavedení článku 9.3.1?;Welche objektiven Nachweise belegen Konformität und wirksame Umsetzung von Abschnitt 9.3.1?
9001-9-3-1-certification-2;9001-9-3-1;ISO 9001;ISO 9001:2015 + Amd 1:2024;9.3.1;9;high;certification;Management review — general;Přezkoumání vedením — obecně;Managementbewertung — Allgemeines;What strategic decision resulted from the latest management review?;Jaké strategické rozhodnutí vyplynulo z posledního přezkoumání vedením?;Welche strategische Entscheidung ergab sich aus der letzten Managementbewertung?
9001-9-3-1-certification-3;9001-9-3-1;ISO 9001;ISO 9001:2015 + Amd 1:2024;9.3.1;9;high;certification;Management review — general;Přezkoumání vedením — obecně;Managementbewertung — Allgemeines;How does this control interact with related clauses, and how are gaps classified and corrected?;Jak toto řízení souvisí s navazujícími články a jak se klasifikují a řeší mezery?;Wie wirkt diese Steuerung mit verwandten Abschnitten zusammen und wie werden Lücken klassifiziert und behoben?
9001-9-3-2-internal-1;9001-9-3-2;ISO 9001;ISO 9001:2015 + Amd 1:2024;9.3.2;9;high;internal;Management review inputs;Vstupy přezkoumání vedením;Eingaben der Managementbewertung;Which mandatory input is weakest or least reliable, and how is data quality being improved?;Který povinný vstup je nejslabší nebo nejméně spolehlivý a jak se zlepšuje kvalita dat?;Welche vorgeschriebene Eingabe ist am schwächsten oder unzuverlässigsten und wie wird die Datenqualität verbessert?
9001-9-3-2-internal-2;9001-9-3-2;ISO 9001;ISO 9001:2015 + Amd 1:2024;9.3.2;9;high;internal;Management review inputs;Vstupy přezkoumání vedením;Eingaben der Managementbewertung;How is management review inputs implemented in the selected process, and who owns the control?;Jak je v hodnoceném procesu zavedeno téma „Vstupy přezkoumání vedením“ a kdo vlastní příslušné řízení?;Wie ist „Eingaben der Managementbewertung“ im ausgewählten Prozess umgesetzt und wer verantwortet die Steuerung?
9001-9-3-2-internal-3;9001-9-3-2;ISO 9001;ISO 9001:2015 + Amd 1:2024;9.3.2;9;high;internal;Management review inputs;Vstupy přezkoumání vedením;Eingaben der Managementbewertung;Show a recent sample and explain how effectiveness, deviations and follow-up are evaluated.;Ukažte aktuální vzorek a vysvětlete, jak se hodnotí účinnost, odchylky a následná opatření.;Eine aktuelle Stichprobe zeigen und erläutern, wie Wirksamkeit, Abweichungen und Folgemaßnahmen bewertet werden.
9001-9-3-2-customer-1;9001-9-3-2;ISO 9001;ISO 9001:2015 + Amd 1:2024;9.3.2;9;high;customer;Management review inputs;Vstupy přezkoumání vedením;Eingaben der Managementbewertung;How does clause 9.3.2 protect customer, contractual or stakeholder expectations in this process?;Jak článek 9.3.2 chrání očekávání zákazníka, smluvní nebo jiné relevantní požadavky v tomto procesu?;Wie schützt Abschnitt 9.3.2 Kunden-, Vertrags- oder relevante Stakeholderanforderungen in diesem Prozess?
9001-9-3-2-customer-2;9001-9-3-2;ISO 9001;ISO 9001:2015 + Amd 1:2024;9.3.2;9;high;customer;Management review inputs;Vstupy přezkoumání vedením;Eingaben der Managementbewertung;Which mandatory input is weakest or least reliable, and how is data quality being improved?;Který povinný vstup je nejslabší nebo nejméně spolehlivý a jak se zlepšuje kvalita dat?;Welche vorgeschriebene Eingabe ist am schwächsten oder unzuverlässigsten und wie wird die Datenqualität verbessert?
9001-9-3-2-customer-3;9001-9-3-2;ISO 9001;ISO 9001:2015 + Amd 1:2024;9.3.2;9;high;customer;Management review inputs;Vstupy přezkoumání vedením;Eingaben der Managementbewertung;Show one recent customer/project example and trace the requirement to objective evidence and escalation.;Ukažte jeden aktuální zákaznický/projektový příklad a sledujte požadavek k objektivnímu důkazu a eskalaci.;Ein aktuelles Kunden-/Projektbeispiel zeigen und die Anforderung bis zu objektivem Nachweis und Eskalation verfolgen.
9001-9-3-2-certification-1;9001-9-3-2;ISO 9001;ISO 9001:2015 + Amd 1:2024;9.3.2;9;high;certification;Management review inputs;Vstupy přezkoumání vedením;Eingaben der Managementbewertung;Which objective evidence demonstrates conformity and effective implementation of clause 9.3.2?;Který objektivní důkaz prokazuje shodu a účinné zavedení článku 9.3.2?;Welche objektiven Nachweise belegen Konformität und wirksame Umsetzung von Abschnitt 9.3.2?
9001-9-3-2-certification-2;9001-9-3-2;ISO 9001;ISO 9001:2015 + Amd 1:2024;9.3.2;9;high;certification;Management review inputs;Vstupy přezkoumání vedením;Eingaben der Managementbewertung;Which mandatory input is weakest or least reliable, and how is data quality being improved?;Který povinný vstup je nejslabší nebo nejméně spolehlivý a jak se zlepšuje kvalita dat?;Welche vorgeschriebene Eingabe ist am schwächsten oder unzuverlässigsten und wie wird die Datenqualität verbessert?
9001-9-3-2-certification-3;9001-9-3-2;ISO 9001;ISO 9001:2015 + Amd 1:2024;9.3.2;9;high;certification;Management review inputs;Vstupy přezkoumání vedením;Eingaben der Managementbewertung;How does this control interact with related clauses, and how are gaps classified and corrected?;Jak toto řízení souvisí s navazujícími články a jak se klasifikují a řeší mezery?;Wie wirkt diese Steuerung mit verwandten Abschnitten zusammen und wie werden Lücken klassifiziert und behoben?
9001-9-3-3-internal-1;9001-9-3-3;ISO 9001;ISO 9001:2015 + Amd 1:2024;9.3.3;9;high;internal;Management review results and outputs;Výsledky a výstupy přezkoumání vedením;Ergebnisse der Managementbewertung;Select one review decision and verify owner, resources, due date, implementation and closure evidence.;Vyberte jedno rozhodnutí z přezkumu a ověřte vlastníka, zdroje, termín, realizaci a důkaz uzavření.;Eine Review-Entscheidung auswählen und Verantwortlichen, Ressourcen, Termin, Umsetzung und Abschlussnachweis prüfen.
9001-9-3-3-internal-2;9001-9-3-3;ISO 9001;ISO 9001:2015 + Amd 1:2024;9.3.3;9;high;internal;Management review results and outputs;Výsledky a výstupy přezkoumání vedením;Ergebnisse der Managementbewertung;How is management review results and outputs implemented in the selected process, and who owns the control?;Jak je v hodnoceném procesu zavedeno téma „Výsledky a výstupy přezkoumání vedením“ a kdo vlastní příslušné řízení?;Wie ist „Ergebnisse der Managementbewertung“ im ausgewählten Prozess umgesetzt und wer verantwortet die Steuerung?
9001-9-3-3-internal-3;9001-9-3-3;ISO 9001;ISO 9001:2015 + Amd 1:2024;9.3.3;9;high;internal;Management review results and outputs;Výsledky a výstupy přezkoumání vedením;Ergebnisse der Managementbewertung;Show a recent sample and explain how effectiveness, deviations and follow-up are evaluated.;Ukažte aktuální vzorek a vysvětlete, jak se hodnotí účinnost, odchylky a následná opatření.;Eine aktuelle Stichprobe zeigen und erläutern, wie Wirksamkeit, Abweichungen und Folgemaßnahmen bewertet werden.
9001-9-3-3-customer-1;9001-9-3-3;ISO 9001;ISO 9001:2015 + Amd 1:2024;9.3.3;9;high;customer;Management review results and outputs;Výsledky a výstupy přezkoumání vedením;Ergebnisse der Managementbewertung;How does clause 9.3.3 protect customer, contractual or stakeholder expectations in this process?;Jak článek 9.3.3 chrání očekávání zákazníka, smluvní nebo jiné relevantní požadavky v tomto procesu?;Wie schützt Abschnitt 9.3.3 Kunden-, Vertrags- oder relevante Stakeholderanforderungen in diesem Prozess?
9001-9-3-3-customer-2;9001-9-3-3;ISO 9001;ISO 9001:2015 + Amd 1:2024;9.3.3;9;high;customer;Management review results and outputs;Výsledky a výstupy přezkoumání vedením;Ergebnisse der Managementbewertung;Select one review decision and verify owner, resources, due date, implementation and closure evidence.;Vyberte jedno rozhodnutí z přezkumu a ověřte vlastníka, zdroje, termín, realizaci a důkaz uzavření.;Eine Review-Entscheidung auswählen und Verantwortlichen, Ressourcen, Termin, Umsetzung und Abschlussnachweis prüfen.
9001-9-3-3-customer-3;9001-9-3-3;ISO 9001;ISO 9001:2015 + Amd 1:2024;9.3.3;9;high;customer;Management review results and outputs;Výsledky a výstupy přezkoumání vedením;Ergebnisse der Managementbewertung;Show one recent customer/project example and trace the requirement to objective evidence and escalation.;Ukažte jeden aktuální zákaznický/projektový příklad a sledujte požadavek k objektivnímu důkazu a eskalaci.;Ein aktuelles Kunden-/Projektbeispiel zeigen und die Anforderung bis zu objektivem Nachweis und Eskalation verfolgen.
9001-9-3-3-certification-1;9001-9-3-3;ISO 9001;ISO 9001:2015 + Amd 1:2024;9.3.3;9;high;certification;Management review results and outputs;Výsledky a výstupy přezkoumání vedením;Ergebnisse der Managementbewertung;Which objective evidence demonstrates conformity and effective implementation of clause 9.3.3?;Který objektivní důkaz prokazuje shodu a účinné zavedení článku 9.3.3?;Welche objektiven Nachweise belegen Konformität und wirksame Umsetzung von Abschnitt 9.3.3?
9001-9-3-3-certification-2;9001-9-3-3;ISO 9001;ISO 9001:2015 + Amd 1:2024;9.3.3;9;high;certification;Management review results and outputs;Výsledky a výstupy přezkoumání vedením;Ergebnisse der Managementbewertung;Select one review decision and verify owner, resources, due date, implementation and closure evidence.;Vyberte jedno rozhodnutí z přezkumu a ověřte vlastníka, zdroje, termín, realizaci a důkaz uzavření.;Eine Review-Entscheidung auswählen und Verantwortlichen, Ressourcen, Termin, Umsetzung und Abschlussnachweis prüfen.
9001-9-3-3-certification-3;9001-9-3-3;ISO 9001;ISO 9001:2015 + Amd 1:2024;9.3.3;9;high;certification;Management review results and outputs;Výsledky a výstupy přezkoumání vedením;Ergebnisse der Managementbewertung;How does this control interact with related clauses, and how are gaps classified and corrected?;Jak toto řízení souvisí s navazujícími články a jak se klasifikují a řeší mezery?;Wie wirkt diese Steuerung mit verwandten Abschnitten zusammen und wie werden Lücken klassifiziert und behoben?
9001-10-1-internal-1;9001-10-1;ISO 9001;ISO 9001:2015 + Amd 1:2024;10.1;10;medium;internal;Improvement — general;Zlepšování — obecně;Verbesserung — Allgemeines;Which improvement delivered the strongest verified performance benefit in the last year?;Které zlepšení přineslo v posledním roce nejsilnější ověřený přínos pro výkonnost?;Welche Verbesserung brachte im letzten Jahr den stärksten verifizierten Leistungsnutzen?
9001-10-1-internal-2;9001-10-1;ISO 9001;ISO 9001:2015 + Amd 1:2024;10.1;10;medium;internal;Improvement — general;Zlepšování — obecně;Verbesserung — Allgemeines;How is improvement — general implemented in the selected process, and who owns the control?;Jak je v hodnoceném procesu zavedeno téma „Zlepšování — obecně“ a kdo vlastní příslušné řízení?;Wie ist „Verbesserung — Allgemeines“ im ausgewählten Prozess umgesetzt und wer verantwortet die Steuerung?
9001-10-1-internal-3;9001-10-1;ISO 9001;ISO 9001:2015 + Amd 1:2024;10.1;10;medium;internal;Improvement — general;Zlepšování — obecně;Verbesserung — Allgemeines;Show a recent sample and explain how effectiveness, deviations and follow-up are evaluated.;Ukažte aktuální vzorek a vysvětlete, jak se hodnotí účinnost, odchylky a následná opatření.;Eine aktuelle Stichprobe zeigen und erläutern, wie Wirksamkeit, Abweichungen und Folgemaßnahmen bewertet werden.
9001-10-1-customer-1;9001-10-1;ISO 9001;ISO 9001:2015 + Amd 1:2024;10.1;10;medium;customer;Improvement — general;Zlepšování — obecně;Verbesserung — Allgemeines;How does clause 10.1 protect customer, contractual or stakeholder expectations in this process?;Jak článek 10.1 chrání očekávání zákazníka, smluvní nebo jiné relevantní požadavky v tomto procesu?;Wie schützt Abschnitt 10.1 Kunden-, Vertrags- oder relevante Stakeholderanforderungen in diesem Prozess?
9001-10-1-customer-2;9001-10-1;ISO 9001;ISO 9001:2015 + Amd 1:2024;10.1;10;medium;customer;Improvement — general;Zlepšování — obecně;Verbesserung — Allgemeines;Which improvement delivered the strongest verified performance benefit in the last year?;Které zlepšení přineslo v posledním roce nejsilnější ověřený přínos pro výkonnost?;Welche Verbesserung brachte im letzten Jahr den stärksten verifizierten Leistungsnutzen?
9001-10-1-customer-3;9001-10-1;ISO 9001;ISO 9001:2015 + Amd 1:2024;10.1;10;medium;customer;Improvement — general;Zlepšování — obecně;Verbesserung — Allgemeines;Show one recent customer/project example and trace the requirement to objective evidence and escalation.;Ukažte jeden aktuální zákaznický/projektový příklad a sledujte požadavek k objektivnímu důkazu a eskalaci.;Ein aktuelles Kunden-/Projektbeispiel zeigen und die Anforderung bis zu objektivem Nachweis und Eskalation verfolgen.
9001-10-1-certification-1;9001-10-1;ISO 9001;ISO 9001:2015 + Amd 1:2024;10.1;10;medium;certification;Improvement — general;Zlepšování — obecně;Verbesserung — Allgemeines;Which objective evidence demonstrates conformity and effective implementation of clause 10.1?;Který objektivní důkaz prokazuje shodu a účinné zavedení článku 10.1?;Welche objektiven Nachweise belegen Konformität und wirksame Umsetzung von Abschnitt 10.1?
9001-10-1-certification-2;9001-10-1;ISO 9001;ISO 9001:2015 + Amd 1:2024;10.1;10;medium;certification;Improvement — general;Zlepšování — obecně;Verbesserung — Allgemeines;Which improvement delivered the strongest verified performance benefit in the last year?;Které zlepšení přineslo v posledním roce nejsilnější ověřený přínos pro výkonnost?;Welche Verbesserung brachte im letzten Jahr den stärksten verifizierten Leistungsnutzen?
9001-10-1-certification-3;9001-10-1;ISO 9001;ISO 9001:2015 + Amd 1:2024;10.1;10;medium;certification;Improvement — general;Zlepšování — obecně;Verbesserung — Allgemeines;How does this control interact with related clauses, and how are gaps classified and corrected?;Jak toto řízení souvisí s navazujícími články a jak se klasifikují a řeší mezery?;Wie wirkt diese Steuerung mit verwandten Abschnitten zusammen und wie werden Lücken klassifiziert und behoben?
9001-10-2-internal-1;9001-10-2;ISO 9001;ISO 9001:2015 + Amd 1:2024;10.2;10;high;internal;Nonconformity and corrective action;Neshoda a nápravné opatření;Nichtkonformität und Korrekturmaßnahmen;Trace one significant nonconformity from containment through systemic root cause to effectiveness verification.;Sledujte jednu významnou neshodu od omezení dopadu přes systémovou kořenovou příčinu až po ověření účinnosti.;Eine wesentliche Nichtkonformität von Eindämmung über systemische Ursache bis zur Wirksamkeitsprüfung verfolgen.
9001-10-2-internal-2;9001-10-2;ISO 9001;ISO 9001:2015 + Amd 1:2024;10.2;10;high;internal;Nonconformity and corrective action;Neshoda a nápravné opatření;Nichtkonformität und Korrekturmaßnahmen;How is nonconformity and corrective action implemented in the selected process, and who owns the control?;Jak je v hodnoceném procesu zavedeno téma „Neshoda a nápravné opatření“ a kdo vlastní příslušné řízení?;Wie ist „Nichtkonformität und Korrekturmaßnahmen“ im ausgewählten Prozess umgesetzt und wer verantwortet die Steuerung?
9001-10-2-internal-3;9001-10-2;ISO 9001;ISO 9001:2015 + Amd 1:2024;10.2;10;high;internal;Nonconformity and corrective action;Neshoda a nápravné opatření;Nichtkonformität und Korrekturmaßnahmen;Show a recent sample and explain how effectiveness, deviations and follow-up are evaluated.;Ukažte aktuální vzorek a vysvětlete, jak se hodnotí účinnost, odchylky a následná opatření.;Eine aktuelle Stichprobe zeigen und erläutern, wie Wirksamkeit, Abweichungen und Folgemaßnahmen bewertet werden.
9001-10-2-customer-1;9001-10-2;ISO 9001;ISO 9001:2015 + Amd 1:2024;10.2;10;high;customer;Nonconformity and corrective action;Neshoda a nápravné opatření;Nichtkonformität und Korrekturmaßnahmen;How does clause 10.2 protect customer, contractual or stakeholder expectations in this process?;Jak článek 10.2 chrání očekávání zákazníka, smluvní nebo jiné relevantní požadavky v tomto procesu?;Wie schützt Abschnitt 10.2 Kunden-, Vertrags- oder relevante Stakeholderanforderungen in diesem Prozess?
9001-10-2-customer-2;9001-10-2;ISO 9001;ISO 9001:2015 + Amd 1:2024;10.2;10;high;customer;Nonconformity and corrective action;Neshoda a nápravné opatření;Nichtkonformität und Korrekturmaßnahmen;Trace one significant nonconformity from containment through systemic root cause to effectiveness verification.;Sledujte jednu významnou neshodu od omezení dopadu přes systémovou kořenovou příčinu až po ověření účinnosti.;Eine wesentliche Nichtkonformität von Eindämmung über systemische Ursache bis zur Wirksamkeitsprüfung verfolgen.
9001-10-2-customer-3;9001-10-2;ISO 9001;ISO 9001:2015 + Amd 1:2024;10.2;10;high;customer;Nonconformity and corrective action;Neshoda a nápravné opatření;Nichtkonformität und Korrekturmaßnahmen;Show one recent customer/project example and trace the requirement to objective evidence and escalation.;Ukažte jeden aktuální zákaznický/projektový příklad a sledujte požadavek k objektivnímu důkazu a eskalaci.;Ein aktuelles Kunden-/Projektbeispiel zeigen und die Anforderung bis zu objektivem Nachweis und Eskalation verfolgen.
9001-10-2-certification-1;9001-10-2;ISO 9001;ISO 9001:2015 + Amd 1:2024;10.2;10;high;certification;Nonconformity and corrective action;Neshoda a nápravné opatření;Nichtkonformität und Korrekturmaßnahmen;Which objective evidence demonstrates conformity and effective implementation of clause 10.2?;Který objektivní důkaz prokazuje shodu a účinné zavedení článku 10.2?;Welche objektiven Nachweise belegen Konformität und wirksame Umsetzung von Abschnitt 10.2?
9001-10-2-certification-2;9001-10-2;ISO 9001;ISO 9001:2015 + Amd 1:2024;10.2;10;high;certification;Nonconformity and corrective action;Neshoda a nápravné opatření;Nichtkonformität und Korrekturmaßnahmen;Trace one significant nonconformity from containment through systemic root cause to effectiveness verification.;Sledujte jednu významnou neshodu od omezení dopadu přes systémovou kořenovou příčinu až po ověření účinnosti.;Eine wesentliche Nichtkonformität von Eindämmung über systemische Ursache bis zur Wirksamkeitsprüfung verfolgen.
9001-10-2-certification-3;9001-10-2;ISO 9001;ISO 9001:2015 + Amd 1:2024;10.2;10;high;certification;Nonconformity and corrective action;Neshoda a nápravné opatření;Nichtkonformität und Korrekturmaßnahmen;How does this control interact with related clauses, and how are gaps classified and corrected?;Jak toto řízení souvisí s navazujícími články a jak se klasifikují a řeší mezery?;Wie wirkt diese Steuerung mit verwandten Abschnitten zusammen und wie werden Lücken klassifiziert und behoben?
9001-10-3-internal-1;9001-10-3;ISO 9001;ISO 9001:2015 + Amd 1:2024;10.3;10;medium;internal;Continual improvement;Neustálé zlepšování;Fortlaufende Verbesserung;Which long-term trend demonstrates that the system is becoming more effective?;Který dlouhodobý trend prokazuje, že se systém stává účinnějším?;Welcher langfristige Trend zeigt, dass das System wirksamer wird?
9001-10-3-internal-2;9001-10-3;ISO 9001;ISO 9001:2015 + Amd 1:2024;10.3;10;medium;internal;Continual improvement;Neustálé zlepšování;Fortlaufende Verbesserung;How is continual improvement implemented in the selected process, and who owns the control?;Jak je v hodnoceném procesu zavedeno téma „Neustálé zlepšování“ a kdo vlastní příslušné řízení?;Wie ist „Fortlaufende Verbesserung“ im ausgewählten Prozess umgesetzt und wer verantwortet die Steuerung?
9001-10-3-internal-3;9001-10-3;ISO 9001;ISO 9001:2015 + Amd 1:2024;10.3;10;medium;internal;Continual improvement;Neustálé zlepšování;Fortlaufende Verbesserung;Show a recent sample and explain how effectiveness, deviations and follow-up are evaluated.;Ukažte aktuální vzorek a vysvětlete, jak se hodnotí účinnost, odchylky a následná opatření.;Eine aktuelle Stichprobe zeigen und erläutern, wie Wirksamkeit, Abweichungen und Folgemaßnahmen bewertet werden.
9001-10-3-customer-1;9001-10-3;ISO 9001;ISO 9001:2015 + Amd 1:2024;10.3;10;medium;customer;Continual improvement;Neustálé zlepšování;Fortlaufende Verbesserung;How does clause 10.3 protect customer, contractual or stakeholder expectations in this process?;Jak článek 10.3 chrání očekávání zákazníka, smluvní nebo jiné relevantní požadavky v tomto procesu?;Wie schützt Abschnitt 10.3 Kunden-, Vertrags- oder relevante Stakeholderanforderungen in diesem Prozess?
9001-10-3-customer-2;9001-10-3;ISO 9001;ISO 9001:2015 + Amd 1:2024;10.3;10;medium;customer;Continual improvement;Neustálé zlepšování;Fortlaufende Verbesserung;Which long-term trend demonstrates that the system is becoming more effective?;Který dlouhodobý trend prokazuje, že se systém stává účinnějším?;Welcher langfristige Trend zeigt, dass das System wirksamer wird?
9001-10-3-customer-3;9001-10-3;ISO 9001;ISO 9001:2015 + Amd 1:2024;10.3;10;medium;customer;Continual improvement;Neustálé zlepšování;Fortlaufende Verbesserung;Show one recent customer/project example and trace the requirement to objective evidence and escalation.;Ukažte jeden aktuální zákaznický/projektový příklad a sledujte požadavek k objektivnímu důkazu a eskalaci.;Ein aktuelles Kunden-/Projektbeispiel zeigen und die Anforderung bis zu objektivem Nachweis und Eskalation verfolgen.
9001-10-3-certification-1;9001-10-3;ISO 9001;ISO 9001:2015 + Amd 1:2024;10.3;10;medium;certification;Continual improvement;Neustálé zlepšování;Fortlaufende Verbesserung;Which objective evidence demonstrates conformity and effective implementation of clause 10.3?;Který objektivní důkaz prokazuje shodu a účinné zavedení článku 10.3?;Welche objektiven Nachweise belegen Konformität und wirksame Umsetzung von Abschnitt 10.3?
9001-10-3-certification-2;9001-10-3;ISO 9001;ISO 9001:2015 + Amd 1:2024;10.3;10;medium;certification;Continual improvement;Neustálé zlepšování;Fortlaufende Verbesserung;Which long-term trend demonstrates that the system is becoming more effective?;Který dlouhodobý trend prokazuje, že se systém stává účinnějším?;Welcher langfristige Trend zeigt, dass das System wirksamer wird?
9001-10-3-certification-3;9001-10-3;ISO 9001;ISO 9001:2015 + Amd 1:2024;10.3;10;medium;certification;Continual improvement;Neustálé zlepšování;Fortlaufende Verbesserung;How does this control interact with related clauses, and how are gaps classified and corrected?;Jak toto řízení souvisí s navazujícími články a jak se klasifikují a řeší mezery?;Wie wirkt diese Steuerung mit verwandten Abschnitten zusammen und wie werden Lücken klassifiziert und behoben?
14001-4-1-internal-1;14001-4-1;ISO 14001;ISO 14001:2026;4.1;4;high;internal;Understanding the organization and its context;Porozumění organizaci a jejímu kontextu;Verstehen der Organisation und ihres Kontextes;Which context issues have materially changed the system in the last twelve months?;Které okolnosti kontextu v posledních dvanácti měsících významně změnily systém?;Welche Kontextthemen haben das System in den letzten zwölf Monaten wesentlich verändert?
14001-4-1-internal-2;14001-4-1;ISO 14001;ISO 14001:2026;4.1;4;high;internal;Understanding the organization and its context;Porozumění organizaci a jejímu kontextu;Verstehen der Organisation und ihres Kontextes;How is understanding the organization and its context implemented in the selected process, and who owns the control?;Jak je v hodnoceném procesu zavedeno téma „Porozumění organizaci a jejímu kontextu“ a kdo vlastní příslušné řízení?;Wie ist „Verstehen der Organisation und ihres Kontextes“ im ausgewählten Prozess umgesetzt und wer verantwortet die Steuerung?
14001-4-1-internal-3;14001-4-1;ISO 14001;ISO 14001:2026;4.1;4;high;internal;Understanding the organization and its context;Porozumění organizaci a jejímu kontextu;Verstehen der Organisation und ihres Kontextes;Show a recent sample and explain how effectiveness, deviations and follow-up are evaluated.;Ukažte aktuální vzorek a vysvětlete, jak se hodnotí účinnost, odchylky a následná opatření.;Eine aktuelle Stichprobe zeigen und erläutern, wie Wirksamkeit, Abweichungen und Folgemaßnahmen bewertet werden.
14001-4-1-customer-1;14001-4-1;ISO 14001;ISO 14001:2026;4.1;4;high;customer;Understanding the organization and its context;Porozumění organizaci a jejímu kontextu;Verstehen der Organisation und ihres Kontextes;How does clause 4.1 protect customer, contractual or stakeholder expectations in this process?;Jak článek 4.1 chrání očekávání zákazníka, smluvní nebo jiné relevantní požadavky v tomto procesu?;Wie schützt Abschnitt 4.1 Kunden-, Vertrags- oder relevante Stakeholderanforderungen in diesem Prozess?
14001-4-1-customer-2;14001-4-1;ISO 14001;ISO 14001:2026;4.1;4;high;customer;Understanding the organization and its context;Porozumění organizaci a jejímu kontextu;Verstehen der Organisation und ihres Kontextes;Which context issues have materially changed the system in the last twelve months?;Které okolnosti kontextu v posledních dvanácti měsících významně změnily systém?;Welche Kontextthemen haben das System in den letzten zwölf Monaten wesentlich verändert?
14001-4-1-customer-3;14001-4-1;ISO 14001;ISO 14001:2026;4.1;4;high;customer;Understanding the organization and its context;Porozumění organizaci a jejímu kontextu;Verstehen der Organisation und ihres Kontextes;Show one recent customer/project example and trace the requirement to objective evidence and escalation.;Ukažte jeden aktuální zákaznický/projektový příklad a sledujte požadavek k objektivnímu důkazu a eskalaci.;Ein aktuelles Kunden-/Projektbeispiel zeigen und die Anforderung bis zu objektivem Nachweis und Eskalation verfolgen.
14001-4-1-certification-1;14001-4-1;ISO 14001;ISO 14001:2026;4.1;4;high;certification;Understanding the organization and its context;Porozumění organizaci a jejímu kontextu;Verstehen der Organisation und ihres Kontextes;Which objective evidence demonstrates conformity and effective implementation of clause 4.1?;Který objektivní důkaz prokazuje shodu a účinné zavedení článku 4.1?;Welche objektiven Nachweise belegen Konformität und wirksame Umsetzung von Abschnitt 4.1?
14001-4-1-certification-2;14001-4-1;ISO 14001;ISO 14001:2026;4.1;4;high;certification;Understanding the organization and its context;Porozumění organizaci a jejímu kontextu;Verstehen der Organisation und ihres Kontextes;Which context issues have materially changed the system in the last twelve months?;Které okolnosti kontextu v posledních dvanácti měsících významně změnily systém?;Welche Kontextthemen haben das System in den letzten zwölf Monaten wesentlich verändert?
14001-4-1-certification-3;14001-4-1;ISO 14001;ISO 14001:2026;4.1;4;high;certification;Understanding the organization and its context;Porozumění organizaci a jejímu kontextu;Verstehen der Organisation und ihres Kontextes;How does this control interact with related clauses, and how are gaps classified and corrected?;Jak toto řízení souvisí s navazujícími články a jak se klasifikují a řeší mezery?;Wie wirkt diese Steuerung mit verwandten Abschnitten zusammen und wie werden Lücken klassifiziert und behoben?
14001-4-2-internal-1;14001-4-2;ISO 14001;ISO 14001:2026;4.2;4;high;internal;Needs and expectations of interested parties;Potřeby a očekávání zainteresovaných stran;Erfordernisse und Erwartungen interessierter Parteien;Which stakeholder requirements are currently binding or strategically adopted, and where are they controlled?;Které požadavky zainteresovaných stran jsou nyní závazné nebo strategicky přijaté a kde jsou řízeny?;Welche Anforderungen interessierter Parteien sind derzeit verbindlich oder strategisch übernommen und wo werden sie gelenkt?
14001-4-2-internal-2;14001-4-2;ISO 14001;ISO 14001:2026;4.2;4;high;internal;Needs and expectations of interested parties;Potřeby a očekávání zainteresovaných stran;Erfordernisse und Erwartungen interessierter Parteien;How is needs and expectations of interested parties implemented in the selected process, and who owns the control?;Jak je v hodnoceném procesu zavedeno téma „Potřeby a očekávání zainteresovaných stran“ a kdo vlastní příslušné řízení?;Wie ist „Erfordernisse und Erwartungen interessierter Parteien“ im ausgewählten Prozess umgesetzt und wer verantwortet die Steuerung?
14001-4-2-internal-3;14001-4-2;ISO 14001;ISO 14001:2026;4.2;4;high;internal;Needs and expectations of interested parties;Potřeby a očekávání zainteresovaných stran;Erfordernisse und Erwartungen interessierter Parteien;Show a recent sample and explain how effectiveness, deviations and follow-up are evaluated.;Ukažte aktuální vzorek a vysvětlete, jak se hodnotí účinnost, odchylky a následná opatření.;Eine aktuelle Stichprobe zeigen und erläutern, wie Wirksamkeit, Abweichungen und Folgemaßnahmen bewertet werden.
14001-4-2-customer-1;14001-4-2;ISO 14001;ISO 14001:2026;4.2;4;high;customer;Needs and expectations of interested parties;Potřeby a očekávání zainteresovaných stran;Erfordernisse und Erwartungen interessierter Parteien;How does clause 4.2 protect customer, contractual or stakeholder expectations in this process?;Jak článek 4.2 chrání očekávání zákazníka, smluvní nebo jiné relevantní požadavky v tomto procesu?;Wie schützt Abschnitt 4.2 Kunden-, Vertrags- oder relevante Stakeholderanforderungen in diesem Prozess?
14001-4-2-customer-2;14001-4-2;ISO 14001;ISO 14001:2026;4.2;4;high;customer;Needs and expectations of interested parties;Potřeby a očekávání zainteresovaných stran;Erfordernisse und Erwartungen interessierter Parteien;Which stakeholder requirements are currently binding or strategically adopted, and where are they controlled?;Které požadavky zainteresovaných stran jsou nyní závazné nebo strategicky přijaté a kde jsou řízeny?;Welche Anforderungen interessierter Parteien sind derzeit verbindlich oder strategisch übernommen und wo werden sie gelenkt?
14001-4-2-customer-3;14001-4-2;ISO 14001;ISO 14001:2026;4.2;4;high;customer;Needs and expectations of interested parties;Potřeby a očekávání zainteresovaných stran;Erfordernisse und Erwartungen interessierter Parteien;Show one recent customer/project example and trace the requirement to objective evidence and escalation.;Ukažte jeden aktuální zákaznický/projektový příklad a sledujte požadavek k objektivnímu důkazu a eskalaci.;Ein aktuelles Kunden-/Projektbeispiel zeigen und die Anforderung bis zu objektivem Nachweis und Eskalation verfolgen.
14001-4-2-certification-1;14001-4-2;ISO 14001;ISO 14001:2026;4.2;4;high;certification;Needs and expectations of interested parties;Potřeby a očekávání zainteresovaných stran;Erfordernisse und Erwartungen interessierter Parteien;Which objective evidence demonstrates conformity and effective implementation of clause 4.2?;Který objektivní důkaz prokazuje shodu a účinné zavedení článku 4.2?;Welche objektiven Nachweise belegen Konformität und wirksame Umsetzung von Abschnitt 4.2?
14001-4-2-certification-2;14001-4-2;ISO 14001;ISO 14001:2026;4.2;4;high;certification;Needs and expectations of interested parties;Potřeby a očekávání zainteresovaných stran;Erfordernisse und Erwartungen interessierter Parteien;Which stakeholder requirements are currently binding or strategically adopted, and where are they controlled?;Které požadavky zainteresovaných stran jsou nyní závazné nebo strategicky přijaté a kde jsou řízeny?;Welche Anforderungen interessierter Parteien sind derzeit verbindlich oder strategisch übernommen und wo werden sie gelenkt?
14001-4-2-certification-3;14001-4-2;ISO 14001;ISO 14001:2026;4.2;4;high;certification;Needs and expectations of interested parties;Potřeby a očekávání zainteresovaných stran;Erfordernisse und Erwartungen interessierter Parteien;How does this control interact with related clauses, and how are gaps classified and corrected?;Jak toto řízení souvisí s navazujícími články a jak se klasifikují a řeší mezery?;Wie wirkt diese Steuerung mit verwandten Abschnitten zusammen und wie werden Lücken klassifiziert und behoben?
14001-4-3-internal-1;14001-4-3;ISO 14001;ISO 14001:2026;4.3;4;high;internal;Scope of the management system;Rozsah systému managementu;Geltungsbereich des Managementsystems;Walk the physical and organizational boundary: what is inside, what is outside and why?;Projďte fyzickou a organizační hranici: co je uvnitř, co vně a proč?;Physische und organisatorische Grenze prüfen: Was ist enthalten, was nicht und warum?
14001-4-3-internal-2;14001-4-3;ISO 14001;ISO 14001:2026;4.3;4;high;internal;Scope of the management system;Rozsah systému managementu;Geltungsbereich des Managementsystems;How is scope of the management system implemented in the selected process, and who owns the control?;Jak je v hodnoceném procesu zavedeno téma „Rozsah systému managementu“ a kdo vlastní příslušné řízení?;Wie ist „Geltungsbereich des Managementsystems“ im ausgewählten Prozess umgesetzt und wer verantwortet die Steuerung?
14001-4-3-internal-3;14001-4-3;ISO 14001;ISO 14001:2026;4.3;4;high;internal;Scope of the management system;Rozsah systému managementu;Geltungsbereich des Managementsystems;Show a recent sample and explain how effectiveness, deviations and follow-up are evaluated.;Ukažte aktuální vzorek a vysvětlete, jak se hodnotí účinnost, odchylky a následná opatření.;Eine aktuelle Stichprobe zeigen und erläutern, wie Wirksamkeit, Abweichungen und Folgemaßnahmen bewertet werden.
14001-4-3-customer-1;14001-4-3;ISO 14001;ISO 14001:2026;4.3;4;high;customer;Scope of the management system;Rozsah systému managementu;Geltungsbereich des Managementsystems;How does clause 4.3 protect customer, contractual or stakeholder expectations in this process?;Jak článek 4.3 chrání očekávání zákazníka, smluvní nebo jiné relevantní požadavky v tomto procesu?;Wie schützt Abschnitt 4.3 Kunden-, Vertrags- oder relevante Stakeholderanforderungen in diesem Prozess?
14001-4-3-customer-2;14001-4-3;ISO 14001;ISO 14001:2026;4.3;4;high;customer;Scope of the management system;Rozsah systému managementu;Geltungsbereich des Managementsystems;Walk the physical and organizational boundary: what is inside, what is outside and why?;Projďte fyzickou a organizační hranici: co je uvnitř, co vně a proč?;Physische und organisatorische Grenze prüfen: Was ist enthalten, was nicht und warum?
14001-4-3-customer-3;14001-4-3;ISO 14001;ISO 14001:2026;4.3;4;high;customer;Scope of the management system;Rozsah systému managementu;Geltungsbereich des Managementsystems;Show one recent customer/project example and trace the requirement to objective evidence and escalation.;Ukažte jeden aktuální zákaznický/projektový příklad a sledujte požadavek k objektivnímu důkazu a eskalaci.;Ein aktuelles Kunden-/Projektbeispiel zeigen und die Anforderung bis zu objektivem Nachweis und Eskalation verfolgen.
14001-4-3-certification-1;14001-4-3;ISO 14001;ISO 14001:2026;4.3;4;high;certification;Scope of the management system;Rozsah systému managementu;Geltungsbereich des Managementsystems;Which objective evidence demonstrates conformity and effective implementation of clause 4.3?;Který objektivní důkaz prokazuje shodu a účinné zavedení článku 4.3?;Welche objektiven Nachweise belegen Konformität und wirksame Umsetzung von Abschnitt 4.3?
14001-4-3-certification-2;14001-4-3;ISO 14001;ISO 14001:2026;4.3;4;high;certification;Scope of the management system;Rozsah systému managementu;Geltungsbereich des Managementsystems;Walk the physical and organizational boundary: what is inside, what is outside and why?;Projďte fyzickou a organizační hranici: co je uvnitř, co vně a proč?;Physische und organisatorische Grenze prüfen: Was ist enthalten, was nicht und warum?
14001-4-3-certification-3;14001-4-3;ISO 14001;ISO 14001:2026;4.3;4;high;certification;Scope of the management system;Rozsah systému managementu;Geltungsbereich des Managementsystems;How does this control interact with related clauses, and how are gaps classified and corrected?;Jak toto řízení souvisí s navazujícími články a jak se klasifikují a řeší mezery?;Wie wirkt diese Steuerung mit verwandten Abschnitten zusammen und wie werden Lücken klassifiziert und behoben?
14001-4-4-internal-1;14001-4-4;ISO 14001;ISO 14001:2026;4.4;4;high;internal;Environmental management system;Systém environmentálního managementu;Umweltmanagementsystem;Select one core process and show its inputs, controls, outputs, indicators, risks and interactions.;Vyberte jeden hlavní proces a ukažte jeho vstupy, opatření, výstupy, ukazatele, rizika a vazby.;Einen Kernprozess auswählen und Eingaben, Kontrollen, Ergebnisse, Kennzahlen, Risiken und Wechselwirkungen zeigen.
14001-4-4-internal-2;14001-4-4;ISO 14001;ISO 14001:2026;4.4;4;high;internal;Environmental management system;Systém environmentálního managementu;Umweltmanagementsystem;How is environmental management system implemented in the selected process, and who owns the control?;Jak je v hodnoceném procesu zavedeno téma „Systém environmentálního managementu“ a kdo vlastní příslušné řízení?;Wie ist „Umweltmanagementsystem“ im ausgewählten Prozess umgesetzt und wer verantwortet die Steuerung?
14001-4-4-internal-3;14001-4-4;ISO 14001;ISO 14001:2026;4.4;4;high;internal;Environmental management system;Systém environmentálního managementu;Umweltmanagementsystem;Show a recent sample and explain how effectiveness, deviations and follow-up are evaluated.;Ukažte aktuální vzorek a vysvětlete, jak se hodnotí účinnost, odchylky a následná opatření.;Eine aktuelle Stichprobe zeigen und erläutern, wie Wirksamkeit, Abweichungen und Folgemaßnahmen bewertet werden.
14001-4-4-customer-1;14001-4-4;ISO 14001;ISO 14001:2026;4.4;4;high;customer;Environmental management system;Systém environmentálního managementu;Umweltmanagementsystem;How does clause 4.4 protect customer, contractual or stakeholder expectations in this process?;Jak článek 4.4 chrání očekávání zákazníka, smluvní nebo jiné relevantní požadavky v tomto procesu?;Wie schützt Abschnitt 4.4 Kunden-, Vertrags- oder relevante Stakeholderanforderungen in diesem Prozess?
14001-4-4-customer-2;14001-4-4;ISO 14001;ISO 14001:2026;4.4;4;high;customer;Environmental management system;Systém environmentálního managementu;Umweltmanagementsystem;Select one core process and show its inputs, controls, outputs, indicators, risks and interactions.;Vyberte jeden hlavní proces a ukažte jeho vstupy, opatření, výstupy, ukazatele, rizika a vazby.;Einen Kernprozess auswählen und Eingaben, Kontrollen, Ergebnisse, Kennzahlen, Risiken und Wechselwirkungen zeigen.
14001-4-4-customer-3;14001-4-4;ISO 14001;ISO 14001:2026;4.4;4;high;customer;Environmental management system;Systém environmentálního managementu;Umweltmanagementsystem;Show one recent customer/project example and trace the requirement to objective evidence and escalation.;Ukažte jeden aktuální zákaznický/projektový příklad a sledujte požadavek k objektivnímu důkazu a eskalaci.;Ein aktuelles Kunden-/Projektbeispiel zeigen und die Anforderung bis zu objektivem Nachweis und Eskalation verfolgen.
14001-4-4-certification-1;14001-4-4;ISO 14001;ISO 14001:2026;4.4;4;high;certification;Environmental management system;Systém environmentálního managementu;Umweltmanagementsystem;Which objective evidence demonstrates conformity and effective implementation of clause 4.4?;Který objektivní důkaz prokazuje shodu a účinné zavedení článku 4.4?;Welche objektiven Nachweise belegen Konformität und wirksame Umsetzung von Abschnitt 4.4?
14001-4-4-certification-2;14001-4-4;ISO 14001;ISO 14001:2026;4.4;4;high;certification;Environmental management system;Systém environmentálního managementu;Umweltmanagementsystem;Select one core process and show its inputs, controls, outputs, indicators, risks and interactions.;Vyberte jeden hlavní proces a ukažte jeho vstupy, opatření, výstupy, ukazatele, rizika a vazby.;Einen Kernprozess auswählen und Eingaben, Kontrollen, Ergebnisse, Kennzahlen, Risiken und Wechselwirkungen zeigen.
14001-4-4-certification-3;14001-4-4;ISO 14001;ISO 14001:2026;4.4;4;high;certification;Environmental management system;Systém environmentálního managementu;Umweltmanagementsystem;How does this control interact with related clauses, and how are gaps classified and corrected?;Jak toto řízení souvisí s navazujícími články a jak se klasifikují a řeší mezery?;Wie wirkt diese Steuerung mit verwandten Abschnitten zusammen und wie werden Lücken klassifiziert und behoben?
14001-5-1-internal-1;14001-5-1;ISO 14001;ISO 14001:2026;5.1;5;high;internal;Leadership and commitment;Vedení a závazek;Führung und Verpflichtung;Which recent top-management decision demonstrates ownership of this management system?;Které nedávné rozhodnutí vrcholového vedení prokazuje vlastnictví tohoto systému?;Welche aktuelle Entscheidung der obersten Leitung belegt die Verantwortung für dieses Managementsystem?
14001-5-1-internal-2;14001-5-1;ISO 14001;ISO 14001:2026;5.1;5;high;internal;Leadership and commitment;Vedení a závazek;Führung und Verpflichtung;How is leadership and commitment implemented in the selected process, and who owns the control?;Jak je v hodnoceném procesu zavedeno téma „Vedení a závazek“ a kdo vlastní příslušné řízení?;Wie ist „Führung und Verpflichtung“ im ausgewählten Prozess umgesetzt und wer verantwortet die Steuerung?
14001-5-1-internal-3;14001-5-1;ISO 14001;ISO 14001:2026;5.1;5;high;internal;Leadership and commitment;Vedení a závazek;Führung und Verpflichtung;Show a recent sample and explain how effectiveness, deviations and follow-up are evaluated.;Ukažte aktuální vzorek a vysvětlete, jak se hodnotí účinnost, odchylky a následná opatření.;Eine aktuelle Stichprobe zeigen und erläutern, wie Wirksamkeit, Abweichungen und Folgemaßnahmen bewertet werden.
14001-5-1-customer-1;14001-5-1;ISO 14001;ISO 14001:2026;5.1;5;high;customer;Leadership and commitment;Vedení a závazek;Führung und Verpflichtung;How does clause 5.1 protect customer, contractual or stakeholder expectations in this process?;Jak článek 5.1 chrání očekávání zákazníka, smluvní nebo jiné relevantní požadavky v tomto procesu?;Wie schützt Abschnitt 5.1 Kunden-, Vertrags- oder relevante Stakeholderanforderungen in diesem Prozess?
14001-5-1-customer-2;14001-5-1;ISO 14001;ISO 14001:2026;5.1;5;high;customer;Leadership and commitment;Vedení a závazek;Führung und Verpflichtung;Which recent top-management decision demonstrates ownership of this management system?;Které nedávné rozhodnutí vrcholového vedení prokazuje vlastnictví tohoto systému?;Welche aktuelle Entscheidung der obersten Leitung belegt die Verantwortung für dieses Managementsystem?
14001-5-1-customer-3;14001-5-1;ISO 14001;ISO 14001:2026;5.1;5;high;customer;Leadership and commitment;Vedení a závazek;Führung und Verpflichtung;Show one recent customer/project example and trace the requirement to objective evidence and escalation.;Ukažte jeden aktuální zákaznický/projektový příklad a sledujte požadavek k objektivnímu důkazu a eskalaci.;Ein aktuelles Kunden-/Projektbeispiel zeigen und die Anforderung bis zu objektivem Nachweis und Eskalation verfolgen.
14001-5-1-certification-1;14001-5-1;ISO 14001;ISO 14001:2026;5.1;5;high;certification;Leadership and commitment;Vedení a závazek;Führung und Verpflichtung;Which objective evidence demonstrates conformity and effective implementation of clause 5.1?;Který objektivní důkaz prokazuje shodu a účinné zavedení článku 5.1?;Welche objektiven Nachweise belegen Konformität und wirksame Umsetzung von Abschnitt 5.1?
14001-5-1-certification-2;14001-5-1;ISO 14001;ISO 14001:2026;5.1;5;high;certification;Leadership and commitment;Vedení a závazek;Führung und Verpflichtung;Which recent top-management decision demonstrates ownership of this management system?;Které nedávné rozhodnutí vrcholového vedení prokazuje vlastnictví tohoto systému?;Welche aktuelle Entscheidung der obersten Leitung belegt die Verantwortung für dieses Managementsystem?
14001-5-1-certification-3;14001-5-1;ISO 14001;ISO 14001:2026;5.1;5;high;certification;Leadership and commitment;Vedení a závazek;Führung und Verpflichtung;How does this control interact with related clauses, and how are gaps classified and corrected?;Jak toto řízení souvisí s navazujícími články a jak se klasifikují a řeší mezery?;Wie wirkt diese Steuerung mit verwandten Abschnitten zusammen und wie werden Lücken klassifiziert und behoben?
14001-5-2-internal-1;14001-5-2;ISO 14001;ISO 14001:2026;5.2;5;high;internal;Environmental policy;Environmentální politika;Umweltpolitik;Which policy commitment is most material to the organization and how is it translated into controls and objectives?;Který závazek politiky je pro organizaci nejvýznamnější a jak je převeden do opatření a cílů?;Welche Verpflichtung der Politik ist für die Organisation am wesentlichsten und wie wird sie in Kontrollen und Ziele überführt?
14001-5-2-internal-2;14001-5-2;ISO 14001;ISO 14001:2026;5.2;5;high;internal;Environmental policy;Environmentální politika;Umweltpolitik;How is environmental policy implemented in the selected process, and who owns the control?;Jak je v hodnoceném procesu zavedeno téma „Environmentální politika“ a kdo vlastní příslušné řízení?;Wie ist „Umweltpolitik“ im ausgewählten Prozess umgesetzt und wer verantwortet die Steuerung?
14001-5-2-internal-3;14001-5-2;ISO 14001;ISO 14001:2026;5.2;5;high;internal;Environmental policy;Environmentální politika;Umweltpolitik;Show a recent sample and explain how effectiveness, deviations and follow-up are evaluated.;Ukažte aktuální vzorek a vysvětlete, jak se hodnotí účinnost, odchylky a následná opatření.;Eine aktuelle Stichprobe zeigen und erläutern, wie Wirksamkeit, Abweichungen und Folgemaßnahmen bewertet werden.
14001-5-2-customer-1;14001-5-2;ISO 14001;ISO 14001:2026;5.2;5;high;customer;Environmental policy;Environmentální politika;Umweltpolitik;How does clause 5.2 protect customer, contractual or stakeholder expectations in this process?;Jak článek 5.2 chrání očekávání zákazníka, smluvní nebo jiné relevantní požadavky v tomto procesu?;Wie schützt Abschnitt 5.2 Kunden-, Vertrags- oder relevante Stakeholderanforderungen in diesem Prozess?
14001-5-2-customer-2;14001-5-2;ISO 14001;ISO 14001:2026;5.2;5;high;customer;Environmental policy;Environmentální politika;Umweltpolitik;Which policy commitment is most material to the organization and how is it translated into controls and objectives?;Který závazek politiky je pro organizaci nejvýznamnější a jak je převeden do opatření a cílů?;Welche Verpflichtung der Politik ist für die Organisation am wesentlichsten und wie wird sie in Kontrollen und Ziele überführt?
14001-5-2-customer-3;14001-5-2;ISO 14001;ISO 14001:2026;5.2;5;high;customer;Environmental policy;Environmentální politika;Umweltpolitik;Show one recent customer/project example and trace the requirement to objective evidence and escalation.;Ukažte jeden aktuální zákaznický/projektový příklad a sledujte požadavek k objektivnímu důkazu a eskalaci.;Ein aktuelles Kunden-/Projektbeispiel zeigen und die Anforderung bis zu objektivem Nachweis und Eskalation verfolgen.
14001-5-2-certification-1;14001-5-2;ISO 14001;ISO 14001:2026;5.2;5;high;certification;Environmental policy;Environmentální politika;Umweltpolitik;Which objective evidence demonstrates conformity and effective implementation of clause 5.2?;Který objektivní důkaz prokazuje shodu a účinné zavedení článku 5.2?;Welche objektiven Nachweise belegen Konformität und wirksame Umsetzung von Abschnitt 5.2?
14001-5-2-certification-2;14001-5-2;ISO 14001;ISO 14001:2026;5.2;5;high;certification;Environmental policy;Environmentální politika;Umweltpolitik;Which policy commitment is most material to the organization and how is it translated into controls and objectives?;Který závazek politiky je pro organizaci nejvýznamnější a jak je převeden do opatření a cílů?;Welche Verpflichtung der Politik ist für die Organisation am wesentlichsten und wie wird sie in Kontrollen und Ziele überführt?
14001-5-2-certification-3;14001-5-2;ISO 14001;ISO 14001:2026;5.2;5;high;certification;Environmental policy;Environmentální politika;Umweltpolitik;How does this control interact with related clauses, and how are gaps classified and corrected?;Jak toto řízení souvisí s navazujícími články a jak se klasifikují a řeší mezery?;Wie wirkt diese Steuerung mit verwandten Abschnitten zusammen und wie werden Lücken klassifiziert und behoben?
14001-5-3-internal-1;14001-5-3;ISO 14001;ISO 14001:2026;5.3;5;medium;internal;Roles, responsibilities and authorities;Role, odpovědnosti a pravomoci;Rollen, Verantwortlichkeiten und Befugnisse;Who may stop, approve or escalate the process when requirements are at risk?;Kdo může proces zastavit, schválit nebo eskalovat, pokud jsou požadavky ohroženy?;Wer darf den Prozess stoppen, freigeben oder eskalieren, wenn Anforderungen gefährdet sind?
14001-5-3-internal-2;14001-5-3;ISO 14001;ISO 14001:2026;5.3;5;medium;internal;Roles, responsibilities and authorities;Role, odpovědnosti a pravomoci;Rollen, Verantwortlichkeiten und Befugnisse;How is roles, responsibilities and authorities implemented in the selected process, and who owns the control?;Jak je v hodnoceném procesu zavedeno téma „Role, odpovědnosti a pravomoci“ a kdo vlastní příslušné řízení?;Wie ist „Rollen, Verantwortlichkeiten und Befugnisse“ im ausgewählten Prozess umgesetzt und wer verantwortet die Steuerung?
14001-5-3-internal-3;14001-5-3;ISO 14001;ISO 14001:2026;5.3;5;medium;internal;Roles, responsibilities and authorities;Role, odpovědnosti a pravomoci;Rollen, Verantwortlichkeiten und Befugnisse;Show a recent sample and explain how effectiveness, deviations and follow-up are evaluated.;Ukažte aktuální vzorek a vysvětlete, jak se hodnotí účinnost, odchylky a následná opatření.;Eine aktuelle Stichprobe zeigen und erläutern, wie Wirksamkeit, Abweichungen und Folgemaßnahmen bewertet werden.
14001-5-3-customer-1;14001-5-3;ISO 14001;ISO 14001:2026;5.3;5;medium;customer;Roles, responsibilities and authorities;Role, odpovědnosti a pravomoci;Rollen, Verantwortlichkeiten und Befugnisse;How does clause 5.3 protect customer, contractual or stakeholder expectations in this process?;Jak článek 5.3 chrání očekávání zákazníka, smluvní nebo jiné relevantní požadavky v tomto procesu?;Wie schützt Abschnitt 5.3 Kunden-, Vertrags- oder relevante Stakeholderanforderungen in diesem Prozess?
14001-5-3-customer-2;14001-5-3;ISO 14001;ISO 14001:2026;5.3;5;medium;customer;Roles, responsibilities and authorities;Role, odpovědnosti a pravomoci;Rollen, Verantwortlichkeiten und Befugnisse;Who may stop, approve or escalate the process when requirements are at risk?;Kdo může proces zastavit, schválit nebo eskalovat, pokud jsou požadavky ohroženy?;Wer darf den Prozess stoppen, freigeben oder eskalieren, wenn Anforderungen gefährdet sind?
14001-5-3-customer-3;14001-5-3;ISO 14001;ISO 14001:2026;5.3;5;medium;customer;Roles, responsibilities and authorities;Role, odpovědnosti a pravomoci;Rollen, Verantwortlichkeiten und Befugnisse;Show one recent customer/project example and trace the requirement to objective evidence and escalation.;Ukažte jeden aktuální zákaznický/projektový příklad a sledujte požadavek k objektivnímu důkazu a eskalaci.;Ein aktuelles Kunden-/Projektbeispiel zeigen und die Anforderung bis zu objektivem Nachweis und Eskalation verfolgen.
14001-5-3-certification-1;14001-5-3;ISO 14001;ISO 14001:2026;5.3;5;medium;certification;Roles, responsibilities and authorities;Role, odpovědnosti a pravomoci;Rollen, Verantwortlichkeiten und Befugnisse;Which objective evidence demonstrates conformity and effective implementation of clause 5.3?;Který objektivní důkaz prokazuje shodu a účinné zavedení článku 5.3?;Welche objektiven Nachweise belegen Konformität und wirksame Umsetzung von Abschnitt 5.3?
14001-5-3-certification-2;14001-5-3;ISO 14001;ISO 14001:2026;5.3;5;medium;certification;Roles, responsibilities and authorities;Role, odpovědnosti a pravomoci;Rollen, Verantwortlichkeiten und Befugnisse;Who may stop, approve or escalate the process when requirements are at risk?;Kdo může proces zastavit, schválit nebo eskalovat, pokud jsou požadavky ohroženy?;Wer darf den Prozess stoppen, freigeben oder eskalieren, wenn Anforderungen gefährdet sind?
14001-5-3-certification-3;14001-5-3;ISO 14001;ISO 14001:2026;5.3;5;medium;certification;Roles, responsibilities and authorities;Role, odpovědnosti a pravomoci;Rollen, Verantwortlichkeiten und Befugnisse;How does this control interact with related clauses, and how are gaps classified and corrected?;Jak toto řízení souvisí s navazujícími články a jak se klasifikují a řeší mezery?;Wie wirkt diese Steuerung mit verwandten Abschnitten zusammen und wie werden Lücken klassifiziert und behoben?
14001-6-1-1-internal-1;14001-6-1-1;ISO 14001;ISO 14001:2026;6.1.1;6;high;internal;Actions addressing risks and opportunities — general;Opatření k řešení rizik a příležitostí — obecně;Maßnahmen zum Umgang mit Risiken und Chancen — Allgemeines;How do aspect, legal and risk registers interact, and how are duplicate or missing actions prevented?;Jak spolupracují registry aspektů, právních požadavků a rizik a jak se předchází duplicitním nebo chybějícím opatřením?;Wie wirken Aspekt-, Rechts- und Risikoregister zusammen und wie werden doppelte oder fehlende Maßnahmen verhindert?
14001-6-1-1-internal-2;14001-6-1-1;ISO 14001;ISO 14001:2026;6.1.1;6;high;internal;Actions addressing risks and opportunities — general;Opatření k řešení rizik a příležitostí — obecně;Maßnahmen zum Umgang mit Risiken und Chancen — Allgemeines;How is actions addressing risks and opportunities — general implemented in the selected process, and who owns the control?;Jak je v hodnoceném procesu zavedeno téma „Opatření k řešení rizik a příležitostí — obecně“ a kdo vlastní příslušné řízení?;Wie ist „Maßnahmen zum Umgang mit Risiken und Chancen — Allgemeines“ im ausgewählten Prozess umgesetzt und wer verantwortet die Steuerung?
14001-6-1-1-internal-3;14001-6-1-1;ISO 14001;ISO 14001:2026;6.1.1;6;high;internal;Actions addressing risks and opportunities — general;Opatření k řešení rizik a příležitostí — obecně;Maßnahmen zum Umgang mit Risiken und Chancen — Allgemeines;Show a recent sample and explain how effectiveness, deviations and follow-up are evaluated.;Ukažte aktuální vzorek a vysvětlete, jak se hodnotí účinnost, odchylky a následná opatření.;Eine aktuelle Stichprobe zeigen und erläutern, wie Wirksamkeit, Abweichungen und Folgemaßnahmen bewertet werden.
14001-6-1-1-customer-1;14001-6-1-1;ISO 14001;ISO 14001:2026;6.1.1;6;high;customer;Actions addressing risks and opportunities — general;Opatření k řešení rizik a příležitostí — obecně;Maßnahmen zum Umgang mit Risiken und Chancen — Allgemeines;How does clause 6.1.1 protect customer, contractual or stakeholder expectations in this process?;Jak článek 6.1.1 chrání očekávání zákazníka, smluvní nebo jiné relevantní požadavky v tomto procesu?;Wie schützt Abschnitt 6.1.1 Kunden-, Vertrags- oder relevante Stakeholderanforderungen in diesem Prozess?
14001-6-1-1-customer-2;14001-6-1-1;ISO 14001;ISO 14001:2026;6.1.1;6;high;customer;Actions addressing risks and opportunities — general;Opatření k řešení rizik a příležitostí — obecně;Maßnahmen zum Umgang mit Risiken und Chancen — Allgemeines;How do aspect, legal and risk registers interact, and how are duplicate or missing actions prevented?;Jak spolupracují registry aspektů, právních požadavků a rizik a jak se předchází duplicitním nebo chybějícím opatřením?;Wie wirken Aspekt-, Rechts- und Risikoregister zusammen und wie werden doppelte oder fehlende Maßnahmen verhindert?
14001-6-1-1-customer-3;14001-6-1-1;ISO 14001;ISO 14001:2026;6.1.1;6;high;customer;Actions addressing risks and opportunities — general;Opatření k řešení rizik a příležitostí — obecně;Maßnahmen zum Umgang mit Risiken und Chancen — Allgemeines;Show one recent customer/project example and trace the requirement to objective evidence and escalation.;Ukažte jeden aktuální zákaznický/projektový příklad a sledujte požadavek k objektivnímu důkazu a eskalaci.;Ein aktuelles Kunden-/Projektbeispiel zeigen und die Anforderung bis zu objektivem Nachweis und Eskalation verfolgen.
14001-6-1-1-certification-1;14001-6-1-1;ISO 14001;ISO 14001:2026;6.1.1;6;high;certification;Actions addressing risks and opportunities — general;Opatření k řešení rizik a příležitostí — obecně;Maßnahmen zum Umgang mit Risiken und Chancen — Allgemeines;Which objective evidence demonstrates conformity and effective implementation of clause 6.1.1?;Který objektivní důkaz prokazuje shodu a účinné zavedení článku 6.1.1?;Welche objektiven Nachweise belegen Konformität und wirksame Umsetzung von Abschnitt 6.1.1?
14001-6-1-1-certification-2;14001-6-1-1;ISO 14001;ISO 14001:2026;6.1.1;6;high;certification;Actions addressing risks and opportunities — general;Opatření k řešení rizik a příležitostí — obecně;Maßnahmen zum Umgang mit Risiken und Chancen — Allgemeines;How do aspect, legal and risk registers interact, and how are duplicate or missing actions prevented?;Jak spolupracují registry aspektů, právních požadavků a rizik a jak se předchází duplicitním nebo chybějícím opatřením?;Wie wirken Aspekt-, Rechts- und Risikoregister zusammen und wie werden doppelte oder fehlende Maßnahmen verhindert?
14001-6-1-1-certification-3;14001-6-1-1;ISO 14001;ISO 14001:2026;6.1.1;6;high;certification;Actions addressing risks and opportunities — general;Opatření k řešení rizik a příležitostí — obecně;Maßnahmen zum Umgang mit Risiken und Chancen — Allgemeines;How does this control interact with related clauses, and how are gaps classified and corrected?;Jak toto řízení souvisí s navazujícími články a jak se klasifikují a řeší mezery?;Wie wirkt diese Steuerung mit verwandten Abschnitten zusammen und wie werden Lücken klassifiziert und behoben?
14001-6-1-2-internal-1;14001-6-1-2;ISO 14001;ISO 14001:2026;6.1.2;6;high;internal;Environmental aspects;Environmentální aspekty;Umweltaspekte;Select one significant aspect and trace its life-cycle stages, significance criteria, controls, objectives and monitoring.;Vyberte jeden významný aspekt a sledujte jeho etapy životního cyklu, kritéria významnosti, opatření, cíle a monitorování.;Einen bedeutenden Aspekt auswählen und Lebenswegstufen, Signifikanzkriterien, Kontrollen, Ziele und Überwachung verfolgen.
14001-6-1-2-internal-2;14001-6-1-2;ISO 14001;ISO 14001:2026;6.1.2;6;high;internal;Environmental aspects;Environmentální aspekty;Umweltaspekte;How is environmental aspects implemented in the selected process, and who owns the control?;Jak je v hodnoceném procesu zavedeno téma „Environmentální aspekty“ a kdo vlastní příslušné řízení?;Wie ist „Umweltaspekte“ im ausgewählten Prozess umgesetzt und wer verantwortet die Steuerung?
14001-6-1-2-internal-3;14001-6-1-2;ISO 14001;ISO 14001:2026;6.1.2;6;high;internal;Environmental aspects;Environmentální aspekty;Umweltaspekte;Show a recent sample and explain how effectiveness, deviations and follow-up are evaluated.;Ukažte aktuální vzorek a vysvětlete, jak se hodnotí účinnost, odchylky a následná opatření.;Eine aktuelle Stichprobe zeigen und erläutern, wie Wirksamkeit, Abweichungen und Folgemaßnahmen bewertet werden.
14001-6-1-2-customer-1;14001-6-1-2;ISO 14001;ISO 14001:2026;6.1.2;6;high;customer;Environmental aspects;Environmentální aspekty;Umweltaspekte;How does clause 6.1.2 protect customer, contractual or stakeholder expectations in this process?;Jak článek 6.1.2 chrání očekávání zákazníka, smluvní nebo jiné relevantní požadavky v tomto procesu?;Wie schützt Abschnitt 6.1.2 Kunden-, Vertrags- oder relevante Stakeholderanforderungen in diesem Prozess?
14001-6-1-2-customer-2;14001-6-1-2;ISO 14001;ISO 14001:2026;6.1.2;6;high;customer;Environmental aspects;Environmentální aspekty;Umweltaspekte;Select one significant aspect and trace its life-cycle stages, significance criteria, controls, objectives and monitoring.;Vyberte jeden významný aspekt a sledujte jeho etapy životního cyklu, kritéria významnosti, opatření, cíle a monitorování.;Einen bedeutenden Aspekt auswählen und Lebenswegstufen, Signifikanzkriterien, Kontrollen, Ziele und Überwachung verfolgen.
14001-6-1-2-customer-3;14001-6-1-2;ISO 14001;ISO 14001:2026;6.1.2;6;high;customer;Environmental aspects;Environmentální aspekty;Umweltaspekte;Show one recent customer/project example and trace the requirement to objective evidence and escalation.;Ukažte jeden aktuální zákaznický/projektový příklad a sledujte požadavek k objektivnímu důkazu a eskalaci.;Ein aktuelles Kunden-/Projektbeispiel zeigen und die Anforderung bis zu objektivem Nachweis und Eskalation verfolgen.
14001-6-1-2-certification-1;14001-6-1-2;ISO 14001;ISO 14001:2026;6.1.2;6;high;certification;Environmental aspects;Environmentální aspekty;Umweltaspekte;Which objective evidence demonstrates conformity and effective implementation of clause 6.1.2?;Který objektivní důkaz prokazuje shodu a účinné zavedení článku 6.1.2?;Welche objektiven Nachweise belegen Konformität und wirksame Umsetzung von Abschnitt 6.1.2?
14001-6-1-2-certification-2;14001-6-1-2;ISO 14001;ISO 14001:2026;6.1.2;6;high;certification;Environmental aspects;Environmentální aspekty;Umweltaspekte;Select one significant aspect and trace its life-cycle stages, significance criteria, controls, objectives and monitoring.;Vyberte jeden významný aspekt a sledujte jeho etapy životního cyklu, kritéria významnosti, opatření, cíle a monitorování.;Einen bedeutenden Aspekt auswählen und Lebenswegstufen, Signifikanzkriterien, Kontrollen, Ziele und Überwachung verfolgen.
14001-6-1-2-certification-3;14001-6-1-2;ISO 14001;ISO 14001:2026;6.1.2;6;high;certification;Environmental aspects;Environmentální aspekty;Umweltaspekte;How does this control interact with related clauses, and how are gaps classified and corrected?;Jak toto řízení souvisí s navazujícími články a jak se klasifikují a řeší mezery?;Wie wirkt diese Steuerung mit verwandten Abschnitten zusammen und wie werden Lücken klassifiziert und behoben?
14001-6-1-3-internal-1;14001-6-1-3;ISO 14001;ISO 14001:2026;6.1.3;6;high;internal;Compliance obligations;Závazné povinnosti;Bindende Verpflichtungen;Choose one permit or legal duty and verify applicability, operational control, monitoring, reporting and change tracking.;Vyberte jedno povolení nebo právní povinnost a ověřte použitelnost, provozní řízení, monitorování, hlášení a sledování změn.;Eine Genehmigung oder Rechtspflicht auswählen und Anwendbarkeit, betriebliche Kontrolle, Überwachung, Meldung und Änderungsverfolgung prüfen.
14001-6-1-3-internal-2;14001-6-1-3;ISO 14001;ISO 14001:2026;6.1.3;6;high;internal;Compliance obligations;Závazné povinnosti;Bindende Verpflichtungen;How is compliance obligations implemented in the selected process, and who owns the control?;Jak je v hodnoceném procesu zavedeno téma „Závazné povinnosti“ a kdo vlastní příslušné řízení?;Wie ist „Bindende Verpflichtungen“ im ausgewählten Prozess umgesetzt und wer verantwortet die Steuerung?
14001-6-1-3-internal-3;14001-6-1-3;ISO 14001;ISO 14001:2026;6.1.3;6;high;internal;Compliance obligations;Závazné povinnosti;Bindende Verpflichtungen;Show a recent sample and explain how effectiveness, deviations and follow-up are evaluated.;Ukažte aktuální vzorek a vysvětlete, jak se hodnotí účinnost, odchylky a následná opatření.;Eine aktuelle Stichprobe zeigen und erläutern, wie Wirksamkeit, Abweichungen und Folgemaßnahmen bewertet werden.
14001-6-1-3-customer-1;14001-6-1-3;ISO 14001;ISO 14001:2026;6.1.3;6;high;customer;Compliance obligations;Závazné povinnosti;Bindende Verpflichtungen;How does clause 6.1.3 protect customer, contractual or stakeholder expectations in this process?;Jak článek 6.1.3 chrání očekávání zákazníka, smluvní nebo jiné relevantní požadavky v tomto procesu?;Wie schützt Abschnitt 6.1.3 Kunden-, Vertrags- oder relevante Stakeholderanforderungen in diesem Prozess?
14001-6-1-3-customer-2;14001-6-1-3;ISO 14001;ISO 14001:2026;6.1.3;6;high;customer;Compliance obligations;Závazné povinnosti;Bindende Verpflichtungen;Choose one permit or legal duty and verify applicability, operational control, monitoring, reporting and change tracking.;Vyberte jedno povolení nebo právní povinnost a ověřte použitelnost, provozní řízení, monitorování, hlášení a sledování změn.;Eine Genehmigung oder Rechtspflicht auswählen und Anwendbarkeit, betriebliche Kontrolle, Überwachung, Meldung und Änderungsverfolgung prüfen.
14001-6-1-3-customer-3;14001-6-1-3;ISO 14001;ISO 14001:2026;6.1.3;6;high;customer;Compliance obligations;Závazné povinnosti;Bindende Verpflichtungen;Show one recent customer/project example and trace the requirement to objective evidence and escalation.;Ukažte jeden aktuální zákaznický/projektový příklad a sledujte požadavek k objektivnímu důkazu a eskalaci.;Ein aktuelles Kunden-/Projektbeispiel zeigen und die Anforderung bis zu objektivem Nachweis und Eskalation verfolgen.
14001-6-1-3-certification-1;14001-6-1-3;ISO 14001;ISO 14001:2026;6.1.3;6;high;certification;Compliance obligations;Závazné povinnosti;Bindende Verpflichtungen;Which objective evidence demonstrates conformity and effective implementation of clause 6.1.3?;Který objektivní důkaz prokazuje shodu a účinné zavedení článku 6.1.3?;Welche objektiven Nachweise belegen Konformität und wirksame Umsetzung von Abschnitt 6.1.3?
14001-6-1-3-certification-2;14001-6-1-3;ISO 14001;ISO 14001:2026;6.1.3;6;high;certification;Compliance obligations;Závazné povinnosti;Bindende Verpflichtungen;Choose one permit or legal duty and verify applicability, operational control, monitoring, reporting and change tracking.;Vyberte jedno povolení nebo právní povinnost a ověřte použitelnost, provozní řízení, monitorování, hlášení a sledování změn.;Eine Genehmigung oder Rechtspflicht auswählen und Anwendbarkeit, betriebliche Kontrolle, Überwachung, Meldung und Änderungsverfolgung prüfen.
14001-6-1-3-certification-3;14001-6-1-3;ISO 14001;ISO 14001:2026;6.1.3;6;high;certification;Compliance obligations;Závazné povinnosti;Bindende Verpflichtungen;How does this control interact with related clauses, and how are gaps classified and corrected?;Jak toto řízení souvisí s navazujícími články a jak se klasifikují a řeší mezery?;Wie wirkt diese Steuerung mit verwandten Abschnitten zusammen und wie werden Lücken klassifiziert und behoben?
14001-6-1-4-internal-1;14001-6-1-4;ISO 14001;ISO 14001:2026;6.1.4;6;high;internal;Environmental risks and opportunities;Environmentální rizika a příležitosti;Umweltbezogene Risiken und Chancen;Show a material EMS risk that is not simply a significant aspect and how it is controlled.;Ukažte významné riziko EMS, které není pouze významným aspektem, a způsob jeho řízení.;Ein wesentliches UMS-Risiko zeigen, das nicht nur ein bedeutender Aspekt ist, und seine Steuerung erläutern.
14001-6-1-4-internal-2;14001-6-1-4;ISO 14001;ISO 14001:2026;6.1.4;6;high;internal;Environmental risks and opportunities;Environmentální rizika a příležitosti;Umweltbezogene Risiken und Chancen;How is environmental risks and opportunities implemented in the selected process, and who owns the control?;Jak je v hodnoceném procesu zavedeno téma „Environmentální rizika a příležitosti“ a kdo vlastní příslušné řízení?;Wie ist „Umweltbezogene Risiken und Chancen“ im ausgewählten Prozess umgesetzt und wer verantwortet die Steuerung?
14001-6-1-4-internal-3;14001-6-1-4;ISO 14001;ISO 14001:2026;6.1.4;6;high;internal;Environmental risks and opportunities;Environmentální rizika a příležitosti;Umweltbezogene Risiken und Chancen;Show a recent sample and explain how effectiveness, deviations and follow-up are evaluated.;Ukažte aktuální vzorek a vysvětlete, jak se hodnotí účinnost, odchylky a následná opatření.;Eine aktuelle Stichprobe zeigen und erläutern, wie Wirksamkeit, Abweichungen und Folgemaßnahmen bewertet werden.
14001-6-1-4-customer-1;14001-6-1-4;ISO 14001;ISO 14001:2026;6.1.4;6;high;customer;Environmental risks and opportunities;Environmentální rizika a příležitosti;Umweltbezogene Risiken und Chancen;How does clause 6.1.4 protect customer, contractual or stakeholder expectations in this process?;Jak článek 6.1.4 chrání očekávání zákazníka, smluvní nebo jiné relevantní požadavky v tomto procesu?;Wie schützt Abschnitt 6.1.4 Kunden-, Vertrags- oder relevante Stakeholderanforderungen in diesem Prozess?
14001-6-1-4-customer-2;14001-6-1-4;ISO 14001;ISO 14001:2026;6.1.4;6;high;customer;Environmental risks and opportunities;Environmentální rizika a příležitosti;Umweltbezogene Risiken und Chancen;Show a material EMS risk that is not simply a significant aspect and how it is controlled.;Ukažte významné riziko EMS, které není pouze významným aspektem, a způsob jeho řízení.;Ein wesentliches UMS-Risiko zeigen, das nicht nur ein bedeutender Aspekt ist, und seine Steuerung erläutern.
14001-6-1-4-customer-3;14001-6-1-4;ISO 14001;ISO 14001:2026;6.1.4;6;high;customer;Environmental risks and opportunities;Environmentální rizika a příležitosti;Umweltbezogene Risiken und Chancen;Show one recent customer/project example and trace the requirement to objective evidence and escalation.;Ukažte jeden aktuální zákaznický/projektový příklad a sledujte požadavek k objektivnímu důkazu a eskalaci.;Ein aktuelles Kunden-/Projektbeispiel zeigen und die Anforderung bis zu objektivem Nachweis und Eskalation verfolgen.
14001-6-1-4-certification-1;14001-6-1-4;ISO 14001;ISO 14001:2026;6.1.4;6;high;certification;Environmental risks and opportunities;Environmentální rizika a příležitosti;Umweltbezogene Risiken und Chancen;Which objective evidence demonstrates conformity and effective implementation of clause 6.1.4?;Který objektivní důkaz prokazuje shodu a účinné zavedení článku 6.1.4?;Welche objektiven Nachweise belegen Konformität und wirksame Umsetzung von Abschnitt 6.1.4?
14001-6-1-4-certification-2;14001-6-1-4;ISO 14001;ISO 14001:2026;6.1.4;6;high;certification;Environmental risks and opportunities;Environmentální rizika a příležitosti;Umweltbezogene Risiken und Chancen;Show a material EMS risk that is not simply a significant aspect and how it is controlled.;Ukažte významné riziko EMS, které není pouze významným aspektem, a způsob jeho řízení.;Ein wesentliches UMS-Risiko zeigen, das nicht nur ein bedeutender Aspekt ist, und seine Steuerung erläutern.
14001-6-1-4-certification-3;14001-6-1-4;ISO 14001;ISO 14001:2026;6.1.4;6;high;certification;Environmental risks and opportunities;Environmentální rizika a příležitosti;Umweltbezogene Risiken und Chancen;How does this control interact with related clauses, and how are gaps classified and corrected?;Jak toto řízení souvisí s navazujícími články a jak se klasifikují a řeší mezery?;Wie wirkt diese Steuerung mit verwandten Abschnitten zusammen und wie werden Lücken klassifiziert und behoben?
14001-6-1-5-internal-1;14001-6-1-5;ISO 14001;ISO 14001:2026;6.1.5;6;high;internal;Planning environmental actions;Plánování environmentálních opatření;Planung umweltbezogener Maßnahmen;Trace one action from significant aspect or risk to process integration and measured effectiveness.;Sledujte jedno opatření od významného aspektu nebo rizika k integraci do procesu a měřené účinnosti.;Eine Maßnahme vom bedeutenden Aspekt oder Risiko bis zur Prozessintegration und gemessenen Wirksamkeit verfolgen.
14001-6-1-5-internal-2;14001-6-1-5;ISO 14001;ISO 14001:2026;6.1.5;6;high;internal;Planning environmental actions;Plánování environmentálních opatření;Planung umweltbezogener Maßnahmen;How is planning environmental actions implemented in the selected process, and who owns the control?;Jak je v hodnoceném procesu zavedeno téma „Plánování environmentálních opatření“ a kdo vlastní příslušné řízení?;Wie ist „Planung umweltbezogener Maßnahmen“ im ausgewählten Prozess umgesetzt und wer verantwortet die Steuerung?
14001-6-1-5-internal-3;14001-6-1-5;ISO 14001;ISO 14001:2026;6.1.5;6;high;internal;Planning environmental actions;Plánování environmentálních opatření;Planung umweltbezogener Maßnahmen;Show a recent sample and explain how effectiveness, deviations and follow-up are evaluated.;Ukažte aktuální vzorek a vysvětlete, jak se hodnotí účinnost, odchylky a následná opatření.;Eine aktuelle Stichprobe zeigen und erläutern, wie Wirksamkeit, Abweichungen und Folgemaßnahmen bewertet werden.
14001-6-1-5-customer-1;14001-6-1-5;ISO 14001;ISO 14001:2026;6.1.5;6;high;customer;Planning environmental actions;Plánování environmentálních opatření;Planung umweltbezogener Maßnahmen;How does clause 6.1.5 protect customer, contractual or stakeholder expectations in this process?;Jak článek 6.1.5 chrání očekávání zákazníka, smluvní nebo jiné relevantní požadavky v tomto procesu?;Wie schützt Abschnitt 6.1.5 Kunden-, Vertrags- oder relevante Stakeholderanforderungen in diesem Prozess?
14001-6-1-5-customer-2;14001-6-1-5;ISO 14001;ISO 14001:2026;6.1.5;6;high;customer;Planning environmental actions;Plánování environmentálních opatření;Planung umweltbezogener Maßnahmen;Trace one action from significant aspect or risk to process integration and measured effectiveness.;Sledujte jedno opatření od významného aspektu nebo rizika k integraci do procesu a měřené účinnosti.;Eine Maßnahme vom bedeutenden Aspekt oder Risiko bis zur Prozessintegration und gemessenen Wirksamkeit verfolgen.
14001-6-1-5-customer-3;14001-6-1-5;ISO 14001;ISO 14001:2026;6.1.5;6;high;customer;Planning environmental actions;Plánování environmentálních opatření;Planung umweltbezogener Maßnahmen;Show one recent customer/project example and trace the requirement to objective evidence and escalation.;Ukažte jeden aktuální zákaznický/projektový příklad a sledujte požadavek k objektivnímu důkazu a eskalaci.;Ein aktuelles Kunden-/Projektbeispiel zeigen und die Anforderung bis zu objektivem Nachweis und Eskalation verfolgen.
14001-6-1-5-certification-1;14001-6-1-5;ISO 14001;ISO 14001:2026;6.1.5;6;high;certification;Planning environmental actions;Plánování environmentálních opatření;Planung umweltbezogener Maßnahmen;Which objective evidence demonstrates conformity and effective implementation of clause 6.1.5?;Který objektivní důkaz prokazuje shodu a účinné zavedení článku 6.1.5?;Welche objektiven Nachweise belegen Konformität und wirksame Umsetzung von Abschnitt 6.1.5?
14001-6-1-5-certification-2;14001-6-1-5;ISO 14001;ISO 14001:2026;6.1.5;6;high;certification;Planning environmental actions;Plánování environmentálních opatření;Planung umweltbezogener Maßnahmen;Trace one action from significant aspect or risk to process integration and measured effectiveness.;Sledujte jedno opatření od významného aspektu nebo rizika k integraci do procesu a měřené účinnosti.;Eine Maßnahme vom bedeutenden Aspekt oder Risiko bis zur Prozessintegration und gemessenen Wirksamkeit verfolgen.
14001-6-1-5-certification-3;14001-6-1-5;ISO 14001;ISO 14001:2026;6.1.5;6;high;certification;Planning environmental actions;Plánování environmentálních opatření;Planung umweltbezogener Maßnahmen;How does this control interact with related clauses, and how are gaps classified and corrected?;Jak toto řízení souvisí s navazujícími články a jak se klasifikují a řeší mezery?;Wie wirkt diese Steuerung mit verwandten Abschnitten zusammen und wie werden Lücken klassifiziert und behoben?
14001-6-2-1-internal-1;14001-6-2-1;ISO 14001;ISO 14001:2026;6.2.1;6;high;internal;Environmental objectives;Environmentální cíle;Umweltziele;Which objective is most at risk, what is the forecast and what decision has been taken?;Který cíl je nejvíce ohrožen, jaká je prognóza a jaké rozhodnutí bylo přijato?;Welches Ziel ist am stärksten gefährdet, wie lautet die Prognose und welche Entscheidung wurde getroffen?
14001-6-2-1-internal-2;14001-6-2-1;ISO 14001;ISO 14001:2026;6.2.1;6;high;internal;Environmental objectives;Environmentální cíle;Umweltziele;How is environmental objectives implemented in the selected process, and who owns the control?;Jak je v hodnoceném procesu zavedeno téma „Environmentální cíle“ a kdo vlastní příslušné řízení?;Wie ist „Umweltziele“ im ausgewählten Prozess umgesetzt und wer verantwortet die Steuerung?
14001-6-2-1-internal-3;14001-6-2-1;ISO 14001;ISO 14001:2026;6.2.1;6;high;internal;Environmental objectives;Environmentální cíle;Umweltziele;Show a recent sample and explain how effectiveness, deviations and follow-up are evaluated.;Ukažte aktuální vzorek a vysvětlete, jak se hodnotí účinnost, odchylky a následná opatření.;Eine aktuelle Stichprobe zeigen und erläutern, wie Wirksamkeit, Abweichungen und Folgemaßnahmen bewertet werden.
14001-6-2-1-customer-1;14001-6-2-1;ISO 14001;ISO 14001:2026;6.2.1;6;high;customer;Environmental objectives;Environmentální cíle;Umweltziele;How does clause 6.2.1 protect customer, contractual or stakeholder expectations in this process?;Jak článek 6.2.1 chrání očekávání zákazníka, smluvní nebo jiné relevantní požadavky v tomto procesu?;Wie schützt Abschnitt 6.2.1 Kunden-, Vertrags- oder relevante Stakeholderanforderungen in diesem Prozess?
14001-6-2-1-customer-2;14001-6-2-1;ISO 14001;ISO 14001:2026;6.2.1;6;high;customer;Environmental objectives;Environmentální cíle;Umweltziele;Which objective is most at risk, what is the forecast and what decision has been taken?;Který cíl je nejvíce ohrožen, jaká je prognóza a jaké rozhodnutí bylo přijato?;Welches Ziel ist am stärksten gefährdet, wie lautet die Prognose und welche Entscheidung wurde getroffen?
14001-6-2-1-customer-3;14001-6-2-1;ISO 14001;ISO 14001:2026;6.2.1;6;high;customer;Environmental objectives;Environmentální cíle;Umweltziele;Show one recent customer/project example and trace the requirement to objective evidence and escalation.;Ukažte jeden aktuální zákaznický/projektový příklad a sledujte požadavek k objektivnímu důkazu a eskalaci.;Ein aktuelles Kunden-/Projektbeispiel zeigen und die Anforderung bis zu objektivem Nachweis und Eskalation verfolgen.
14001-6-2-1-certification-1;14001-6-2-1;ISO 14001;ISO 14001:2026;6.2.1;6;high;certification;Environmental objectives;Environmentální cíle;Umweltziele;Which objective evidence demonstrates conformity and effective implementation of clause 6.2.1?;Který objektivní důkaz prokazuje shodu a účinné zavedení článku 6.2.1?;Welche objektiven Nachweise belegen Konformität und wirksame Umsetzung von Abschnitt 6.2.1?
14001-6-2-1-certification-2;14001-6-2-1;ISO 14001;ISO 14001:2026;6.2.1;6;high;certification;Environmental objectives;Environmentální cíle;Umweltziele;Which objective is most at risk, what is the forecast and what decision has been taken?;Který cíl je nejvíce ohrožen, jaká je prognóza a jaké rozhodnutí bylo přijato?;Welches Ziel ist am stärksten gefährdet, wie lautet die Prognose und welche Entscheidung wurde getroffen?
14001-6-2-1-certification-3;14001-6-2-1;ISO 14001;ISO 14001:2026;6.2.1;6;high;certification;Environmental objectives;Environmentální cíle;Umweltziele;How does this control interact with related clauses, and how are gaps classified and corrected?;Jak toto řízení souvisí s navazujícími články a jak se klasifikují a řeší mezery?;Wie wirkt diese Steuerung mit verwandten Abschnitten zusammen und wie werden Lücken klassifiziert und behoben?
14001-6-2-2-internal-1;14001-6-2-2;ISO 14001;ISO 14001:2026;6.2.2;6;high;internal;Planning actions to achieve environmental objectives;Plánování opatření k dosažení environmentálních cílů;Planung von Maßnahmen zur Erreichung der Umweltziele;Trace one objective from policy and risk through milestones, resources and measured result.;Sledujte jeden cíl od politiky a rizika přes milníky a zdroje až k měřenému výsledku.;Ein Ziel von Politik und Risiko über Meilensteine und Ressourcen bis zum gemessenen Ergebnis verfolgen.
14001-6-2-2-internal-2;14001-6-2-2;ISO 14001;ISO 14001:2026;6.2.2;6;high;internal;Planning actions to achieve environmental objectives;Plánování opatření k dosažení environmentálních cílů;Planung von Maßnahmen zur Erreichung der Umweltziele;How is planning actions to achieve environmental objectives implemented in the selected process, and who owns the control?;Jak je v hodnoceném procesu zavedeno téma „Plánování opatření k dosažení environmentálních cílů“ a kdo vlastní příslušné řízení?;Wie ist „Planung von Maßnahmen zur Erreichung der Umweltziele“ im ausgewählten Prozess umgesetzt und wer verantwortet die Steuerung?
14001-6-2-2-internal-3;14001-6-2-2;ISO 14001;ISO 14001:2026;6.2.2;6;high;internal;Planning actions to achieve environmental objectives;Plánování opatření k dosažení environmentálních cílů;Planung von Maßnahmen zur Erreichung der Umweltziele;Show a recent sample and explain how effectiveness, deviations and follow-up are evaluated.;Ukažte aktuální vzorek a vysvětlete, jak se hodnotí účinnost, odchylky a následná opatření.;Eine aktuelle Stichprobe zeigen und erläutern, wie Wirksamkeit, Abweichungen und Folgemaßnahmen bewertet werden.
14001-6-2-2-customer-1;14001-6-2-2;ISO 14001;ISO 14001:2026;6.2.2;6;high;customer;Planning actions to achieve environmental objectives;Plánování opatření k dosažení environmentálních cílů;Planung von Maßnahmen zur Erreichung der Umweltziele;How does clause 6.2.2 protect customer, contractual or stakeholder expectations in this process?;Jak článek 6.2.2 chrání očekávání zákazníka, smluvní nebo jiné relevantní požadavky v tomto procesu?;Wie schützt Abschnitt 6.2.2 Kunden-, Vertrags- oder relevante Stakeholderanforderungen in diesem Prozess?
14001-6-2-2-customer-2;14001-6-2-2;ISO 14001;ISO 14001:2026;6.2.2;6;high;customer;Planning actions to achieve environmental objectives;Plánování opatření k dosažení environmentálních cílů;Planung von Maßnahmen zur Erreichung der Umweltziele;Trace one objective from policy and risk through milestones, resources and measured result.;Sledujte jeden cíl od politiky a rizika přes milníky a zdroje až k měřenému výsledku.;Ein Ziel von Politik und Risiko über Meilensteine und Ressourcen bis zum gemessenen Ergebnis verfolgen.
14001-6-2-2-customer-3;14001-6-2-2;ISO 14001;ISO 14001:2026;6.2.2;6;high;customer;Planning actions to achieve environmental objectives;Plánování opatření k dosažení environmentálních cílů;Planung von Maßnahmen zur Erreichung der Umweltziele;Show one recent customer/project example and trace the requirement to objective evidence and escalation.;Ukažte jeden aktuální zákaznický/projektový příklad a sledujte požadavek k objektivnímu důkazu a eskalaci.;Ein aktuelles Kunden-/Projektbeispiel zeigen und die Anforderung bis zu objektivem Nachweis und Eskalation verfolgen.
14001-6-2-2-certification-1;14001-6-2-2;ISO 14001;ISO 14001:2026;6.2.2;6;high;certification;Planning actions to achieve environmental objectives;Plánování opatření k dosažení environmentálních cílů;Planung von Maßnahmen zur Erreichung der Umweltziele;Which objective evidence demonstrates conformity and effective implementation of clause 6.2.2?;Který objektivní důkaz prokazuje shodu a účinné zavedení článku 6.2.2?;Welche objektiven Nachweise belegen Konformität und wirksame Umsetzung von Abschnitt 6.2.2?
14001-6-2-2-certification-2;14001-6-2-2;ISO 14001;ISO 14001:2026;6.2.2;6;high;certification;Planning actions to achieve environmental objectives;Plánování opatření k dosažení environmentálních cílů;Planung von Maßnahmen zur Erreichung der Umweltziele;Trace one objective from policy and risk through milestones, resources and measured result.;Sledujte jeden cíl od politiky a rizika přes milníky a zdroje až k měřenému výsledku.;Ein Ziel von Politik und Risiko über Meilensteine und Ressourcen bis zum gemessenen Ergebnis verfolgen.
14001-6-2-2-certification-3;14001-6-2-2;ISO 14001;ISO 14001:2026;6.2.2;6;high;certification;Planning actions to achieve environmental objectives;Plánování opatření k dosažení environmentálních cílů;Planung von Maßnahmen zur Erreichung der Umweltziele;How does this control interact with related clauses, and how are gaps classified and corrected?;Jak toto řízení souvisí s navazujícími články a jak se klasifikují a řeší mezery?;Wie wirkt diese Steuerung mit verwandten Abschnitten zusammen und wie werden Lücken klassifiziert und behoben?
14001-6-3-internal-1;14001-6-3;ISO 14001;ISO 14001:2026;6.3;6;high;internal;Planning and managing EMS changes;Plánování a řízení změn EMS;Planung und Management von UMS-Änderungen;Select a recent change and show impact assessment, approvals, implementation and post-change verification.;Vyberte nedávnou změnu a ukažte posouzení dopadů, schválení, zavedení a následné ověření.;Eine aktuelle Änderung auswählen und Auswirkungsbewertung, Freigaben, Umsetzung und Nachprüfung zeigen.
14001-6-3-internal-2;14001-6-3;ISO 14001;ISO 14001:2026;6.3;6;high;internal;Planning and managing EMS changes;Plánování a řízení změn EMS;Planung und Management von UMS-Änderungen;How is planning and managing ems changes implemented in the selected process, and who owns the control?;Jak je v hodnoceném procesu zavedeno téma „Plánování a řízení změn EMS“ a kdo vlastní příslušné řízení?;Wie ist „Planung und Management von UMS-Änderungen“ im ausgewählten Prozess umgesetzt und wer verantwortet die Steuerung?
14001-6-3-internal-3;14001-6-3;ISO 14001;ISO 14001:2026;6.3;6;high;internal;Planning and managing EMS changes;Plánování a řízení změn EMS;Planung und Management von UMS-Änderungen;Show a recent sample and explain how effectiveness, deviations and follow-up are evaluated.;Ukažte aktuální vzorek a vysvětlete, jak se hodnotí účinnost, odchylky a následná opatření.;Eine aktuelle Stichprobe zeigen und erläutern, wie Wirksamkeit, Abweichungen und Folgemaßnahmen bewertet werden.
14001-6-3-customer-1;14001-6-3;ISO 14001;ISO 14001:2026;6.3;6;high;customer;Planning and managing EMS changes;Plánování a řízení změn EMS;Planung und Management von UMS-Änderungen;How does clause 6.3 protect customer, contractual or stakeholder expectations in this process?;Jak článek 6.3 chrání očekávání zákazníka, smluvní nebo jiné relevantní požadavky v tomto procesu?;Wie schützt Abschnitt 6.3 Kunden-, Vertrags- oder relevante Stakeholderanforderungen in diesem Prozess?
14001-6-3-customer-2;14001-6-3;ISO 14001;ISO 14001:2026;6.3;6;high;customer;Planning and managing EMS changes;Plánování a řízení změn EMS;Planung und Management von UMS-Änderungen;Select a recent change and show impact assessment, approvals, implementation and post-change verification.;Vyberte nedávnou změnu a ukažte posouzení dopadů, schválení, zavedení a následné ověření.;Eine aktuelle Änderung auswählen und Auswirkungsbewertung, Freigaben, Umsetzung und Nachprüfung zeigen.
14001-6-3-customer-3;14001-6-3;ISO 14001;ISO 14001:2026;6.3;6;high;customer;Planning and managing EMS changes;Plánování a řízení změn EMS;Planung und Management von UMS-Änderungen;Show one recent customer/project example and trace the requirement to objective evidence and escalation.;Ukažte jeden aktuální zákaznický/projektový příklad a sledujte požadavek k objektivnímu důkazu a eskalaci.;Ein aktuelles Kunden-/Projektbeispiel zeigen und die Anforderung bis zu objektivem Nachweis und Eskalation verfolgen.
14001-6-3-certification-1;14001-6-3;ISO 14001;ISO 14001:2026;6.3;6;high;certification;Planning and managing EMS changes;Plánování a řízení změn EMS;Planung und Management von UMS-Änderungen;Which objective evidence demonstrates conformity and effective implementation of clause 6.3?;Který objektivní důkaz prokazuje shodu a účinné zavedení článku 6.3?;Welche objektiven Nachweise belegen Konformität und wirksame Umsetzung von Abschnitt 6.3?
14001-6-3-certification-2;14001-6-3;ISO 14001;ISO 14001:2026;6.3;6;high;certification;Planning and managing EMS changes;Plánování a řízení změn EMS;Planung und Management von UMS-Änderungen;Select a recent change and show impact assessment, approvals, implementation and post-change verification.;Vyberte nedávnou změnu a ukažte posouzení dopadů, schválení, zavedení a následné ověření.;Eine aktuelle Änderung auswählen und Auswirkungsbewertung, Freigaben, Umsetzung und Nachprüfung zeigen.
14001-6-3-certification-3;14001-6-3;ISO 14001;ISO 14001:2026;6.3;6;high;certification;Planning and managing EMS changes;Plánování a řízení změn EMS;Planung und Management von UMS-Änderungen;How does this control interact with related clauses, and how are gaps classified and corrected?;Jak toto řízení souvisí s navazujícími články a jak se klasifikují a řeší mezery?;Wie wirkt diese Steuerung mit verwandten Abschnitten zusammen und wie werden Lücken klassifiziert und behoben?
14001-7-1-internal-1;14001-7-1;ISO 14001;ISO 14001:2026;7.1;7;medium;internal;Resources;Zdroje;Ressourcen;Where is the largest resource constraint and how is its risk controlled?;Kde je největší omezení zdrojů a jak je jeho riziko řízeno?;Wo besteht der größte Ressourcenengpass und wie wird dessen Risiko gelenkt?
14001-7-1-internal-2;14001-7-1;ISO 14001;ISO 14001:2026;7.1;7;medium;internal;Resources;Zdroje;Ressourcen;How is resources implemented in the selected process, and who owns the control?;Jak je v hodnoceném procesu zavedeno téma „Zdroje“ a kdo vlastní příslušné řízení?;Wie ist „Ressourcen“ im ausgewählten Prozess umgesetzt und wer verantwortet die Steuerung?
14001-7-1-internal-3;14001-7-1;ISO 14001;ISO 14001:2026;7.1;7;medium;internal;Resources;Zdroje;Ressourcen;Show a recent sample and explain how effectiveness, deviations and follow-up are evaluated.;Ukažte aktuální vzorek a vysvětlete, jak se hodnotí účinnost, odchylky a následná opatření.;Eine aktuelle Stichprobe zeigen und erläutern, wie Wirksamkeit, Abweichungen und Folgemaßnahmen bewertet werden.
14001-7-1-customer-1;14001-7-1;ISO 14001;ISO 14001:2026;7.1;7;medium;customer;Resources;Zdroje;Ressourcen;How does clause 7.1 protect customer, contractual or stakeholder expectations in this process?;Jak článek 7.1 chrání očekávání zákazníka, smluvní nebo jiné relevantní požadavky v tomto procesu?;Wie schützt Abschnitt 7.1 Kunden-, Vertrags- oder relevante Stakeholderanforderungen in diesem Prozess?
14001-7-1-customer-2;14001-7-1;ISO 14001;ISO 14001:2026;7.1;7;medium;customer;Resources;Zdroje;Ressourcen;Where is the largest resource constraint and how is its risk controlled?;Kde je největší omezení zdrojů a jak je jeho riziko řízeno?;Wo besteht der größte Ressourcenengpass und wie wird dessen Risiko gelenkt?
14001-7-1-customer-3;14001-7-1;ISO 14001;ISO 14001:2026;7.1;7;medium;customer;Resources;Zdroje;Ressourcen;Show one recent customer/project example and trace the requirement to objective evidence and escalation.;Ukažte jeden aktuální zákaznický/projektový příklad a sledujte požadavek k objektivnímu důkazu a eskalaci.;Ein aktuelles Kunden-/Projektbeispiel zeigen und die Anforderung bis zu objektivem Nachweis und Eskalation verfolgen.
14001-7-1-certification-1;14001-7-1;ISO 14001;ISO 14001:2026;7.1;7;medium;certification;Resources;Zdroje;Ressourcen;Which objective evidence demonstrates conformity and effective implementation of clause 7.1?;Který objektivní důkaz prokazuje shodu a účinné zavedení článku 7.1?;Welche objektiven Nachweise belegen Konformität und wirksame Umsetzung von Abschnitt 7.1?
14001-7-1-certification-2;14001-7-1;ISO 14001;ISO 14001:2026;7.1;7;medium;certification;Resources;Zdroje;Ressourcen;Where is the largest resource constraint and how is its risk controlled?;Kde je největší omezení zdrojů a jak je jeho riziko řízeno?;Wo besteht der größte Ressourcenengpass und wie wird dessen Risiko gelenkt?
14001-7-1-certification-3;14001-7-1;ISO 14001;ISO 14001:2026;7.1;7;medium;certification;Resources;Zdroje;Ressourcen;How does this control interact with related clauses, and how are gaps classified and corrected?;Jak toto řízení souvisí s navazujícími články a jak se klasifikují a řeší mezery?;Wie wirkt diese Steuerung mit verwandten Abschnitten zusammen und wie werden Lücken klassifiziert und behoben?
14001-7-2-internal-1;14001-7-2;ISO 14001;ISO 14001:2026;7.2;7;high;internal;Competence;Kompetence;Kompetenz;How was competence verified for one high-risk role, and who authorizes independent work?;Jak byla ověřena kompetence pro jednu vysoce rizikovou roli a kdo povoluje samostatnou práci?;Wie wurde die Kompetenz für eine Hochrisikorolle geprüft und wer autorisiert selbstständige Arbeit?
14001-7-2-internal-2;14001-7-2;ISO 14001;ISO 14001:2026;7.2;7;high;internal;Competence;Kompetence;Kompetenz;How is competence implemented in the selected process, and who owns the control?;Jak je v hodnoceném procesu zavedeno téma „Kompetence“ a kdo vlastní příslušné řízení?;Wie ist „Kompetenz“ im ausgewählten Prozess umgesetzt und wer verantwortet die Steuerung?
14001-7-2-internal-3;14001-7-2;ISO 14001;ISO 14001:2026;7.2;7;high;internal;Competence;Kompetence;Kompetenz;Show a recent sample and explain how effectiveness, deviations and follow-up are evaluated.;Ukažte aktuální vzorek a vysvětlete, jak se hodnotí účinnost, odchylky a následná opatření.;Eine aktuelle Stichprobe zeigen und erläutern, wie Wirksamkeit, Abweichungen und Folgemaßnahmen bewertet werden.
14001-7-2-customer-1;14001-7-2;ISO 14001;ISO 14001:2026;7.2;7;high;customer;Competence;Kompetence;Kompetenz;How does clause 7.2 protect customer, contractual or stakeholder expectations in this process?;Jak článek 7.2 chrání očekávání zákazníka, smluvní nebo jiné relevantní požadavky v tomto procesu?;Wie schützt Abschnitt 7.2 Kunden-, Vertrags- oder relevante Stakeholderanforderungen in diesem Prozess?
14001-7-2-customer-2;14001-7-2;ISO 14001;ISO 14001:2026;7.2;7;high;customer;Competence;Kompetence;Kompetenz;How was competence verified for one high-risk role, and who authorizes independent work?;Jak byla ověřena kompetence pro jednu vysoce rizikovou roli a kdo povoluje samostatnou práci?;Wie wurde die Kompetenz für eine Hochrisikorolle geprüft und wer autorisiert selbstständige Arbeit?
14001-7-2-customer-3;14001-7-2;ISO 14001;ISO 14001:2026;7.2;7;high;customer;Competence;Kompetence;Kompetenz;Show one recent customer/project example and trace the requirement to objective evidence and escalation.;Ukažte jeden aktuální zákaznický/projektový příklad a sledujte požadavek k objektivnímu důkazu a eskalaci.;Ein aktuelles Kunden-/Projektbeispiel zeigen und die Anforderung bis zu objektivem Nachweis und Eskalation verfolgen.
14001-7-2-certification-1;14001-7-2;ISO 14001;ISO 14001:2026;7.2;7;high;certification;Competence;Kompetence;Kompetenz;Which objective evidence demonstrates conformity and effective implementation of clause 7.2?;Který objektivní důkaz prokazuje shodu a účinné zavedení článku 7.2?;Welche objektiven Nachweise belegen Konformität und wirksame Umsetzung von Abschnitt 7.2?
14001-7-2-certification-2;14001-7-2;ISO 14001;ISO 14001:2026;7.2;7;high;certification;Competence;Kompetence;Kompetenz;How was competence verified for one high-risk role, and who authorizes independent work?;Jak byla ověřena kompetence pro jednu vysoce rizikovou roli a kdo povoluje samostatnou práci?;Wie wurde die Kompetenz für eine Hochrisikorolle geprüft und wer autorisiert selbstständige Arbeit?
14001-7-2-certification-3;14001-7-2;ISO 14001;ISO 14001:2026;7.2;7;high;certification;Competence;Kompetence;Kompetenz;How does this control interact with related clauses, and how are gaps classified and corrected?;Jak toto řízení souvisí s navazujícími články a jak se klasifikují a řeší mezery?;Wie wirkt diese Steuerung mit verwandten Abschnitten zusammen und wie werden Lücken klassifiziert und behoben?
14001-7-3-internal-1;14001-7-3;ISO 14001;ISO 14001:2026;7.3;7;medium;internal;Awareness;Povědomí;Bewusstsein;Ask a person at the point of work to explain the key requirement, risk and escalation route.;Požádejte pracovníka na pracovišti, aby vysvětlil klíčový požadavek, riziko a způsob eskalace.;Eine Person am Arbeitsplatz bitten, Kernanforderung, Risiko und Eskalationsweg zu erklären.
14001-7-3-internal-2;14001-7-3;ISO 14001;ISO 14001:2026;7.3;7;medium;internal;Awareness;Povědomí;Bewusstsein;How is awareness implemented in the selected process, and who owns the control?;Jak je v hodnoceném procesu zavedeno téma „Povědomí“ a kdo vlastní příslušné řízení?;Wie ist „Bewusstsein“ im ausgewählten Prozess umgesetzt und wer verantwortet die Steuerung?
14001-7-3-internal-3;14001-7-3;ISO 14001;ISO 14001:2026;7.3;7;medium;internal;Awareness;Povědomí;Bewusstsein;Show a recent sample and explain how effectiveness, deviations and follow-up are evaluated.;Ukažte aktuální vzorek a vysvětlete, jak se hodnotí účinnost, odchylky a následná opatření.;Eine aktuelle Stichprobe zeigen und erläutern, wie Wirksamkeit, Abweichungen und Folgemaßnahmen bewertet werden.
14001-7-3-customer-1;14001-7-3;ISO 14001;ISO 14001:2026;7.3;7;medium;customer;Awareness;Povědomí;Bewusstsein;How does clause 7.3 protect customer, contractual or stakeholder expectations in this process?;Jak článek 7.3 chrání očekávání zákazníka, smluvní nebo jiné relevantní požadavky v tomto procesu?;Wie schützt Abschnitt 7.3 Kunden-, Vertrags- oder relevante Stakeholderanforderungen in diesem Prozess?
14001-7-3-customer-2;14001-7-3;ISO 14001;ISO 14001:2026;7.3;7;medium;customer;Awareness;Povědomí;Bewusstsein;Ask a person at the point of work to explain the key requirement, risk and escalation route.;Požádejte pracovníka na pracovišti, aby vysvětlil klíčový požadavek, riziko a způsob eskalace.;Eine Person am Arbeitsplatz bitten, Kernanforderung, Risiko und Eskalationsweg zu erklären.
14001-7-3-customer-3;14001-7-3;ISO 14001;ISO 14001:2026;7.3;7;medium;customer;Awareness;Povědomí;Bewusstsein;Show one recent customer/project example and trace the requirement to objective evidence and escalation.;Ukažte jeden aktuální zákaznický/projektový příklad a sledujte požadavek k objektivnímu důkazu a eskalaci.;Ein aktuelles Kunden-/Projektbeispiel zeigen und die Anforderung bis zu objektivem Nachweis und Eskalation verfolgen.
14001-7-3-certification-1;14001-7-3;ISO 14001;ISO 14001:2026;7.3;7;medium;certification;Awareness;Povědomí;Bewusstsein;Which objective evidence demonstrates conformity and effective implementation of clause 7.3?;Který objektivní důkaz prokazuje shodu a účinné zavedení článku 7.3?;Welche objektiven Nachweise belegen Konformität und wirksame Umsetzung von Abschnitt 7.3?
14001-7-3-certification-2;14001-7-3;ISO 14001;ISO 14001:2026;7.3;7;medium;certification;Awareness;Povědomí;Bewusstsein;Ask a person at the point of work to explain the key requirement, risk and escalation route.;Požádejte pracovníka na pracovišti, aby vysvětlil klíčový požadavek, riziko a způsob eskalace.;Eine Person am Arbeitsplatz bitten, Kernanforderung, Risiko und Eskalationsweg zu erklären.
14001-7-3-certification-3;14001-7-3;ISO 14001;ISO 14001:2026;7.3;7;medium;certification;Awareness;Povědomí;Bewusstsein;How does this control interact with related clauses, and how are gaps classified and corrected?;Jak toto řízení souvisí s navazujícími články a jak se klasifikují a řeší mezery?;Wie wirkt diese Steuerung mit verwandten Abschnitten zusammen und wie werden Lücken klassifiziert und behoben?
14001-7-4-1-internal-1;14001-7-4-1;ISO 14001;ISO 14001:2026;7.4.1;7;medium;internal;Communication — general;Komunikace — obecně;Kommunikation — Allgemeines;Trace one important message from decision through communication to confirmed understanding or response.;Sledujte jedno důležité sdělení od rozhodnutí přes komunikaci až po potvrzené porozumění nebo reakci.;Eine wichtige Mitteilung von der Entscheidung über Kommunikation bis zum bestätigten Verständnis bzw. zur Reaktion verfolgen.
14001-7-4-1-internal-2;14001-7-4-1;ISO 14001;ISO 14001:2026;7.4.1;7;medium;internal;Communication — general;Komunikace — obecně;Kommunikation — Allgemeines;How is communication — general implemented in the selected process, and who owns the control?;Jak je v hodnoceném procesu zavedeno téma „Komunikace — obecně“ a kdo vlastní příslušné řízení?;Wie ist „Kommunikation — Allgemeines“ im ausgewählten Prozess umgesetzt und wer verantwortet die Steuerung?
14001-7-4-1-internal-3;14001-7-4-1;ISO 14001;ISO 14001:2026;7.4.1;7;medium;internal;Communication — general;Komunikace — obecně;Kommunikation — Allgemeines;Show a recent sample and explain how effectiveness, deviations and follow-up are evaluated.;Ukažte aktuální vzorek a vysvětlete, jak se hodnotí účinnost, odchylky a následná opatření.;Eine aktuelle Stichprobe zeigen und erläutern, wie Wirksamkeit, Abweichungen und Folgemaßnahmen bewertet werden.
14001-7-4-1-customer-1;14001-7-4-1;ISO 14001;ISO 14001:2026;7.4.1;7;medium;customer;Communication — general;Komunikace — obecně;Kommunikation — Allgemeines;How does clause 7.4.1 protect customer, contractual or stakeholder expectations in this process?;Jak článek 7.4.1 chrání očekávání zákazníka, smluvní nebo jiné relevantní požadavky v tomto procesu?;Wie schützt Abschnitt 7.4.1 Kunden-, Vertrags- oder relevante Stakeholderanforderungen in diesem Prozess?
14001-7-4-1-customer-2;14001-7-4-1;ISO 14001;ISO 14001:2026;7.4.1;7;medium;customer;Communication — general;Komunikace — obecně;Kommunikation — Allgemeines;Trace one important message from decision through communication to confirmed understanding or response.;Sledujte jedno důležité sdělení od rozhodnutí přes komunikaci až po potvrzené porozumění nebo reakci.;Eine wichtige Mitteilung von der Entscheidung über Kommunikation bis zum bestätigten Verständnis bzw. zur Reaktion verfolgen.
14001-7-4-1-customer-3;14001-7-4-1;ISO 14001;ISO 14001:2026;7.4.1;7;medium;customer;Communication — general;Komunikace — obecně;Kommunikation — Allgemeines;Show one recent customer/project example and trace the requirement to objective evidence and escalation.;Ukažte jeden aktuální zákaznický/projektový příklad a sledujte požadavek k objektivnímu důkazu a eskalaci.;Ein aktuelles Kunden-/Projektbeispiel zeigen und die Anforderung bis zu objektivem Nachweis und Eskalation verfolgen.
14001-7-4-1-certification-1;14001-7-4-1;ISO 14001;ISO 14001:2026;7.4.1;7;medium;certification;Communication — general;Komunikace — obecně;Kommunikation — Allgemeines;Which objective evidence demonstrates conformity and effective implementation of clause 7.4.1?;Který objektivní důkaz prokazuje shodu a účinné zavedení článku 7.4.1?;Welche objektiven Nachweise belegen Konformität und wirksame Umsetzung von Abschnitt 7.4.1?
14001-7-4-1-certification-2;14001-7-4-1;ISO 14001;ISO 14001:2026;7.4.1;7;medium;certification;Communication — general;Komunikace — obecně;Kommunikation — Allgemeines;Trace one important message from decision through communication to confirmed understanding or response.;Sledujte jedno důležité sdělení od rozhodnutí přes komunikaci až po potvrzené porozumění nebo reakci.;Eine wichtige Mitteilung von der Entscheidung über Kommunikation bis zum bestätigten Verständnis bzw. zur Reaktion verfolgen.
14001-7-4-1-certification-3;14001-7-4-1;ISO 14001;ISO 14001:2026;7.4.1;7;medium;certification;Communication — general;Komunikace — obecně;Kommunikation — Allgemeines;How does this control interact with related clauses, and how are gaps classified and corrected?;Jak toto řízení souvisí s navazujícími články a jak se klasifikují a řeší mezery?;Wie wirkt diese Steuerung mit verwandten Abschnitten zusammen und wie werden Lücken klassifiziert und behoben?
14001-7-4-2-internal-1;14001-7-4-2;ISO 14001;ISO 14001:2026;7.4.2;7;medium;internal;Internal communication;Interní komunikace;Interne Kommunikation;How was the latest relevant change communicated across shifts, sites or functions?;Jak byla poslední relevantní změna komunikována napříč směnami, lokalitami nebo funkcemi?;Wie wurde die letzte relevante Änderung über Schichten, Standorte oder Funktionen kommuniziert?
14001-7-4-2-internal-2;14001-7-4-2;ISO 14001;ISO 14001:2026;7.4.2;7;medium;internal;Internal communication;Interní komunikace;Interne Kommunikation;How is internal communication implemented in the selected process, and who owns the control?;Jak je v hodnoceném procesu zavedeno téma „Interní komunikace“ a kdo vlastní příslušné řízení?;Wie ist „Interne Kommunikation“ im ausgewählten Prozess umgesetzt und wer verantwortet die Steuerung?
14001-7-4-2-internal-3;14001-7-4-2;ISO 14001;ISO 14001:2026;7.4.2;7;medium;internal;Internal communication;Interní komunikace;Interne Kommunikation;Show a recent sample and explain how effectiveness, deviations and follow-up are evaluated.;Ukažte aktuální vzorek a vysvětlete, jak se hodnotí účinnost, odchylky a následná opatření.;Eine aktuelle Stichprobe zeigen und erläutern, wie Wirksamkeit, Abweichungen und Folgemaßnahmen bewertet werden.
14001-7-4-2-customer-1;14001-7-4-2;ISO 14001;ISO 14001:2026;7.4.2;7;medium;customer;Internal communication;Interní komunikace;Interne Kommunikation;How does clause 7.4.2 protect customer, contractual or stakeholder expectations in this process?;Jak článek 7.4.2 chrání očekávání zákazníka, smluvní nebo jiné relevantní požadavky v tomto procesu?;Wie schützt Abschnitt 7.4.2 Kunden-, Vertrags- oder relevante Stakeholderanforderungen in diesem Prozess?
14001-7-4-2-customer-2;14001-7-4-2;ISO 14001;ISO 14001:2026;7.4.2;7;medium;customer;Internal communication;Interní komunikace;Interne Kommunikation;How was the latest relevant change communicated across shifts, sites or functions?;Jak byla poslední relevantní změna komunikována napříč směnami, lokalitami nebo funkcemi?;Wie wurde die letzte relevante Änderung über Schichten, Standorte oder Funktionen kommuniziert?
14001-7-4-2-customer-3;14001-7-4-2;ISO 14001;ISO 14001:2026;7.4.2;7;medium;customer;Internal communication;Interní komunikace;Interne Kommunikation;Show one recent customer/project example and trace the requirement to objective evidence and escalation.;Ukažte jeden aktuální zákaznický/projektový příklad a sledujte požadavek k objektivnímu důkazu a eskalaci.;Ein aktuelles Kunden-/Projektbeispiel zeigen und die Anforderung bis zu objektivem Nachweis und Eskalation verfolgen.
14001-7-4-2-certification-1;14001-7-4-2;ISO 14001;ISO 14001:2026;7.4.2;7;medium;certification;Internal communication;Interní komunikace;Interne Kommunikation;Which objective evidence demonstrates conformity and effective implementation of clause 7.4.2?;Který objektivní důkaz prokazuje shodu a účinné zavedení článku 7.4.2?;Welche objektiven Nachweise belegen Konformität und wirksame Umsetzung von Abschnitt 7.4.2?
14001-7-4-2-certification-2;14001-7-4-2;ISO 14001;ISO 14001:2026;7.4.2;7;medium;certification;Internal communication;Interní komunikace;Interne Kommunikation;How was the latest relevant change communicated across shifts, sites or functions?;Jak byla poslední relevantní změna komunikována napříč směnami, lokalitami nebo funkcemi?;Wie wurde die letzte relevante Änderung über Schichten, Standorte oder Funktionen kommuniziert?
14001-7-4-2-certification-3;14001-7-4-2;ISO 14001;ISO 14001:2026;7.4.2;7;medium;certification;Internal communication;Interní komunikace;Interne Kommunikation;How does this control interact with related clauses, and how are gaps classified and corrected?;Jak toto řízení souvisí s navazujícími články a jak se klasifikují a řeší mezery?;Wie wirkt diese Steuerung mit verwandten Abschnitten zusammen und wie werden Lücken klassifiziert und behoben?
14001-7-4-3-internal-1;14001-7-4-3;ISO 14001;ISO 14001:2026;7.4.3;7;medium;internal;External communication;Externí komunikace;Externe Kommunikation;Who approves external claims and how is their factual accuracy verified?;Kdo schvaluje externí tvrzení a jak se ověřuje jejich faktická správnost?;Wer genehmigt externe Aussagen und wie wird deren sachliche Richtigkeit geprüft?
14001-7-4-3-internal-2;14001-7-4-3;ISO 14001;ISO 14001:2026;7.4.3;7;medium;internal;External communication;Externí komunikace;Externe Kommunikation;How is external communication implemented in the selected process, and who owns the control?;Jak je v hodnoceném procesu zavedeno téma „Externí komunikace“ a kdo vlastní příslušné řízení?;Wie ist „Externe Kommunikation“ im ausgewählten Prozess umgesetzt und wer verantwortet die Steuerung?
14001-7-4-3-internal-3;14001-7-4-3;ISO 14001;ISO 14001:2026;7.4.3;7;medium;internal;External communication;Externí komunikace;Externe Kommunikation;Show a recent sample and explain how effectiveness, deviations and follow-up are evaluated.;Ukažte aktuální vzorek a vysvětlete, jak se hodnotí účinnost, odchylky a následná opatření.;Eine aktuelle Stichprobe zeigen und erläutern, wie Wirksamkeit, Abweichungen und Folgemaßnahmen bewertet werden.
14001-7-4-3-customer-1;14001-7-4-3;ISO 14001;ISO 14001:2026;7.4.3;7;medium;customer;External communication;Externí komunikace;Externe Kommunikation;How does clause 7.4.3 protect customer, contractual or stakeholder expectations in this process?;Jak článek 7.4.3 chrání očekávání zákazníka, smluvní nebo jiné relevantní požadavky v tomto procesu?;Wie schützt Abschnitt 7.4.3 Kunden-, Vertrags- oder relevante Stakeholderanforderungen in diesem Prozess?
14001-7-4-3-customer-2;14001-7-4-3;ISO 14001;ISO 14001:2026;7.4.3;7;medium;customer;External communication;Externí komunikace;Externe Kommunikation;Who approves external claims and how is their factual accuracy verified?;Kdo schvaluje externí tvrzení a jak se ověřuje jejich faktická správnost?;Wer genehmigt externe Aussagen und wie wird deren sachliche Richtigkeit geprüft?
14001-7-4-3-customer-3;14001-7-4-3;ISO 14001;ISO 14001:2026;7.4.3;7;medium;customer;External communication;Externí komunikace;Externe Kommunikation;Show one recent customer/project example and trace the requirement to objective evidence and escalation.;Ukažte jeden aktuální zákaznický/projektový příklad a sledujte požadavek k objektivnímu důkazu a eskalaci.;Ein aktuelles Kunden-/Projektbeispiel zeigen und die Anforderung bis zu objektivem Nachweis und Eskalation verfolgen.
14001-7-4-3-certification-1;14001-7-4-3;ISO 14001;ISO 14001:2026;7.4.3;7;medium;certification;External communication;Externí komunikace;Externe Kommunikation;Which objective evidence demonstrates conformity and effective implementation of clause 7.4.3?;Který objektivní důkaz prokazuje shodu a účinné zavedení článku 7.4.3?;Welche objektiven Nachweise belegen Konformität und wirksame Umsetzung von Abschnitt 7.4.3?
14001-7-4-3-certification-2;14001-7-4-3;ISO 14001;ISO 14001:2026;7.4.3;7;medium;certification;External communication;Externí komunikace;Externe Kommunikation;Who approves external claims and how is their factual accuracy verified?;Kdo schvaluje externí tvrzení a jak se ověřuje jejich faktická správnost?;Wer genehmigt externe Aussagen und wie wird deren sachliche Richtigkeit geprüft?
14001-7-4-3-certification-3;14001-7-4-3;ISO 14001;ISO 14001:2026;7.4.3;7;medium;certification;External communication;Externí komunikace;Externe Kommunikation;How does this control interact with related clauses, and how are gaps classified and corrected?;Jak toto řízení souvisí s navazujícími články a jak se klasifikují a řeší mezery?;Wie wirkt diese Steuerung mit verwandten Abschnitten zusammen und wie werden Lücken klassifiziert und behoben?
14001-7-5-1-internal-1;14001-7-5-1;ISO 14001;ISO 14001:2026;7.5.1;7;medium;internal;Documented information — general;Dokumentované informace — obecně;Dokumentierte Information — Allgemeines;Which documented information is essential to prevent inconsistent or unsafe performance?;Které dokumentované informace jsou nezbytné k zabránění nekonzistentnímu nebo nebezpečnému výkonu?;Welche dokumentierte Information ist wesentlich, um inkonsistente oder unsichere Leistung zu verhindern?
14001-7-5-1-internal-2;14001-7-5-1;ISO 14001;ISO 14001:2026;7.5.1;7;medium;internal;Documented information — general;Dokumentované informace — obecně;Dokumentierte Information — Allgemeines;How is documented information — general implemented in the selected process, and who owns the control?;Jak je v hodnoceném procesu zavedeno téma „Dokumentované informace — obecně“ a kdo vlastní příslušné řízení?;Wie ist „Dokumentierte Information — Allgemeines“ im ausgewählten Prozess umgesetzt und wer verantwortet die Steuerung?
14001-7-5-1-internal-3;14001-7-5-1;ISO 14001;ISO 14001:2026;7.5.1;7;medium;internal;Documented information — general;Dokumentované informace — obecně;Dokumentierte Information — Allgemeines;Show a recent sample and explain how effectiveness, deviations and follow-up are evaluated.;Ukažte aktuální vzorek a vysvětlete, jak se hodnotí účinnost, odchylky a následná opatření.;Eine aktuelle Stichprobe zeigen und erläutern, wie Wirksamkeit, Abweichungen und Folgemaßnahmen bewertet werden.
14001-7-5-1-customer-1;14001-7-5-1;ISO 14001;ISO 14001:2026;7.5.1;7;medium;customer;Documented information — general;Dokumentované informace — obecně;Dokumentierte Information — Allgemeines;How does clause 7.5.1 protect customer, contractual or stakeholder expectations in this process?;Jak článek 7.5.1 chrání očekávání zákazníka, smluvní nebo jiné relevantní požadavky v tomto procesu?;Wie schützt Abschnitt 7.5.1 Kunden-, Vertrags- oder relevante Stakeholderanforderungen in diesem Prozess?
14001-7-5-1-customer-2;14001-7-5-1;ISO 14001;ISO 14001:2026;7.5.1;7;medium;customer;Documented information — general;Dokumentované informace — obecně;Dokumentierte Information — Allgemeines;Which documented information is essential to prevent inconsistent or unsafe performance?;Které dokumentované informace jsou nezbytné k zabránění nekonzistentnímu nebo nebezpečnému výkonu?;Welche dokumentierte Information ist wesentlich, um inkonsistente oder unsichere Leistung zu verhindern?
14001-7-5-1-customer-3;14001-7-5-1;ISO 14001;ISO 14001:2026;7.5.1;7;medium;customer;Documented information — general;Dokumentované informace — obecně;Dokumentierte Information — Allgemeines;Show one recent customer/project example and trace the requirement to objective evidence and escalation.;Ukažte jeden aktuální zákaznický/projektový příklad a sledujte požadavek k objektivnímu důkazu a eskalaci.;Ein aktuelles Kunden-/Projektbeispiel zeigen und die Anforderung bis zu objektivem Nachweis und Eskalation verfolgen.
14001-7-5-1-certification-1;14001-7-5-1;ISO 14001;ISO 14001:2026;7.5.1;7;medium;certification;Documented information — general;Dokumentované informace — obecně;Dokumentierte Information — Allgemeines;Which objective evidence demonstrates conformity and effective implementation of clause 7.5.1?;Který objektivní důkaz prokazuje shodu a účinné zavedení článku 7.5.1?;Welche objektiven Nachweise belegen Konformität und wirksame Umsetzung von Abschnitt 7.5.1?
14001-7-5-1-certification-2;14001-7-5-1;ISO 14001;ISO 14001:2026;7.5.1;7;medium;certification;Documented information — general;Dokumentované informace — obecně;Dokumentierte Information — Allgemeines;Which documented information is essential to prevent inconsistent or unsafe performance?;Které dokumentované informace jsou nezbytné k zabránění nekonzistentnímu nebo nebezpečnému výkonu?;Welche dokumentierte Information ist wesentlich, um inkonsistente oder unsichere Leistung zu verhindern?
14001-7-5-1-certification-3;14001-7-5-1;ISO 14001;ISO 14001:2026;7.5.1;7;medium;certification;Documented information — general;Dokumentované informace — obecně;Dokumentierte Information — Allgemeines;How does this control interact with related clauses, and how are gaps classified and corrected?;Jak toto řízení souvisí s navazujícími články a jak se klasifikují a řeší mezery?;Wie wirkt diese Steuerung mit verwandten Abschnitten zusammen und wie werden Lücken klassifiziert und behoben?
14001-7-5-2-internal-1;14001-7-5-2;ISO 14001;ISO 14001:2026;7.5.2;7;medium;internal;Creating and updating documented information;Vytváření a aktualizace dokumentovaných informací;Erstellen und Aktualisieren dokumentierter Information;Select one recently revised document and verify need, review, approval, communication and effective date.;Vyberte nedávno revidovaný dokument a ověřte potřebu, přezkum, schválení, komunikaci a datum účinnosti.;Ein kürzlich revidiertes Dokument auswählen und Bedarf, Prüfung, Freigabe, Kommunikation und Gültigkeitsdatum verifizieren.
14001-7-5-2-internal-2;14001-7-5-2;ISO 14001;ISO 14001:2026;7.5.2;7;medium;internal;Creating and updating documented information;Vytváření a aktualizace dokumentovaných informací;Erstellen und Aktualisieren dokumentierter Information;How is creating and updating documented information implemented in the selected process, and who owns the control?;Jak je v hodnoceném procesu zavedeno téma „Vytváření a aktualizace dokumentovaných informací“ a kdo vlastní příslušné řízení?;Wie ist „Erstellen und Aktualisieren dokumentierter Information“ im ausgewählten Prozess umgesetzt und wer verantwortet die Steuerung?
14001-7-5-2-internal-3;14001-7-5-2;ISO 14001;ISO 14001:2026;7.5.2;7;medium;internal;Creating and updating documented information;Vytváření a aktualizace dokumentovaných informací;Erstellen und Aktualisieren dokumentierter Information;Show a recent sample and explain how effectiveness, deviations and follow-up are evaluated.;Ukažte aktuální vzorek a vysvětlete, jak se hodnotí účinnost, odchylky a následná opatření.;Eine aktuelle Stichprobe zeigen und erläutern, wie Wirksamkeit, Abweichungen und Folgemaßnahmen bewertet werden.
14001-7-5-2-customer-1;14001-7-5-2;ISO 14001;ISO 14001:2026;7.5.2;7;medium;customer;Creating and updating documented information;Vytváření a aktualizace dokumentovaných informací;Erstellen und Aktualisieren dokumentierter Information;How does clause 7.5.2 protect customer, contractual or stakeholder expectations in this process?;Jak článek 7.5.2 chrání očekávání zákazníka, smluvní nebo jiné relevantní požadavky v tomto procesu?;Wie schützt Abschnitt 7.5.2 Kunden-, Vertrags- oder relevante Stakeholderanforderungen in diesem Prozess?
14001-7-5-2-customer-2;14001-7-5-2;ISO 14001;ISO 14001:2026;7.5.2;7;medium;customer;Creating and updating documented information;Vytváření a aktualizace dokumentovaných informací;Erstellen und Aktualisieren dokumentierter Information;Select one recently revised document and verify need, review, approval, communication and effective date.;Vyberte nedávno revidovaný dokument a ověřte potřebu, přezkum, schválení, komunikaci a datum účinnosti.;Ein kürzlich revidiertes Dokument auswählen und Bedarf, Prüfung, Freigabe, Kommunikation und Gültigkeitsdatum verifizieren.
14001-7-5-2-customer-3;14001-7-5-2;ISO 14001;ISO 14001:2026;7.5.2;7;medium;customer;Creating and updating documented information;Vytváření a aktualizace dokumentovaných informací;Erstellen und Aktualisieren dokumentierter Information;Show one recent customer/project example and trace the requirement to objective evidence and escalation.;Ukažte jeden aktuální zákaznický/projektový příklad a sledujte požadavek k objektivnímu důkazu a eskalaci.;Ein aktuelles Kunden-/Projektbeispiel zeigen und die Anforderung bis zu objektivem Nachweis und Eskalation verfolgen.
14001-7-5-2-certification-1;14001-7-5-2;ISO 14001;ISO 14001:2026;7.5.2;7;medium;certification;Creating and updating documented information;Vytváření a aktualizace dokumentovaných informací;Erstellen und Aktualisieren dokumentierter Information;Which objective evidence demonstrates conformity and effective implementation of clause 7.5.2?;Který objektivní důkaz prokazuje shodu a účinné zavedení článku 7.5.2?;Welche objektiven Nachweise belegen Konformität und wirksame Umsetzung von Abschnitt 7.5.2?
14001-7-5-2-certification-2;14001-7-5-2;ISO 14001;ISO 14001:2026;7.5.2;7;medium;certification;Creating and updating documented information;Vytváření a aktualizace dokumentovaných informací;Erstellen und Aktualisieren dokumentierter Information;Select one recently revised document and verify need, review, approval, communication and effective date.;Vyberte nedávno revidovaný dokument a ověřte potřebu, přezkum, schválení, komunikaci a datum účinnosti.;Ein kürzlich revidiertes Dokument auswählen und Bedarf, Prüfung, Freigabe, Kommunikation und Gültigkeitsdatum verifizieren.
14001-7-5-2-certification-3;14001-7-5-2;ISO 14001;ISO 14001:2026;7.5.2;7;medium;certification;Creating and updating documented information;Vytváření a aktualizace dokumentovaných informací;Erstellen und Aktualisieren dokumentierter Information;How does this control interact with related clauses, and how are gaps classified and corrected?;Jak toto řízení souvisí s navazujícími články a jak se klasifikují a řeší mezery?;Wie wirkt diese Steuerung mit verwandten Abschnitten zusammen und wie werden Lücken klassifiziert und behoben?
14001-7-5-3-internal-1;14001-7-5-3;ISO 14001;ISO 14001:2026;7.5.3;7;high;internal;Control of documented information;Řízení dokumentovaných informací;Lenkung dokumentierter Information;At the point of work, verify that the user can access only the current approved information.;Na pracovišti ověřte, že uživatel má přístup pouze k aktuální schválené informaci.;Am Arbeitsplatz prüfen, dass nur auf aktuelle freigegebene Informationen zugegriffen wird.
14001-7-5-3-internal-2;14001-7-5-3;ISO 14001;ISO 14001:2026;7.5.3;7;high;internal;Control of documented information;Řízení dokumentovaných informací;Lenkung dokumentierter Information;How is control of documented information implemented in the selected process, and who owns the control?;Jak je v hodnoceném procesu zavedeno téma „Řízení dokumentovaných informací“ a kdo vlastní příslušné řízení?;Wie ist „Lenkung dokumentierter Information“ im ausgewählten Prozess umgesetzt und wer verantwortet die Steuerung?
14001-7-5-3-internal-3;14001-7-5-3;ISO 14001;ISO 14001:2026;7.5.3;7;high;internal;Control of documented information;Řízení dokumentovaných informací;Lenkung dokumentierter Information;Show a recent sample and explain how effectiveness, deviations and follow-up are evaluated.;Ukažte aktuální vzorek a vysvětlete, jak se hodnotí účinnost, odchylky a následná opatření.;Eine aktuelle Stichprobe zeigen und erläutern, wie Wirksamkeit, Abweichungen und Folgemaßnahmen bewertet werden.
14001-7-5-3-customer-1;14001-7-5-3;ISO 14001;ISO 14001:2026;7.5.3;7;high;customer;Control of documented information;Řízení dokumentovaných informací;Lenkung dokumentierter Information;How does clause 7.5.3 protect customer, contractual or stakeholder expectations in this process?;Jak článek 7.5.3 chrání očekávání zákazníka, smluvní nebo jiné relevantní požadavky v tomto procesu?;Wie schützt Abschnitt 7.5.3 Kunden-, Vertrags- oder relevante Stakeholderanforderungen in diesem Prozess?
14001-7-5-3-customer-2;14001-7-5-3;ISO 14001;ISO 14001:2026;7.5.3;7;high;customer;Control of documented information;Řízení dokumentovaných informací;Lenkung dokumentierter Information;At the point of work, verify that the user can access only the current approved information.;Na pracovišti ověřte, že uživatel má přístup pouze k aktuální schválené informaci.;Am Arbeitsplatz prüfen, dass nur auf aktuelle freigegebene Informationen zugegriffen wird.
14001-7-5-3-customer-3;14001-7-5-3;ISO 14001;ISO 14001:2026;7.5.3;7;high;customer;Control of documented information;Řízení dokumentovaných informací;Lenkung dokumentierter Information;Show one recent customer/project example and trace the requirement to objective evidence and escalation.;Ukažte jeden aktuální zákaznický/projektový příklad a sledujte požadavek k objektivnímu důkazu a eskalaci.;Ein aktuelles Kunden-/Projektbeispiel zeigen und die Anforderung bis zu objektivem Nachweis und Eskalation verfolgen.
14001-7-5-3-certification-1;14001-7-5-3;ISO 14001;ISO 14001:2026;7.5.3;7;high;certification;Control of documented information;Řízení dokumentovaných informací;Lenkung dokumentierter Information;Which objective evidence demonstrates conformity and effective implementation of clause 7.5.3?;Který objektivní důkaz prokazuje shodu a účinné zavedení článku 7.5.3?;Welche objektiven Nachweise belegen Konformität und wirksame Umsetzung von Abschnitt 7.5.3?
14001-7-5-3-certification-2;14001-7-5-3;ISO 14001;ISO 14001:2026;7.5.3;7;high;certification;Control of documented information;Řízení dokumentovaných informací;Lenkung dokumentierter Information;At the point of work, verify that the user can access only the current approved information.;Na pracovišti ověřte, že uživatel má přístup pouze k aktuální schválené informaci.;Am Arbeitsplatz prüfen, dass nur auf aktuelle freigegebene Informationen zugegriffen wird.
14001-7-5-3-certification-3;14001-7-5-3;ISO 14001;ISO 14001:2026;7.5.3;7;high;certification;Control of documented information;Řízení dokumentovaných informací;Lenkung dokumentierter Information;How does this control interact with related clauses, and how are gaps classified and corrected?;Jak toto řízení souvisí s navazujícími články a jak se klasifikují a řeší mezery?;Wie wirkt diese Steuerung mit verwandten Abschnitten zusammen und wie werden Lücken klassifiziert und behoben?
14001-8-1-internal-1;14001-8-1;ISO 14001;ISO 14001:2026;8.1;8;high;internal;Operational planning and control;Plánování a řízení provozu;Betriebliche Planung und Steuerung;Select one externally provided product or service with material environmental influence and verify criteria, communication, monitoring and evidence.;Vyberte jeden externě poskytovaný produkt nebo službu s významným environmentálním vlivem a ověřte kritéria, komunikaci, monitorování a důkazy.;Ein extern bereitgestelltes Produkt oder eine Dienstleistung mit wesentlichem Umwelteinfluss auswählen und Kriterien, Kommunikation, Überwachung und Nachweise prüfen.
14001-8-1-internal-2;14001-8-1;ISO 14001;ISO 14001:2026;8.1;8;high;internal;Operational planning and control;Plánování a řízení provozu;Betriebliche Planung und Steuerung;How is operational planning and control implemented in the selected process, and who owns the control?;Jak je v hodnoceném procesu zavedeno téma „Plánování a řízení provozu“ a kdo vlastní příslušné řízení?;Wie ist „Betriebliche Planung und Steuerung“ im ausgewählten Prozess umgesetzt und wer verantwortet die Steuerung?
14001-8-1-internal-3;14001-8-1;ISO 14001;ISO 14001:2026;8.1;8;high;internal;Operational planning and control;Plánování a řízení provozu;Betriebliche Planung und Steuerung;Show a recent sample and explain how effectiveness, deviations and follow-up are evaluated.;Ukažte aktuální vzorek a vysvětlete, jak se hodnotí účinnost, odchylky a následná opatření.;Eine aktuelle Stichprobe zeigen und erläutern, wie Wirksamkeit, Abweichungen und Folgemaßnahmen bewertet werden.
14001-8-1-customer-1;14001-8-1;ISO 14001;ISO 14001:2026;8.1;8;high;customer;Operational planning and control;Plánování a řízení provozu;Betriebliche Planung und Steuerung;How does clause 8.1 protect customer, contractual or stakeholder expectations in this process?;Jak článek 8.1 chrání očekávání zákazníka, smluvní nebo jiné relevantní požadavky v tomto procesu?;Wie schützt Abschnitt 8.1 Kunden-, Vertrags- oder relevante Stakeholderanforderungen in diesem Prozess?
14001-8-1-customer-2;14001-8-1;ISO 14001;ISO 14001:2026;8.1;8;high;customer;Operational planning and control;Plánování a řízení provozu;Betriebliche Planung und Steuerung;Select one externally provided product or service with material environmental influence and verify criteria, communication, monitoring and evidence.;Vyberte jeden externě poskytovaný produkt nebo službu s významným environmentálním vlivem a ověřte kritéria, komunikaci, monitorování a důkazy.;Ein extern bereitgestelltes Produkt oder eine Dienstleistung mit wesentlichem Umwelteinfluss auswählen und Kriterien, Kommunikation, Überwachung und Nachweise prüfen.
14001-8-1-customer-3;14001-8-1;ISO 14001;ISO 14001:2026;8.1;8;high;customer;Operational planning and control;Plánování a řízení provozu;Betriebliche Planung und Steuerung;Show one recent customer/project example and trace the requirement to objective evidence and escalation.;Ukažte jeden aktuální zákaznický/projektový příklad a sledujte požadavek k objektivnímu důkazu a eskalaci.;Ein aktuelles Kunden-/Projektbeispiel zeigen und die Anforderung bis zu objektivem Nachweis und Eskalation verfolgen.
14001-8-1-certification-1;14001-8-1;ISO 14001;ISO 14001:2026;8.1;8;high;certification;Operational planning and control;Plánování a řízení provozu;Betriebliche Planung und Steuerung;Which objective evidence demonstrates conformity and effective implementation of clause 8.1?;Který objektivní důkaz prokazuje shodu a účinné zavedení článku 8.1?;Welche objektiven Nachweise belegen Konformität und wirksame Umsetzung von Abschnitt 8.1?
14001-8-1-certification-2;14001-8-1;ISO 14001;ISO 14001:2026;8.1;8;high;certification;Operational planning and control;Plánování a řízení provozu;Betriebliche Planung und Steuerung;Select one externally provided product or service with material environmental influence and verify criteria, communication, monitoring and evidence.;Vyberte jeden externě poskytovaný produkt nebo službu s významným environmentálním vlivem a ověřte kritéria, komunikaci, monitorování a důkazy.;Ein extern bereitgestelltes Produkt oder eine Dienstleistung mit wesentlichem Umwelteinfluss auswählen und Kriterien, Kommunikation, Überwachung und Nachweise prüfen.
14001-8-1-certification-3;14001-8-1;ISO 14001;ISO 14001:2026;8.1;8;high;certification;Operational planning and control;Plánování a řízení provozu;Betriebliche Planung und Steuerung;How does this control interact with related clauses, and how are gaps classified and corrected?;Jak toto řízení souvisí s navazujícími články a jak se klasifikují a řeší mezery?;Wie wirkt diese Steuerung mit verwandten Abschnitten zusammen und wie werden Lücken klassifiziert und behoben?
14001-8-2-internal-1;14001-8-2;ISO 14001;ISO 14001:2026;8.2;8;high;internal;Emergency preparedness and response;Havarijní připravenost a reakce;Notfallvorsorge und Gefahrenabwehr;Show how the last emergency exercise tested environmental consequences, communications, recovery and learning—not only evacuation.;Ukažte, jak poslední havarijní cvičení ověřovalo environmentální důsledky, komunikaci, obnovu a poučení, nikoli pouze evakuaci.;Zeigen, wie die letzte Notfallübung Umweltfolgen, Kommunikation, Wiederherstellung und Lernen prüfte, nicht nur Evakuierung.
14001-8-2-internal-2;14001-8-2;ISO 14001;ISO 14001:2026;8.2;8;high;internal;Emergency preparedness and response;Havarijní připravenost a reakce;Notfallvorsorge und Gefahrenabwehr;How is emergency preparedness and response implemented in the selected process, and who owns the control?;Jak je v hodnoceném procesu zavedeno téma „Havarijní připravenost a reakce“ a kdo vlastní příslušné řízení?;Wie ist „Notfallvorsorge und Gefahrenabwehr“ im ausgewählten Prozess umgesetzt und wer verantwortet die Steuerung?
14001-8-2-internal-3;14001-8-2;ISO 14001;ISO 14001:2026;8.2;8;high;internal;Emergency preparedness and response;Havarijní připravenost a reakce;Notfallvorsorge und Gefahrenabwehr;Show a recent sample and explain how effectiveness, deviations and follow-up are evaluated.;Ukažte aktuální vzorek a vysvětlete, jak se hodnotí účinnost, odchylky a následná opatření.;Eine aktuelle Stichprobe zeigen und erläutern, wie Wirksamkeit, Abweichungen und Folgemaßnahmen bewertet werden.
14001-8-2-customer-1;14001-8-2;ISO 14001;ISO 14001:2026;8.2;8;high;customer;Emergency preparedness and response;Havarijní připravenost a reakce;Notfallvorsorge und Gefahrenabwehr;How does clause 8.2 protect customer, contractual or stakeholder expectations in this process?;Jak článek 8.2 chrání očekávání zákazníka, smluvní nebo jiné relevantní požadavky v tomto procesu?;Wie schützt Abschnitt 8.2 Kunden-, Vertrags- oder relevante Stakeholderanforderungen in diesem Prozess?
14001-8-2-customer-2;14001-8-2;ISO 14001;ISO 14001:2026;8.2;8;high;customer;Emergency preparedness and response;Havarijní připravenost a reakce;Notfallvorsorge und Gefahrenabwehr;Show how the last emergency exercise tested environmental consequences, communications, recovery and learning—not only evacuation.;Ukažte, jak poslední havarijní cvičení ověřovalo environmentální důsledky, komunikaci, obnovu a poučení, nikoli pouze evakuaci.;Zeigen, wie die letzte Notfallübung Umweltfolgen, Kommunikation, Wiederherstellung und Lernen prüfte, nicht nur Evakuierung.
14001-8-2-customer-3;14001-8-2;ISO 14001;ISO 14001:2026;8.2;8;high;customer;Emergency preparedness and response;Havarijní připravenost a reakce;Notfallvorsorge und Gefahrenabwehr;Show one recent customer/project example and trace the requirement to objective evidence and escalation.;Ukažte jeden aktuální zákaznický/projektový příklad a sledujte požadavek k objektivnímu důkazu a eskalaci.;Ein aktuelles Kunden-/Projektbeispiel zeigen und die Anforderung bis zu objektivem Nachweis und Eskalation verfolgen.
14001-8-2-certification-1;14001-8-2;ISO 14001;ISO 14001:2026;8.2;8;high;certification;Emergency preparedness and response;Havarijní připravenost a reakce;Notfallvorsorge und Gefahrenabwehr;Which objective evidence demonstrates conformity and effective implementation of clause 8.2?;Který objektivní důkaz prokazuje shodu a účinné zavedení článku 8.2?;Welche objektiven Nachweise belegen Konformität und wirksame Umsetzung von Abschnitt 8.2?
14001-8-2-certification-2;14001-8-2;ISO 14001;ISO 14001:2026;8.2;8;high;certification;Emergency preparedness and response;Havarijní připravenost a reakce;Notfallvorsorge und Gefahrenabwehr;Show how the last emergency exercise tested environmental consequences, communications, recovery and learning—not only evacuation.;Ukažte, jak poslední havarijní cvičení ověřovalo environmentální důsledky, komunikaci, obnovu a poučení, nikoli pouze evakuaci.;Zeigen, wie die letzte Notfallübung Umweltfolgen, Kommunikation, Wiederherstellung und Lernen prüfte, nicht nur Evakuierung.
14001-8-2-certification-3;14001-8-2;ISO 14001;ISO 14001:2026;8.2;8;high;certification;Emergency preparedness and response;Havarijní připravenost a reakce;Notfallvorsorge und Gefahrenabwehr;How does this control interact with related clauses, and how are gaps classified and corrected?;Jak toto řízení souvisí s navazujícími články a jak se klasifikují a řeší mezery?;Wie wirkt diese Steuerung mit verwandten Abschnitten zusammen und wie werden Lücken klassifiziert und behoben?
14001-9-1-1-internal-1;14001-9-1-1;ISO 14001;ISO 14001:2026;9.1.1;9;high;internal;Monitoring, measurement, analysis and evaluation — environmental performance;Monitorování, měření, analýza a hodnocení — environmentální výkonnost;Überwachung, Messung, Analyse und Bewertung — Umweltleistung;Select one KPI and verify definition, source data, calculation, validation, trend and management action.;Vyberte jeden KPI a ověřte definici, zdrojová data, výpočet, validaci, trend a opatření vedení.;Eine Kennzahl auswählen und Definition, Quelldaten, Berechnung, Validierung, Trend und Managementmaßnahme prüfen.
14001-9-1-1-internal-2;14001-9-1-1;ISO 14001;ISO 14001:2026;9.1.1;9;high;internal;Monitoring, measurement, analysis and evaluation — environmental performance;Monitorování, měření, analýza a hodnocení — environmentální výkonnost;Überwachung, Messung, Analyse und Bewertung — Umweltleistung;How is monitoring, measurement, analysis and evaluation — environmental performance implemented in the selected process, and who owns the control?;Jak je v hodnoceném procesu zavedeno téma „Monitorování, měření, analýza a hodnocení — environmentální výkonnost“ a kdo vlastní příslušné řízení?;Wie ist „Überwachung, Messung, Analyse und Bewertung — Umweltleistung“ im ausgewählten Prozess umgesetzt und wer verantwortet die Steuerung?
14001-9-1-1-internal-3;14001-9-1-1;ISO 14001;ISO 14001:2026;9.1.1;9;high;internal;Monitoring, measurement, analysis and evaluation — environmental performance;Monitorování, měření, analýza a hodnocení — environmentální výkonnost;Überwachung, Messung, Analyse und Bewertung — Umweltleistung;Show a recent sample and explain how effectiveness, deviations and follow-up are evaluated.;Ukažte aktuální vzorek a vysvětlete, jak se hodnotí účinnost, odchylky a následná opatření.;Eine aktuelle Stichprobe zeigen und erläutern, wie Wirksamkeit, Abweichungen und Folgemaßnahmen bewertet werden.
14001-9-1-1-customer-1;14001-9-1-1;ISO 14001;ISO 14001:2026;9.1.1;9;high;customer;Monitoring, measurement, analysis and evaluation — environmental performance;Monitorování, měření, analýza a hodnocení — environmentální výkonnost;Überwachung, Messung, Analyse und Bewertung — Umweltleistung;How does clause 9.1.1 protect customer, contractual or stakeholder expectations in this process?;Jak článek 9.1.1 chrání očekávání zákazníka, smluvní nebo jiné relevantní požadavky v tomto procesu?;Wie schützt Abschnitt 9.1.1 Kunden-, Vertrags- oder relevante Stakeholderanforderungen in diesem Prozess?
14001-9-1-1-customer-2;14001-9-1-1;ISO 14001;ISO 14001:2026;9.1.1;9;high;customer;Monitoring, measurement, analysis and evaluation — environmental performance;Monitorování, měření, analýza a hodnocení — environmentální výkonnost;Überwachung, Messung, Analyse und Bewertung — Umweltleistung;Select one KPI and verify definition, source data, calculation, validation, trend and management action.;Vyberte jeden KPI a ověřte definici, zdrojová data, výpočet, validaci, trend a opatření vedení.;Eine Kennzahl auswählen und Definition, Quelldaten, Berechnung, Validierung, Trend und Managementmaßnahme prüfen.
14001-9-1-1-customer-3;14001-9-1-1;ISO 14001;ISO 14001:2026;9.1.1;9;high;customer;Monitoring, measurement, analysis and evaluation — environmental performance;Monitorování, měření, analýza a hodnocení — environmentální výkonnost;Überwachung, Messung, Analyse und Bewertung — Umweltleistung;Show one recent customer/project example and trace the requirement to objective evidence and escalation.;Ukažte jeden aktuální zákaznický/projektový příklad a sledujte požadavek k objektivnímu důkazu a eskalaci.;Ein aktuelles Kunden-/Projektbeispiel zeigen und die Anforderung bis zu objektivem Nachweis und Eskalation verfolgen.
14001-9-1-1-certification-1;14001-9-1-1;ISO 14001;ISO 14001:2026;9.1.1;9;high;certification;Monitoring, measurement, analysis and evaluation — environmental performance;Monitorování, měření, analýza a hodnocení — environmentální výkonnost;Überwachung, Messung, Analyse und Bewertung — Umweltleistung;Which objective evidence demonstrates conformity and effective implementation of clause 9.1.1?;Který objektivní důkaz prokazuje shodu a účinné zavedení článku 9.1.1?;Welche objektiven Nachweise belegen Konformität und wirksame Umsetzung von Abschnitt 9.1.1?
14001-9-1-1-certification-2;14001-9-1-1;ISO 14001;ISO 14001:2026;9.1.1;9;high;certification;Monitoring, measurement, analysis and evaluation — environmental performance;Monitorování, měření, analýza a hodnocení — environmentální výkonnost;Überwachung, Messung, Analyse und Bewertung — Umweltleistung;Select one KPI and verify definition, source data, calculation, validation, trend and management action.;Vyberte jeden KPI a ověřte definici, zdrojová data, výpočet, validaci, trend a opatření vedení.;Eine Kennzahl auswählen und Definition, Quelldaten, Berechnung, Validierung, Trend und Managementmaßnahme prüfen.
14001-9-1-1-certification-3;14001-9-1-1;ISO 14001;ISO 14001:2026;9.1.1;9;high;certification;Monitoring, measurement, analysis and evaluation — environmental performance;Monitorování, měření, analýza a hodnocení — environmentální výkonnost;Überwachung, Messung, Analyse und Bewertung — Umweltleistung;How does this control interact with related clauses, and how are gaps classified and corrected?;Jak toto řízení souvisí s navazujícími články a jak se klasifikují a řeší mezery?;Wie wirkt diese Steuerung mit verwandten Abschnitten zusammen und wie werden Lücken klassifiziert und behoben?
14001-9-1-2-internal-1;14001-9-1-2;ISO 14001;ISO 14001:2026;9.1.2;9;high;internal;Evaluation of compliance;Hodnocení souladu;Bewertung der Einhaltung von Verpflichtungen;Select one high-risk legal obligation and trace it to current evidence of fulfilment and follow-up.;Vyberte jednu vysoce rizikovou právní povinnost a sledujte ji k aktuálnímu důkazu plnění a následným opatřením.;Eine rechtliche Hochrisiko-Verpflichtung bis zum aktuellen Erfüllungsnachweis und zur Nachverfolgung verfolgen.
14001-9-1-2-internal-2;14001-9-1-2;ISO 14001;ISO 14001:2026;9.1.2;9;high;internal;Evaluation of compliance;Hodnocení souladu;Bewertung der Einhaltung von Verpflichtungen;How is evaluation of compliance implemented in the selected process, and who owns the control?;Jak je v hodnoceném procesu zavedeno téma „Hodnocení souladu“ a kdo vlastní příslušné řízení?;Wie ist „Bewertung der Einhaltung von Verpflichtungen“ im ausgewählten Prozess umgesetzt und wer verantwortet die Steuerung?
14001-9-1-2-internal-3;14001-9-1-2;ISO 14001;ISO 14001:2026;9.1.2;9;high;internal;Evaluation of compliance;Hodnocení souladu;Bewertung der Einhaltung von Verpflichtungen;Show a recent sample and explain how effectiveness, deviations and follow-up are evaluated.;Ukažte aktuální vzorek a vysvětlete, jak se hodnotí účinnost, odchylky a následná opatření.;Eine aktuelle Stichprobe zeigen und erläutern, wie Wirksamkeit, Abweichungen und Folgemaßnahmen bewertet werden.
14001-9-1-2-customer-1;14001-9-1-2;ISO 14001;ISO 14001:2026;9.1.2;9;high;customer;Evaluation of compliance;Hodnocení souladu;Bewertung der Einhaltung von Verpflichtungen;How does clause 9.1.2 protect customer, contractual or stakeholder expectations in this process?;Jak článek 9.1.2 chrání očekávání zákazníka, smluvní nebo jiné relevantní požadavky v tomto procesu?;Wie schützt Abschnitt 9.1.2 Kunden-, Vertrags- oder relevante Stakeholderanforderungen in diesem Prozess?
14001-9-1-2-customer-2;14001-9-1-2;ISO 14001;ISO 14001:2026;9.1.2;9;high;customer;Evaluation of compliance;Hodnocení souladu;Bewertung der Einhaltung von Verpflichtungen;Select one high-risk legal obligation and trace it to current evidence of fulfilment and follow-up.;Vyberte jednu vysoce rizikovou právní povinnost a sledujte ji k aktuálnímu důkazu plnění a následným opatřením.;Eine rechtliche Hochrisiko-Verpflichtung bis zum aktuellen Erfüllungsnachweis und zur Nachverfolgung verfolgen.
14001-9-1-2-customer-3;14001-9-1-2;ISO 14001;ISO 14001:2026;9.1.2;9;high;customer;Evaluation of compliance;Hodnocení souladu;Bewertung der Einhaltung von Verpflichtungen;Show one recent customer/project example and trace the requirement to objective evidence and escalation.;Ukažte jeden aktuální zákaznický/projektový příklad a sledujte požadavek k objektivnímu důkazu a eskalaci.;Ein aktuelles Kunden-/Projektbeispiel zeigen und die Anforderung bis zu objektivem Nachweis und Eskalation verfolgen.
14001-9-1-2-certification-1;14001-9-1-2;ISO 14001;ISO 14001:2026;9.1.2;9;high;certification;Evaluation of compliance;Hodnocení souladu;Bewertung der Einhaltung von Verpflichtungen;Which objective evidence demonstrates conformity and effective implementation of clause 9.1.2?;Který objektivní důkaz prokazuje shodu a účinné zavedení článku 9.1.2?;Welche objektiven Nachweise belegen Konformität und wirksame Umsetzung von Abschnitt 9.1.2?
14001-9-1-2-certification-2;14001-9-1-2;ISO 14001;ISO 14001:2026;9.1.2;9;high;certification;Evaluation of compliance;Hodnocení souladu;Bewertung der Einhaltung von Verpflichtungen;Select one high-risk legal obligation and trace it to current evidence of fulfilment and follow-up.;Vyberte jednu vysoce rizikovou právní povinnost a sledujte ji k aktuálnímu důkazu plnění a následným opatřením.;Eine rechtliche Hochrisiko-Verpflichtung bis zum aktuellen Erfüllungsnachweis und zur Nachverfolgung verfolgen.
14001-9-1-2-certification-3;14001-9-1-2;ISO 14001;ISO 14001:2026;9.1.2;9;high;certification;Evaluation of compliance;Hodnocení souladu;Bewertung der Einhaltung von Verpflichtungen;How does this control interact with related clauses, and how are gaps classified and corrected?;Jak toto řízení souvisí s navazujícími články a jak se klasifikují a řeší mezery?;Wie wirkt diese Steuerung mit verwandten Abschnitten zusammen und wie werden Lücken klassifiziert und behoben?
14001-9-2-1-internal-1;14001-9-2-1;ISO 14001;ISO 14001:2026;9.2.1;9;high;internal;Internal audit — general;Interní audit — obecně;Internes Audit — Allgemeines;How did the last audit test effectiveness beyond document conformity?;Jak poslední audit ověřoval účinnost nad rámec shody dokumentace?;Wie prüfte das letzte Audit Wirksamkeit über Dokumentenkonformität hinaus?
14001-9-2-1-internal-2;14001-9-2-1;ISO 14001;ISO 14001:2026;9.2.1;9;high;internal;Internal audit — general;Interní audit — obecně;Internes Audit — Allgemeines;How is internal audit — general implemented in the selected process, and who owns the control?;Jak je v hodnoceném procesu zavedeno téma „Interní audit — obecně“ a kdo vlastní příslušné řízení?;Wie ist „Internes Audit — Allgemeines“ im ausgewählten Prozess umgesetzt und wer verantwortet die Steuerung?
14001-9-2-1-internal-3;14001-9-2-1;ISO 14001;ISO 14001:2026;9.2.1;9;high;internal;Internal audit — general;Interní audit — obecně;Internes Audit — Allgemeines;Show a recent sample and explain how effectiveness, deviations and follow-up are evaluated.;Ukažte aktuální vzorek a vysvětlete, jak se hodnotí účinnost, odchylky a následná opatření.;Eine aktuelle Stichprobe zeigen und erläutern, wie Wirksamkeit, Abweichungen und Folgemaßnahmen bewertet werden.
14001-9-2-1-customer-1;14001-9-2-1;ISO 14001;ISO 14001:2026;9.2.1;9;high;customer;Internal audit — general;Interní audit — obecně;Internes Audit — Allgemeines;How does clause 9.2.1 protect customer, contractual or stakeholder expectations in this process?;Jak článek 9.2.1 chrání očekávání zákazníka, smluvní nebo jiné relevantní požadavky v tomto procesu?;Wie schützt Abschnitt 9.2.1 Kunden-, Vertrags- oder relevante Stakeholderanforderungen in diesem Prozess?
14001-9-2-1-customer-2;14001-9-2-1;ISO 14001;ISO 14001:2026;9.2.1;9;high;customer;Internal audit — general;Interní audit — obecně;Internes Audit — Allgemeines;How did the last audit test effectiveness beyond document conformity?;Jak poslední audit ověřoval účinnost nad rámec shody dokumentace?;Wie prüfte das letzte Audit Wirksamkeit über Dokumentenkonformität hinaus?
14001-9-2-1-customer-3;14001-9-2-1;ISO 14001;ISO 14001:2026;9.2.1;9;high;customer;Internal audit — general;Interní audit — obecně;Internes Audit — Allgemeines;Show one recent customer/project example and trace the requirement to objective evidence and escalation.;Ukažte jeden aktuální zákaznický/projektový příklad a sledujte požadavek k objektivnímu důkazu a eskalaci.;Ein aktuelles Kunden-/Projektbeispiel zeigen und die Anforderung bis zu objektivem Nachweis und Eskalation verfolgen.
14001-9-2-1-certification-1;14001-9-2-1;ISO 14001;ISO 14001:2026;9.2.1;9;high;certification;Internal audit — general;Interní audit — obecně;Internes Audit — Allgemeines;Which objective evidence demonstrates conformity and effective implementation of clause 9.2.1?;Který objektivní důkaz prokazuje shodu a účinné zavedení článku 9.2.1?;Welche objektiven Nachweise belegen Konformität und wirksame Umsetzung von Abschnitt 9.2.1?
14001-9-2-1-certification-2;14001-9-2-1;ISO 14001;ISO 14001:2026;9.2.1;9;high;certification;Internal audit — general;Interní audit — obecně;Internes Audit — Allgemeines;How did the last audit test effectiveness beyond document conformity?;Jak poslední audit ověřoval účinnost nad rámec shody dokumentace?;Wie prüfte das letzte Audit Wirksamkeit über Dokumentenkonformität hinaus?
14001-9-2-1-certification-3;14001-9-2-1;ISO 14001;ISO 14001:2026;9.2.1;9;high;certification;Internal audit — general;Interní audit — obecně;Internes Audit — Allgemeines;How does this control interact with related clauses, and how are gaps classified and corrected?;Jak toto řízení souvisí s navazujícími články a jak se klasifikují a řeší mezery?;Wie wirkt diese Steuerung mit verwandten Abschnitten zusammen und wie werden Lücken klassifiziert und behoben?
14001-9-2-2-internal-1;14001-9-2-2;ISO 14001;ISO 14001:2026;9.2.2;9;high;internal;Internal audit programme;Program interních auditů;Internes Auditprogramm;Why were these processes and frequencies selected, and what changed after previous findings?;Proč byly zvoleny právě tyto procesy a četnosti a co se změnilo po předchozích zjištěních?;Warum wurden diese Prozesse und Häufigkeiten gewählt und was änderte sich nach früheren Feststellungen?
14001-9-2-2-internal-2;14001-9-2-2;ISO 14001;ISO 14001:2026;9.2.2;9;high;internal;Internal audit programme;Program interních auditů;Internes Auditprogramm;How is internal audit programme implemented in the selected process, and who owns the control?;Jak je v hodnoceném procesu zavedeno téma „Program interních auditů“ a kdo vlastní příslušné řízení?;Wie ist „Internes Auditprogramm“ im ausgewählten Prozess umgesetzt und wer verantwortet die Steuerung?
14001-9-2-2-internal-3;14001-9-2-2;ISO 14001;ISO 14001:2026;9.2.2;9;high;internal;Internal audit programme;Program interních auditů;Internes Auditprogramm;Show a recent sample and explain how effectiveness, deviations and follow-up are evaluated.;Ukažte aktuální vzorek a vysvětlete, jak se hodnotí účinnost, odchylky a následná opatření.;Eine aktuelle Stichprobe zeigen und erläutern, wie Wirksamkeit, Abweichungen und Folgemaßnahmen bewertet werden.
14001-9-2-2-customer-1;14001-9-2-2;ISO 14001;ISO 14001:2026;9.2.2;9;high;customer;Internal audit programme;Program interních auditů;Internes Auditprogramm;How does clause 9.2.2 protect customer, contractual or stakeholder expectations in this process?;Jak článek 9.2.2 chrání očekávání zákazníka, smluvní nebo jiné relevantní požadavky v tomto procesu?;Wie schützt Abschnitt 9.2.2 Kunden-, Vertrags- oder relevante Stakeholderanforderungen in diesem Prozess?
14001-9-2-2-customer-2;14001-9-2-2;ISO 14001;ISO 14001:2026;9.2.2;9;high;customer;Internal audit programme;Program interních auditů;Internes Auditprogramm;Why were these processes and frequencies selected, and what changed after previous findings?;Proč byly zvoleny právě tyto procesy a četnosti a co se změnilo po předchozích zjištěních?;Warum wurden diese Prozesse und Häufigkeiten gewählt und was änderte sich nach früheren Feststellungen?
14001-9-2-2-customer-3;14001-9-2-2;ISO 14001;ISO 14001:2026;9.2.2;9;high;customer;Internal audit programme;Program interních auditů;Internes Auditprogramm;Show one recent customer/project example and trace the requirement to objective evidence and escalation.;Ukažte jeden aktuální zákaznický/projektový příklad a sledujte požadavek k objektivnímu důkazu a eskalaci.;Ein aktuelles Kunden-/Projektbeispiel zeigen und die Anforderung bis zu objektivem Nachweis und Eskalation verfolgen.
14001-9-2-2-certification-1;14001-9-2-2;ISO 14001;ISO 14001:2026;9.2.2;9;high;certification;Internal audit programme;Program interních auditů;Internes Auditprogramm;Which objective evidence demonstrates conformity and effective implementation of clause 9.2.2?;Který objektivní důkaz prokazuje shodu a účinné zavedení článku 9.2.2?;Welche objektiven Nachweise belegen Konformität und wirksame Umsetzung von Abschnitt 9.2.2?
14001-9-2-2-certification-2;14001-9-2-2;ISO 14001;ISO 14001:2026;9.2.2;9;high;certification;Internal audit programme;Program interních auditů;Internes Auditprogramm;Why were these processes and frequencies selected, and what changed after previous findings?;Proč byly zvoleny právě tyto procesy a četnosti a co se změnilo po předchozích zjištěních?;Warum wurden diese Prozesse und Häufigkeiten gewählt und was änderte sich nach früheren Feststellungen?
14001-9-2-2-certification-3;14001-9-2-2;ISO 14001;ISO 14001:2026;9.2.2;9;high;certification;Internal audit programme;Program interních auditů;Internes Auditprogramm;How does this control interact with related clauses, and how are gaps classified and corrected?;Jak toto řízení souvisí s navazujícími články a jak se klasifikují a řeší mezery?;Wie wirkt diese Steuerung mit verwandten Abschnitten zusammen und wie werden Lücken klassifiziert und behoben?
14001-9-3-1-internal-1;14001-9-3-1;ISO 14001;ISO 14001:2026;9.3.1;9;high;internal;Management review — general;Přezkoumání vedením — obecně;Managementbewertung — Allgemeines;What strategic decision resulted from the latest management review?;Jaké strategické rozhodnutí vyplynulo z posledního přezkoumání vedením?;Welche strategische Entscheidung ergab sich aus der letzten Managementbewertung?
14001-9-3-1-internal-2;14001-9-3-1;ISO 14001;ISO 14001:2026;9.3.1;9;high;internal;Management review — general;Přezkoumání vedením — obecně;Managementbewertung — Allgemeines;How is management review — general implemented in the selected process, and who owns the control?;Jak je v hodnoceném procesu zavedeno téma „Přezkoumání vedením — obecně“ a kdo vlastní příslušné řízení?;Wie ist „Managementbewertung — Allgemeines“ im ausgewählten Prozess umgesetzt und wer verantwortet die Steuerung?
14001-9-3-1-internal-3;14001-9-3-1;ISO 14001;ISO 14001:2026;9.3.1;9;high;internal;Management review — general;Přezkoumání vedením — obecně;Managementbewertung — Allgemeines;Show a recent sample and explain how effectiveness, deviations and follow-up are evaluated.;Ukažte aktuální vzorek a vysvětlete, jak se hodnotí účinnost, odchylky a následná opatření.;Eine aktuelle Stichprobe zeigen und erläutern, wie Wirksamkeit, Abweichungen und Folgemaßnahmen bewertet werden.
14001-9-3-1-customer-1;14001-9-3-1;ISO 14001;ISO 14001:2026;9.3.1;9;high;customer;Management review — general;Přezkoumání vedením — obecně;Managementbewertung — Allgemeines;How does clause 9.3.1 protect customer, contractual or stakeholder expectations in this process?;Jak článek 9.3.1 chrání očekávání zákazníka, smluvní nebo jiné relevantní požadavky v tomto procesu?;Wie schützt Abschnitt 9.3.1 Kunden-, Vertrags- oder relevante Stakeholderanforderungen in diesem Prozess?
14001-9-3-1-customer-2;14001-9-3-1;ISO 14001;ISO 14001:2026;9.3.1;9;high;customer;Management review — general;Přezkoumání vedením — obecně;Managementbewertung — Allgemeines;What strategic decision resulted from the latest management review?;Jaké strategické rozhodnutí vyplynulo z posledního přezkoumání vedením?;Welche strategische Entscheidung ergab sich aus der letzten Managementbewertung?
14001-9-3-1-customer-3;14001-9-3-1;ISO 14001;ISO 14001:2026;9.3.1;9;high;customer;Management review — general;Přezkoumání vedením — obecně;Managementbewertung — Allgemeines;Show one recent customer/project example and trace the requirement to objective evidence and escalation.;Ukažte jeden aktuální zákaznický/projektový příklad a sledujte požadavek k objektivnímu důkazu a eskalaci.;Ein aktuelles Kunden-/Projektbeispiel zeigen und die Anforderung bis zu objektivem Nachweis und Eskalation verfolgen.
14001-9-3-1-certification-1;14001-9-3-1;ISO 14001;ISO 14001:2026;9.3.1;9;high;certification;Management review — general;Přezkoumání vedením — obecně;Managementbewertung — Allgemeines;Which objective evidence demonstrates conformity and effective implementation of clause 9.3.1?;Který objektivní důkaz prokazuje shodu a účinné zavedení článku 9.3.1?;Welche objektiven Nachweise belegen Konformität und wirksame Umsetzung von Abschnitt 9.3.1?
14001-9-3-1-certification-2;14001-9-3-1;ISO 14001;ISO 14001:2026;9.3.1;9;high;certification;Management review — general;Přezkoumání vedením — obecně;Managementbewertung — Allgemeines;What strategic decision resulted from the latest management review?;Jaké strategické rozhodnutí vyplynulo z posledního přezkoumání vedením?;Welche strategische Entscheidung ergab sich aus der letzten Managementbewertung?
14001-9-3-1-certification-3;14001-9-3-1;ISO 14001;ISO 14001:2026;9.3.1;9;high;certification;Management review — general;Přezkoumání vedením — obecně;Managementbewertung — Allgemeines;How does this control interact with related clauses, and how are gaps classified and corrected?;Jak toto řízení souvisí s navazujícími články a jak se klasifikují a řeší mezery?;Wie wirkt diese Steuerung mit verwandten Abschnitten zusammen und wie werden Lücken klassifiziert und behoben?
14001-9-3-2-internal-1;14001-9-3-2;ISO 14001;ISO 14001:2026;9.3.2;9;high;internal;Management review inputs;Vstupy přezkoumání vedením;Eingaben der Managementbewertung;Which mandatory input is weakest or least reliable, and how is data quality being improved?;Který povinný vstup je nejslabší nebo nejméně spolehlivý a jak se zlepšuje kvalita dat?;Welche vorgeschriebene Eingabe ist am schwächsten oder unzuverlässigsten und wie wird die Datenqualität verbessert?
14001-9-3-2-internal-2;14001-9-3-2;ISO 14001;ISO 14001:2026;9.3.2;9;high;internal;Management review inputs;Vstupy přezkoumání vedením;Eingaben der Managementbewertung;How is management review inputs implemented in the selected process, and who owns the control?;Jak je v hodnoceném procesu zavedeno téma „Vstupy přezkoumání vedením“ a kdo vlastní příslušné řízení?;Wie ist „Eingaben der Managementbewertung“ im ausgewählten Prozess umgesetzt und wer verantwortet die Steuerung?
14001-9-3-2-internal-3;14001-9-3-2;ISO 14001;ISO 14001:2026;9.3.2;9;high;internal;Management review inputs;Vstupy přezkoumání vedením;Eingaben der Managementbewertung;Show a recent sample and explain how effectiveness, deviations and follow-up are evaluated.;Ukažte aktuální vzorek a vysvětlete, jak se hodnotí účinnost, odchylky a následná opatření.;Eine aktuelle Stichprobe zeigen und erläutern, wie Wirksamkeit, Abweichungen und Folgemaßnahmen bewertet werden.
14001-9-3-2-customer-1;14001-9-3-2;ISO 14001;ISO 14001:2026;9.3.2;9;high;customer;Management review inputs;Vstupy přezkoumání vedením;Eingaben der Managementbewertung;How does clause 9.3.2 protect customer, contractual or stakeholder expectations in this process?;Jak článek 9.3.2 chrání očekávání zákazníka, smluvní nebo jiné relevantní požadavky v tomto procesu?;Wie schützt Abschnitt 9.3.2 Kunden-, Vertrags- oder relevante Stakeholderanforderungen in diesem Prozess?
14001-9-3-2-customer-2;14001-9-3-2;ISO 14001;ISO 14001:2026;9.3.2;9;high;customer;Management review inputs;Vstupy přezkoumání vedením;Eingaben der Managementbewertung;Which mandatory input is weakest or least reliable, and how is data quality being improved?;Který povinný vstup je nejslabší nebo nejméně spolehlivý a jak se zlepšuje kvalita dat?;Welche vorgeschriebene Eingabe ist am schwächsten oder unzuverlässigsten und wie wird die Datenqualität verbessert?
14001-9-3-2-customer-3;14001-9-3-2;ISO 14001;ISO 14001:2026;9.3.2;9;high;customer;Management review inputs;Vstupy přezkoumání vedením;Eingaben der Managementbewertung;Show one recent customer/project example and trace the requirement to objective evidence and escalation.;Ukažte jeden aktuální zákaznický/projektový příklad a sledujte požadavek k objektivnímu důkazu a eskalaci.;Ein aktuelles Kunden-/Projektbeispiel zeigen und die Anforderung bis zu objektivem Nachweis und Eskalation verfolgen.
14001-9-3-2-certification-1;14001-9-3-2;ISO 14001;ISO 14001:2026;9.3.2;9;high;certification;Management review inputs;Vstupy přezkoumání vedením;Eingaben der Managementbewertung;Which objective evidence demonstrates conformity and effective implementation of clause 9.3.2?;Který objektivní důkaz prokazuje shodu a účinné zavedení článku 9.3.2?;Welche objektiven Nachweise belegen Konformität und wirksame Umsetzung von Abschnitt 9.3.2?
14001-9-3-2-certification-2;14001-9-3-2;ISO 14001;ISO 14001:2026;9.3.2;9;high;certification;Management review inputs;Vstupy přezkoumání vedením;Eingaben der Managementbewertung;Which mandatory input is weakest or least reliable, and how is data quality being improved?;Který povinný vstup je nejslabší nebo nejméně spolehlivý a jak se zlepšuje kvalita dat?;Welche vorgeschriebene Eingabe ist am schwächsten oder unzuverlässigsten und wie wird die Datenqualität verbessert?
14001-9-3-2-certification-3;14001-9-3-2;ISO 14001;ISO 14001:2026;9.3.2;9;high;certification;Management review inputs;Vstupy přezkoumání vedením;Eingaben der Managementbewertung;How does this control interact with related clauses, and how are gaps classified and corrected?;Jak toto řízení souvisí s navazujícími články a jak se klasifikují a řeší mezery?;Wie wirkt diese Steuerung mit verwandten Abschnitten zusammen und wie werden Lücken klassifiziert und behoben?
14001-9-3-3-internal-1;14001-9-3-3;ISO 14001;ISO 14001:2026;9.3.3;9;high;internal;Management review results and outputs;Výsledky a výstupy přezkoumání vedením;Ergebnisse der Managementbewertung;Select one review decision and verify owner, resources, due date, implementation and closure evidence.;Vyberte jedno rozhodnutí z přezkumu a ověřte vlastníka, zdroje, termín, realizaci a důkaz uzavření.;Eine Review-Entscheidung auswählen und Verantwortlichen, Ressourcen, Termin, Umsetzung und Abschlussnachweis prüfen.
14001-9-3-3-internal-2;14001-9-3-3;ISO 14001;ISO 14001:2026;9.3.3;9;high;internal;Management review results and outputs;Výsledky a výstupy přezkoumání vedením;Ergebnisse der Managementbewertung;How is management review results and outputs implemented in the selected process, and who owns the control?;Jak je v hodnoceném procesu zavedeno téma „Výsledky a výstupy přezkoumání vedením“ a kdo vlastní příslušné řízení?;Wie ist „Ergebnisse der Managementbewertung“ im ausgewählten Prozess umgesetzt und wer verantwortet die Steuerung?
14001-9-3-3-internal-3;14001-9-3-3;ISO 14001;ISO 14001:2026;9.3.3;9;high;internal;Management review results and outputs;Výsledky a výstupy přezkoumání vedením;Ergebnisse der Managementbewertung;Show a recent sample and explain how effectiveness, deviations and follow-up are evaluated.;Ukažte aktuální vzorek a vysvětlete, jak se hodnotí účinnost, odchylky a následná opatření.;Eine aktuelle Stichprobe zeigen und erläutern, wie Wirksamkeit, Abweichungen und Folgemaßnahmen bewertet werden.
14001-9-3-3-customer-1;14001-9-3-3;ISO 14001;ISO 14001:2026;9.3.3;9;high;customer;Management review results and outputs;Výsledky a výstupy přezkoumání vedením;Ergebnisse der Managementbewertung;How does clause 9.3.3 protect customer, contractual or stakeholder expectations in this process?;Jak článek 9.3.3 chrání očekávání zákazníka, smluvní nebo jiné relevantní požadavky v tomto procesu?;Wie schützt Abschnitt 9.3.3 Kunden-, Vertrags- oder relevante Stakeholderanforderungen in diesem Prozess?
14001-9-3-3-customer-2;14001-9-3-3;ISO 14001;ISO 14001:2026;9.3.3;9;high;customer;Management review results and outputs;Výsledky a výstupy přezkoumání vedením;Ergebnisse der Managementbewertung;Select one review decision and verify owner, resources, due date, implementation and closure evidence.;Vyberte jedno rozhodnutí z přezkumu a ověřte vlastníka, zdroje, termín, realizaci a důkaz uzavření.;Eine Review-Entscheidung auswählen und Verantwortlichen, Ressourcen, Termin, Umsetzung und Abschlussnachweis prüfen.
14001-9-3-3-customer-3;14001-9-3-3;ISO 14001;ISO 14001:2026;9.3.3;9;high;customer;Management review results and outputs;Výsledky a výstupy přezkoumání vedením;Ergebnisse der Managementbewertung;Show one recent customer/project example and trace the requirement to objective evidence and escalation.;Ukažte jeden aktuální zákaznický/projektový příklad a sledujte požadavek k objektivnímu důkazu a eskalaci.;Ein aktuelles Kunden-/Projektbeispiel zeigen und die Anforderung bis zu objektivem Nachweis und Eskalation verfolgen.
14001-9-3-3-certification-1;14001-9-3-3;ISO 14001;ISO 14001:2026;9.3.3;9;high;certification;Management review results and outputs;Výsledky a výstupy přezkoumání vedením;Ergebnisse der Managementbewertung;Which objective evidence demonstrates conformity and effective implementation of clause 9.3.3?;Který objektivní důkaz prokazuje shodu a účinné zavedení článku 9.3.3?;Welche objektiven Nachweise belegen Konformität und wirksame Umsetzung von Abschnitt 9.3.3?
14001-9-3-3-certification-2;14001-9-3-3;ISO 14001;ISO 14001:2026;9.3.3;9;high;certification;Management review results and outputs;Výsledky a výstupy přezkoumání vedením;Ergebnisse der Managementbewertung;Select one review decision and verify owner, resources, due date, implementation and closure evidence.;Vyberte jedno rozhodnutí z přezkumu a ověřte vlastníka, zdroje, termín, realizaci a důkaz uzavření.;Eine Review-Entscheidung auswählen und Verantwortlichen, Ressourcen, Termin, Umsetzung und Abschlussnachweis prüfen.
14001-9-3-3-certification-3;14001-9-3-3;ISO 14001;ISO 14001:2026;9.3.3;9;high;certification;Management review results and outputs;Výsledky a výstupy přezkoumání vedením;Ergebnisse der Managementbewertung;How does this control interact with related clauses, and how are gaps classified and corrected?;Jak toto řízení souvisí s navazujícími články a jak se klasifikují a řeší mezery?;Wie wirkt diese Steuerung mit verwandten Abschnitten zusammen und wie werden Lücken klassifiziert und behoben?
14001-10-1-internal-1;14001-10-1;ISO 14001;ISO 14001:2026;10.1;10;medium;internal;Continual improvement of EMS and environmental performance;Neustálé zlepšování EMS a environmentální výkonnosti;Fortlaufende Verbesserung von UMS und Umweltleistung;Which long-term trend demonstrates that the system is becoming more effective?;Který dlouhodobý trend prokazuje, že se systém stává účinnějším?;Welcher langfristige Trend zeigt, dass das System wirksamer wird?
14001-10-1-internal-2;14001-10-1;ISO 14001;ISO 14001:2026;10.1;10;medium;internal;Continual improvement of EMS and environmental performance;Neustálé zlepšování EMS a environmentální výkonnosti;Fortlaufende Verbesserung von UMS und Umweltleistung;How is continual improvement of ems and environmental performance implemented in the selected process, and who owns the control?;Jak je v hodnoceném procesu zavedeno téma „Neustálé zlepšování EMS a environmentální výkonnosti“ a kdo vlastní příslušné řízení?;Wie ist „Fortlaufende Verbesserung von UMS und Umweltleistung“ im ausgewählten Prozess umgesetzt und wer verantwortet die Steuerung?
14001-10-1-internal-3;14001-10-1;ISO 14001;ISO 14001:2026;10.1;10;medium;internal;Continual improvement of EMS and environmental performance;Neustálé zlepšování EMS a environmentální výkonnosti;Fortlaufende Verbesserung von UMS und Umweltleistung;Show a recent sample and explain how effectiveness, deviations and follow-up are evaluated.;Ukažte aktuální vzorek a vysvětlete, jak se hodnotí účinnost, odchylky a následná opatření.;Eine aktuelle Stichprobe zeigen und erläutern, wie Wirksamkeit, Abweichungen und Folgemaßnahmen bewertet werden.
14001-10-1-customer-1;14001-10-1;ISO 14001;ISO 14001:2026;10.1;10;medium;customer;Continual improvement of EMS and environmental performance;Neustálé zlepšování EMS a environmentální výkonnosti;Fortlaufende Verbesserung von UMS und Umweltleistung;How does clause 10.1 protect customer, contractual or stakeholder expectations in this process?;Jak článek 10.1 chrání očekávání zákazníka, smluvní nebo jiné relevantní požadavky v tomto procesu?;Wie schützt Abschnitt 10.1 Kunden-, Vertrags- oder relevante Stakeholderanforderungen in diesem Prozess?
14001-10-1-customer-2;14001-10-1;ISO 14001;ISO 14001:2026;10.1;10;medium;customer;Continual improvement of EMS and environmental performance;Neustálé zlepšování EMS a environmentální výkonnosti;Fortlaufende Verbesserung von UMS und Umweltleistung;Which long-term trend demonstrates that the system is becoming more effective?;Který dlouhodobý trend prokazuje, že se systém stává účinnějším?;Welcher langfristige Trend zeigt, dass das System wirksamer wird?
14001-10-1-customer-3;14001-10-1;ISO 14001;ISO 14001:2026;10.1;10;medium;customer;Continual improvement of EMS and environmental performance;Neustálé zlepšování EMS a environmentální výkonnosti;Fortlaufende Verbesserung von UMS und Umweltleistung;Show one recent customer/project example and trace the requirement to objective evidence and escalation.;Ukažte jeden aktuální zákaznický/projektový příklad a sledujte požadavek k objektivnímu důkazu a eskalaci.;Ein aktuelles Kunden-/Projektbeispiel zeigen und die Anforderung bis zu objektivem Nachweis und Eskalation verfolgen.
14001-10-1-certification-1;14001-10-1;ISO 14001;ISO 14001:2026;10.1;10;medium;certification;Continual improvement of EMS and environmental performance;Neustálé zlepšování EMS a environmentální výkonnosti;Fortlaufende Verbesserung von UMS und Umweltleistung;Which objective evidence demonstrates conformity and effective implementation of clause 10.1?;Který objektivní důkaz prokazuje shodu a účinné zavedení článku 10.1?;Welche objektiven Nachweise belegen Konformität und wirksame Umsetzung von Abschnitt 10.1?
14001-10-1-certification-2;14001-10-1;ISO 14001;ISO 14001:2026;10.1;10;medium;certification;Continual improvement of EMS and environmental performance;Neustálé zlepšování EMS a environmentální výkonnosti;Fortlaufende Verbesserung von UMS und Umweltleistung;Which long-term trend demonstrates that the system is becoming more effective?;Který dlouhodobý trend prokazuje, že se systém stává účinnějším?;Welcher langfristige Trend zeigt, dass das System wirksamer wird?
14001-10-1-certification-3;14001-10-1;ISO 14001;ISO 14001:2026;10.1;10;medium;certification;Continual improvement of EMS and environmental performance;Neustálé zlepšování EMS a environmentální výkonnosti;Fortlaufende Verbesserung von UMS und Umweltleistung;How does this control interact with related clauses, and how are gaps classified and corrected?;Jak toto řízení souvisí s navazujícími články a jak se klasifikují a řeší mezery?;Wie wirkt diese Steuerung mit verwandten Abschnitten zusammen und wie werden Lücken klassifiziert und behoben?
14001-10-2-internal-1;14001-10-2;ISO 14001;ISO 14001:2026;10.2;10;high;internal;Nonconformity and corrective action;Neshoda a nápravné opatření;Nichtkonformität und Korrekturmaßnahmen;Trace one significant nonconformity from containment through systemic root cause to effectiveness verification.;Sledujte jednu významnou neshodu od omezení dopadu přes systémovou kořenovou příčinu až po ověření účinnosti.;Eine wesentliche Nichtkonformität von Eindämmung über systemische Ursache bis zur Wirksamkeitsprüfung verfolgen.
14001-10-2-internal-2;14001-10-2;ISO 14001;ISO 14001:2026;10.2;10;high;internal;Nonconformity and corrective action;Neshoda a nápravné opatření;Nichtkonformität und Korrekturmaßnahmen;How is nonconformity and corrective action implemented in the selected process, and who owns the control?;Jak je v hodnoceném procesu zavedeno téma „Neshoda a nápravné opatření“ a kdo vlastní příslušné řízení?;Wie ist „Nichtkonformität und Korrekturmaßnahmen“ im ausgewählten Prozess umgesetzt und wer verantwortet die Steuerung?
14001-10-2-internal-3;14001-10-2;ISO 14001;ISO 14001:2026;10.2;10;high;internal;Nonconformity and corrective action;Neshoda a nápravné opatření;Nichtkonformität und Korrekturmaßnahmen;Show a recent sample and explain how effectiveness, deviations and follow-up are evaluated.;Ukažte aktuální vzorek a vysvětlete, jak se hodnotí účinnost, odchylky a následná opatření.;Eine aktuelle Stichprobe zeigen und erläutern, wie Wirksamkeit, Abweichungen und Folgemaßnahmen bewertet werden.
14001-10-2-customer-1;14001-10-2;ISO 14001;ISO 14001:2026;10.2;10;high;customer;Nonconformity and corrective action;Neshoda a nápravné opatření;Nichtkonformität und Korrekturmaßnahmen;How does clause 10.2 protect customer, contractual or stakeholder expectations in this process?;Jak článek 10.2 chrání očekávání zákazníka, smluvní nebo jiné relevantní požadavky v tomto procesu?;Wie schützt Abschnitt 10.2 Kunden-, Vertrags- oder relevante Stakeholderanforderungen in diesem Prozess?
14001-10-2-customer-2;14001-10-2;ISO 14001;ISO 14001:2026;10.2;10;high;customer;Nonconformity and corrective action;Neshoda a nápravné opatření;Nichtkonformität und Korrekturmaßnahmen;Trace one significant nonconformity from containment through systemic root cause to effectiveness verification.;Sledujte jednu významnou neshodu od omezení dopadu přes systémovou kořenovou příčinu až po ověření účinnosti.;Eine wesentliche Nichtkonformität von Eindämmung über systemische Ursache bis zur Wirksamkeitsprüfung verfolgen.
14001-10-2-customer-3;14001-10-2;ISO 14001;ISO 14001:2026;10.2;10;high;customer;Nonconformity and corrective action;Neshoda a nápravné opatření;Nichtkonformität und Korrekturmaßnahmen;Show one recent customer/project example and trace the requirement to objective evidence and escalation.;Ukažte jeden aktuální zákaznický/projektový příklad a sledujte požadavek k objektivnímu důkazu a eskalaci.;Ein aktuelles Kunden-/Projektbeispiel zeigen und die Anforderung bis zu objektivem Nachweis und Eskalation verfolgen.
14001-10-2-certification-1;14001-10-2;ISO 14001;ISO 14001:2026;10.2;10;high;certification;Nonconformity and corrective action;Neshoda a nápravné opatření;Nichtkonformität und Korrekturmaßnahmen;Which objective evidence demonstrates conformity and effective implementation of clause 10.2?;Který objektivní důkaz prokazuje shodu a účinné zavedení článku 10.2?;Welche objektiven Nachweise belegen Konformität und wirksame Umsetzung von Abschnitt 10.2?
14001-10-2-certification-2;14001-10-2;ISO 14001;ISO 14001:2026;10.2;10;high;certification;Nonconformity and corrective action;Neshoda a nápravné opatření;Nichtkonformität und Korrekturmaßnahmen;Trace one significant nonconformity from containment through systemic root cause to effectiveness verification.;Sledujte jednu významnou neshodu od omezení dopadu přes systémovou kořenovou příčinu až po ověření účinnosti.;Eine wesentliche Nichtkonformität von Eindämmung über systemische Ursache bis zur Wirksamkeitsprüfung verfolgen.
14001-10-2-certification-3;14001-10-2;ISO 14001;ISO 14001:2026;10.2;10;high;certification;Nonconformity and corrective action;Neshoda a nápravné opatření;Nichtkonformität und Korrekturmaßnahmen;How does this control interact with related clauses, and how are gaps classified and corrected?;Jak toto řízení souvisí s navazujícími články a jak se klasifikují a řeší mezery?;Wie wirkt diese Steuerung mit verwandten Abschnitten zusammen und wie werden Lücken klassifiziert und behoben?
45001-4-1-internal-1;45001-4-1;ISO 45001;ISO 45001:2018 + Amd 1:2024;4.1;4;high;internal;Understanding the organization and its context;Porozumění organizaci a jejímu kontextu;Verstehen der Organisation und ihres Kontextes;Which context issues have materially changed the system in the last twelve months?;Které okolnosti kontextu v posledních dvanácti měsících významně změnily systém?;Welche Kontextthemen haben das System in den letzten zwölf Monaten wesentlich verändert?
45001-4-1-internal-2;45001-4-1;ISO 45001;ISO 45001:2018 + Amd 1:2024;4.1;4;high;internal;Understanding the organization and its context;Porozumění organizaci a jejímu kontextu;Verstehen der Organisation und ihres Kontextes;How is understanding the organization and its context implemented in the selected process, and who owns the control?;Jak je v hodnoceném procesu zavedeno téma „Porozumění organizaci a jejímu kontextu“ a kdo vlastní příslušné řízení?;Wie ist „Verstehen der Organisation und ihres Kontextes“ im ausgewählten Prozess umgesetzt und wer verantwortet die Steuerung?
45001-4-1-internal-3;45001-4-1;ISO 45001;ISO 45001:2018 + Amd 1:2024;4.1;4;high;internal;Understanding the organization and its context;Porozumění organizaci a jejímu kontextu;Verstehen der Organisation und ihres Kontextes;Show a recent sample and explain how effectiveness, deviations and follow-up are evaluated.;Ukažte aktuální vzorek a vysvětlete, jak se hodnotí účinnost, odchylky a následná opatření.;Eine aktuelle Stichprobe zeigen und erläutern, wie Wirksamkeit, Abweichungen und Folgemaßnahmen bewertet werden.
45001-4-1-customer-1;45001-4-1;ISO 45001;ISO 45001:2018 + Amd 1:2024;4.1;4;high;customer;Understanding the organization and its context;Porozumění organizaci a jejímu kontextu;Verstehen der Organisation und ihres Kontextes;How does clause 4.1 protect customer, contractual or stakeholder expectations in this process?;Jak článek 4.1 chrání očekávání zákazníka, smluvní nebo jiné relevantní požadavky v tomto procesu?;Wie schützt Abschnitt 4.1 Kunden-, Vertrags- oder relevante Stakeholderanforderungen in diesem Prozess?
45001-4-1-customer-2;45001-4-1;ISO 45001;ISO 45001:2018 + Amd 1:2024;4.1;4;high;customer;Understanding the organization and its context;Porozumění organizaci a jejímu kontextu;Verstehen der Organisation und ihres Kontextes;Which context issues have materially changed the system in the last twelve months?;Které okolnosti kontextu v posledních dvanácti měsících významně změnily systém?;Welche Kontextthemen haben das System in den letzten zwölf Monaten wesentlich verändert?
45001-4-1-customer-3;45001-4-1;ISO 45001;ISO 45001:2018 + Amd 1:2024;4.1;4;high;customer;Understanding the organization and its context;Porozumění organizaci a jejímu kontextu;Verstehen der Organisation und ihres Kontextes;Show one recent customer/project example and trace the requirement to objective evidence and escalation.;Ukažte jeden aktuální zákaznický/projektový příklad a sledujte požadavek k objektivnímu důkazu a eskalaci.;Ein aktuelles Kunden-/Projektbeispiel zeigen und die Anforderung bis zu objektivem Nachweis und Eskalation verfolgen.
45001-4-1-certification-1;45001-4-1;ISO 45001;ISO 45001:2018 + Amd 1:2024;4.1;4;high;certification;Understanding the organization and its context;Porozumění organizaci a jejímu kontextu;Verstehen der Organisation und ihres Kontextes;Which objective evidence demonstrates conformity and effective implementation of clause 4.1?;Který objektivní důkaz prokazuje shodu a účinné zavedení článku 4.1?;Welche objektiven Nachweise belegen Konformität und wirksame Umsetzung von Abschnitt 4.1?
45001-4-1-certification-2;45001-4-1;ISO 45001;ISO 45001:2018 + Amd 1:2024;4.1;4;high;certification;Understanding the organization and its context;Porozumění organizaci a jejímu kontextu;Verstehen der Organisation und ihres Kontextes;Which context issues have materially changed the system in the last twelve months?;Které okolnosti kontextu v posledních dvanácti měsících významně změnily systém?;Welche Kontextthemen haben das System in den letzten zwölf Monaten wesentlich verändert?
45001-4-1-certification-3;45001-4-1;ISO 45001;ISO 45001:2018 + Amd 1:2024;4.1;4;high;certification;Understanding the organization and its context;Porozumění organizaci a jejímu kontextu;Verstehen der Organisation und ihres Kontextes;How does this control interact with related clauses, and how are gaps classified and corrected?;Jak toto řízení souvisí s navazujícími články a jak se klasifikují a řeší mezery?;Wie wirkt diese Steuerung mit verwandten Abschnitten zusammen und wie werden Lücken klassifiziert und behoben?
45001-4-2-internal-1;45001-4-2;ISO 45001;ISO 45001:2018 + Amd 1:2024;4.2;4;high;internal;Needs and expectations of interested parties;Potřeby a očekávání zainteresovaných stran;Erfordernisse und Erwartungen interessierter Parteien;Which stakeholder requirements are currently binding or strategically adopted, and where are they controlled?;Které požadavky zainteresovaných stran jsou nyní závazné nebo strategicky přijaté a kde jsou řízeny?;Welche Anforderungen interessierter Parteien sind derzeit verbindlich oder strategisch übernommen und wo werden sie gelenkt?
45001-4-2-internal-2;45001-4-2;ISO 45001;ISO 45001:2018 + Amd 1:2024;4.2;4;high;internal;Needs and expectations of interested parties;Potřeby a očekávání zainteresovaných stran;Erfordernisse und Erwartungen interessierter Parteien;How is needs and expectations of interested parties implemented in the selected process, and who owns the control?;Jak je v hodnoceném procesu zavedeno téma „Potřeby a očekávání zainteresovaných stran“ a kdo vlastní příslušné řízení?;Wie ist „Erfordernisse und Erwartungen interessierter Parteien“ im ausgewählten Prozess umgesetzt und wer verantwortet die Steuerung?
45001-4-2-internal-3;45001-4-2;ISO 45001;ISO 45001:2018 + Amd 1:2024;4.2;4;high;internal;Needs and expectations of interested parties;Potřeby a očekávání zainteresovaných stran;Erfordernisse und Erwartungen interessierter Parteien;Show a recent sample and explain how effectiveness, deviations and follow-up are evaluated.;Ukažte aktuální vzorek a vysvětlete, jak se hodnotí účinnost, odchylky a následná opatření.;Eine aktuelle Stichprobe zeigen und erläutern, wie Wirksamkeit, Abweichungen und Folgemaßnahmen bewertet werden.
45001-4-2-customer-1;45001-4-2;ISO 45001;ISO 45001:2018 + Amd 1:2024;4.2;4;high;customer;Needs and expectations of interested parties;Potřeby a očekávání zainteresovaných stran;Erfordernisse und Erwartungen interessierter Parteien;How does clause 4.2 protect customer, contractual or stakeholder expectations in this process?;Jak článek 4.2 chrání očekávání zákazníka, smluvní nebo jiné relevantní požadavky v tomto procesu?;Wie schützt Abschnitt 4.2 Kunden-, Vertrags- oder relevante Stakeholderanforderungen in diesem Prozess?
45001-4-2-customer-2;45001-4-2;ISO 45001;ISO 45001:2018 + Amd 1:2024;4.2;4;high;customer;Needs and expectations of interested parties;Potřeby a očekávání zainteresovaných stran;Erfordernisse und Erwartungen interessierter Parteien;Which stakeholder requirements are currently binding or strategically adopted, and where are they controlled?;Které požadavky zainteresovaných stran jsou nyní závazné nebo strategicky přijaté a kde jsou řízeny?;Welche Anforderungen interessierter Parteien sind derzeit verbindlich oder strategisch übernommen und wo werden sie gelenkt?
45001-4-2-customer-3;45001-4-2;ISO 45001;ISO 45001:2018 + Amd 1:2024;4.2;4;high;customer;Needs and expectations of interested parties;Potřeby a očekávání zainteresovaných stran;Erfordernisse und Erwartungen interessierter Parteien;Show one recent customer/project example and trace the requirement to objective evidence and escalation.;Ukažte jeden aktuální zákaznický/projektový příklad a sledujte požadavek k objektivnímu důkazu a eskalaci.;Ein aktuelles Kunden-/Projektbeispiel zeigen und die Anforderung bis zu objektivem Nachweis und Eskalation verfolgen.
45001-4-2-certification-1;45001-4-2;ISO 45001;ISO 45001:2018 + Amd 1:2024;4.2;4;high;certification;Needs and expectations of interested parties;Potřeby a očekávání zainteresovaných stran;Erfordernisse und Erwartungen interessierter Parteien;Which objective evidence demonstrates conformity and effective implementation of clause 4.2?;Který objektivní důkaz prokazuje shodu a účinné zavedení článku 4.2?;Welche objektiven Nachweise belegen Konformität und wirksame Umsetzung von Abschnitt 4.2?
45001-4-2-certification-2;45001-4-2;ISO 45001;ISO 45001:2018 + Amd 1:2024;4.2;4;high;certification;Needs and expectations of interested parties;Potřeby a očekávání zainteresovaných stran;Erfordernisse und Erwartungen interessierter Parteien;Which stakeholder requirements are currently binding or strategically adopted, and where are they controlled?;Které požadavky zainteresovaných stran jsou nyní závazné nebo strategicky přijaté a kde jsou řízeny?;Welche Anforderungen interessierter Parteien sind derzeit verbindlich oder strategisch übernommen und wo werden sie gelenkt?
45001-4-2-certification-3;45001-4-2;ISO 45001;ISO 45001:2018 + Amd 1:2024;4.2;4;high;certification;Needs and expectations of interested parties;Potřeby a očekávání zainteresovaných stran;Erfordernisse und Erwartungen interessierter Parteien;How does this control interact with related clauses, and how are gaps classified and corrected?;Jak toto řízení souvisí s navazujícími články a jak se klasifikují a řeší mezery?;Wie wirkt diese Steuerung mit verwandten Abschnitten zusammen und wie werden Lücken klassifiziert und behoben?
45001-4-3-internal-1;45001-4-3;ISO 45001;ISO 45001:2018 + Amd 1:2024;4.3;4;high;internal;Scope of the management system;Rozsah systému managementu;Geltungsbereich des Managementsystems;Walk the physical and organizational boundary: what is inside, what is outside and why?;Projďte fyzickou a organizační hranici: co je uvnitř, co vně a proč?;Physische und organisatorische Grenze prüfen: Was ist enthalten, was nicht und warum?
45001-4-3-internal-2;45001-4-3;ISO 45001;ISO 45001:2018 + Amd 1:2024;4.3;4;high;internal;Scope of the management system;Rozsah systému managementu;Geltungsbereich des Managementsystems;How is scope of the management system implemented in the selected process, and who owns the control?;Jak je v hodnoceném procesu zavedeno téma „Rozsah systému managementu“ a kdo vlastní příslušné řízení?;Wie ist „Geltungsbereich des Managementsystems“ im ausgewählten Prozess umgesetzt und wer verantwortet die Steuerung?
45001-4-3-internal-3;45001-4-3;ISO 45001;ISO 45001:2018 + Amd 1:2024;4.3;4;high;internal;Scope of the management system;Rozsah systému managementu;Geltungsbereich des Managementsystems;Show a recent sample and explain how effectiveness, deviations and follow-up are evaluated.;Ukažte aktuální vzorek a vysvětlete, jak se hodnotí účinnost, odchylky a následná opatření.;Eine aktuelle Stichprobe zeigen und erläutern, wie Wirksamkeit, Abweichungen und Folgemaßnahmen bewertet werden.
45001-4-3-customer-1;45001-4-3;ISO 45001;ISO 45001:2018 + Amd 1:2024;4.3;4;high;customer;Scope of the management system;Rozsah systému managementu;Geltungsbereich des Managementsystems;How does clause 4.3 protect customer, contractual or stakeholder expectations in this process?;Jak článek 4.3 chrání očekávání zákazníka, smluvní nebo jiné relevantní požadavky v tomto procesu?;Wie schützt Abschnitt 4.3 Kunden-, Vertrags- oder relevante Stakeholderanforderungen in diesem Prozess?
45001-4-3-customer-2;45001-4-3;ISO 45001;ISO 45001:2018 + Amd 1:2024;4.3;4;high;customer;Scope of the management system;Rozsah systému managementu;Geltungsbereich des Managementsystems;Walk the physical and organizational boundary: what is inside, what is outside and why?;Projďte fyzickou a organizační hranici: co je uvnitř, co vně a proč?;Physische und organisatorische Grenze prüfen: Was ist enthalten, was nicht und warum?
45001-4-3-customer-3;45001-4-3;ISO 45001;ISO 45001:2018 + Amd 1:2024;4.3;4;high;customer;Scope of the management system;Rozsah systému managementu;Geltungsbereich des Managementsystems;Show one recent customer/project example and trace the requirement to objective evidence and escalation.;Ukažte jeden aktuální zákaznický/projektový příklad a sledujte požadavek k objektivnímu důkazu a eskalaci.;Ein aktuelles Kunden-/Projektbeispiel zeigen und die Anforderung bis zu objektivem Nachweis und Eskalation verfolgen.
45001-4-3-certification-1;45001-4-3;ISO 45001;ISO 45001:2018 + Amd 1:2024;4.3;4;high;certification;Scope of the management system;Rozsah systému managementu;Geltungsbereich des Managementsystems;Which objective evidence demonstrates conformity and effective implementation of clause 4.3?;Který objektivní důkaz prokazuje shodu a účinné zavedení článku 4.3?;Welche objektiven Nachweise belegen Konformität und wirksame Umsetzung von Abschnitt 4.3?
45001-4-3-certification-2;45001-4-3;ISO 45001;ISO 45001:2018 + Amd 1:2024;4.3;4;high;certification;Scope of the management system;Rozsah systému managementu;Geltungsbereich des Managementsystems;Walk the physical and organizational boundary: what is inside, what is outside and why?;Projďte fyzickou a organizační hranici: co je uvnitř, co vně a proč?;Physische und organisatorische Grenze prüfen: Was ist enthalten, was nicht und warum?
45001-4-3-certification-3;45001-4-3;ISO 45001;ISO 45001:2018 + Amd 1:2024;4.3;4;high;certification;Scope of the management system;Rozsah systému managementu;Geltungsbereich des Managementsystems;How does this control interact with related clauses, and how are gaps classified and corrected?;Jak toto řízení souvisí s navazujícími články a jak se klasifikují a řeší mezery?;Wie wirkt diese Steuerung mit verwandten Abschnitten zusammen und wie werden Lücken klassifiziert und behoben?
45001-4-4-internal-1;45001-4-4;ISO 45001;ISO 45001:2018 + Amd 1:2024;4.4;4;high;internal;OH&S management system;Systém managementu BOZP;Managementsystem für Sicherheit und Gesundheit bei der Arbeit;Select one core process and show its inputs, controls, outputs, indicators, risks and interactions.;Vyberte jeden hlavní proces a ukažte jeho vstupy, opatření, výstupy, ukazatele, rizika a vazby.;Einen Kernprozess auswählen und Eingaben, Kontrollen, Ergebnisse, Kennzahlen, Risiken und Wechselwirkungen zeigen.
45001-4-4-internal-2;45001-4-4;ISO 45001;ISO 45001:2018 + Amd 1:2024;4.4;4;high;internal;OH&S management system;Systém managementu BOZP;Managementsystem für Sicherheit und Gesundheit bei der Arbeit;How is oh&s management system implemented in the selected process, and who owns the control?;Jak je v hodnoceném procesu zavedeno téma „Systém managementu BOZP“ a kdo vlastní příslušné řízení?;Wie ist „Managementsystem für Sicherheit und Gesundheit bei der Arbeit“ im ausgewählten Prozess umgesetzt und wer verantwortet die Steuerung?
45001-4-4-internal-3;45001-4-4;ISO 45001;ISO 45001:2018 + Amd 1:2024;4.4;4;high;internal;OH&S management system;Systém managementu BOZP;Managementsystem für Sicherheit und Gesundheit bei der Arbeit;Show a recent sample and explain how effectiveness, deviations and follow-up are evaluated.;Ukažte aktuální vzorek a vysvětlete, jak se hodnotí účinnost, odchylky a následná opatření.;Eine aktuelle Stichprobe zeigen und erläutern, wie Wirksamkeit, Abweichungen und Folgemaßnahmen bewertet werden.
45001-4-4-customer-1;45001-4-4;ISO 45001;ISO 45001:2018 + Amd 1:2024;4.4;4;high;customer;OH&S management system;Systém managementu BOZP;Managementsystem für Sicherheit und Gesundheit bei der Arbeit;How does clause 4.4 protect customer, contractual or stakeholder expectations in this process?;Jak článek 4.4 chrání očekávání zákazníka, smluvní nebo jiné relevantní požadavky v tomto procesu?;Wie schützt Abschnitt 4.4 Kunden-, Vertrags- oder relevante Stakeholderanforderungen in diesem Prozess?
45001-4-4-customer-2;45001-4-4;ISO 45001;ISO 45001:2018 + Amd 1:2024;4.4;4;high;customer;OH&S management system;Systém managementu BOZP;Managementsystem für Sicherheit und Gesundheit bei der Arbeit;Select one core process and show its inputs, controls, outputs, indicators, risks and interactions.;Vyberte jeden hlavní proces a ukažte jeho vstupy, opatření, výstupy, ukazatele, rizika a vazby.;Einen Kernprozess auswählen und Eingaben, Kontrollen, Ergebnisse, Kennzahlen, Risiken und Wechselwirkungen zeigen.
45001-4-4-customer-3;45001-4-4;ISO 45001;ISO 45001:2018 + Amd 1:2024;4.4;4;high;customer;OH&S management system;Systém managementu BOZP;Managementsystem für Sicherheit und Gesundheit bei der Arbeit;Show one recent customer/project example and trace the requirement to objective evidence and escalation.;Ukažte jeden aktuální zákaznický/projektový příklad a sledujte požadavek k objektivnímu důkazu a eskalaci.;Ein aktuelles Kunden-/Projektbeispiel zeigen und die Anforderung bis zu objektivem Nachweis und Eskalation verfolgen.
45001-4-4-certification-1;45001-4-4;ISO 45001;ISO 45001:2018 + Amd 1:2024;4.4;4;high;certification;OH&S management system;Systém managementu BOZP;Managementsystem für Sicherheit und Gesundheit bei der Arbeit;Which objective evidence demonstrates conformity and effective implementation of clause 4.4?;Který objektivní důkaz prokazuje shodu a účinné zavedení článku 4.4?;Welche objektiven Nachweise belegen Konformität und wirksame Umsetzung von Abschnitt 4.4?
45001-4-4-certification-2;45001-4-4;ISO 45001;ISO 45001:2018 + Amd 1:2024;4.4;4;high;certification;OH&S management system;Systém managementu BOZP;Managementsystem für Sicherheit und Gesundheit bei der Arbeit;Select one core process and show its inputs, controls, outputs, indicators, risks and interactions.;Vyberte jeden hlavní proces a ukažte jeho vstupy, opatření, výstupy, ukazatele, rizika a vazby.;Einen Kernprozess auswählen und Eingaben, Kontrollen, Ergebnisse, Kennzahlen, Risiken und Wechselwirkungen zeigen.
45001-4-4-certification-3;45001-4-4;ISO 45001;ISO 45001:2018 + Amd 1:2024;4.4;4;high;certification;OH&S management system;Systém managementu BOZP;Managementsystem für Sicherheit und Gesundheit bei der Arbeit;How does this control interact with related clauses, and how are gaps classified and corrected?;Jak toto řízení souvisí s navazujícími články a jak se klasifikují a řeší mezery?;Wie wirkt diese Steuerung mit verwandten Abschnitten zusammen und wie werden Lücken klassifiziert und behoben?
45001-5-1-internal-1;45001-5-1;ISO 45001;ISO 45001:2018 + Amd 1:2024;5.1;5;high;internal;Leadership and commitment;Vedení a závazek;Führung und Verpflichtung;Which recent top-management decision demonstrates ownership of this management system?;Které nedávné rozhodnutí vrcholového vedení prokazuje vlastnictví tohoto systému?;Welche aktuelle Entscheidung der obersten Leitung belegt die Verantwortung für dieses Managementsystem?
45001-5-1-internal-2;45001-5-1;ISO 45001;ISO 45001:2018 + Amd 1:2024;5.1;5;high;internal;Leadership and commitment;Vedení a závazek;Führung und Verpflichtung;How is leadership and commitment implemented in the selected process, and who owns the control?;Jak je v hodnoceném procesu zavedeno téma „Vedení a závazek“ a kdo vlastní příslušné řízení?;Wie ist „Führung und Verpflichtung“ im ausgewählten Prozess umgesetzt und wer verantwortet die Steuerung?
45001-5-1-internal-3;45001-5-1;ISO 45001;ISO 45001:2018 + Amd 1:2024;5.1;5;high;internal;Leadership and commitment;Vedení a závazek;Führung und Verpflichtung;Show a recent sample and explain how effectiveness, deviations and follow-up are evaluated.;Ukažte aktuální vzorek a vysvětlete, jak se hodnotí účinnost, odchylky a následná opatření.;Eine aktuelle Stichprobe zeigen und erläutern, wie Wirksamkeit, Abweichungen und Folgemaßnahmen bewertet werden.
45001-5-1-customer-1;45001-5-1;ISO 45001;ISO 45001:2018 + Amd 1:2024;5.1;5;high;customer;Leadership and commitment;Vedení a závazek;Führung und Verpflichtung;How does clause 5.1 protect customer, contractual or stakeholder expectations in this process?;Jak článek 5.1 chrání očekávání zákazníka, smluvní nebo jiné relevantní požadavky v tomto procesu?;Wie schützt Abschnitt 5.1 Kunden-, Vertrags- oder relevante Stakeholderanforderungen in diesem Prozess?
45001-5-1-customer-2;45001-5-1;ISO 45001;ISO 45001:2018 + Amd 1:2024;5.1;5;high;customer;Leadership and commitment;Vedení a závazek;Führung und Verpflichtung;Which recent top-management decision demonstrates ownership of this management system?;Které nedávné rozhodnutí vrcholového vedení prokazuje vlastnictví tohoto systému?;Welche aktuelle Entscheidung der obersten Leitung belegt die Verantwortung für dieses Managementsystem?
45001-5-1-customer-3;45001-5-1;ISO 45001;ISO 45001:2018 + Amd 1:2024;5.1;5;high;customer;Leadership and commitment;Vedení a závazek;Führung und Verpflichtung;Show one recent customer/project example and trace the requirement to objective evidence and escalation.;Ukažte jeden aktuální zákaznický/projektový příklad a sledujte požadavek k objektivnímu důkazu a eskalaci.;Ein aktuelles Kunden-/Projektbeispiel zeigen und die Anforderung bis zu objektivem Nachweis und Eskalation verfolgen.
45001-5-1-certification-1;45001-5-1;ISO 45001;ISO 45001:2018 + Amd 1:2024;5.1;5;high;certification;Leadership and commitment;Vedení a závazek;Führung und Verpflichtung;Which objective evidence demonstrates conformity and effective implementation of clause 5.1?;Který objektivní důkaz prokazuje shodu a účinné zavedení článku 5.1?;Welche objektiven Nachweise belegen Konformität und wirksame Umsetzung von Abschnitt 5.1?
45001-5-1-certification-2;45001-5-1;ISO 45001;ISO 45001:2018 + Amd 1:2024;5.1;5;high;certification;Leadership and commitment;Vedení a závazek;Führung und Verpflichtung;Which recent top-management decision demonstrates ownership of this management system?;Které nedávné rozhodnutí vrcholového vedení prokazuje vlastnictví tohoto systému?;Welche aktuelle Entscheidung der obersten Leitung belegt die Verantwortung für dieses Managementsystem?
45001-5-1-certification-3;45001-5-1;ISO 45001;ISO 45001:2018 + Amd 1:2024;5.1;5;high;certification;Leadership and commitment;Vedení a závazek;Führung und Verpflichtung;How does this control interact with related clauses, and how are gaps classified and corrected?;Jak toto řízení souvisí s navazujícími články a jak se klasifikují a řeší mezery?;Wie wirkt diese Steuerung mit verwandten Abschnitten zusammen und wie werden Lücken klassifiziert und behoben?
45001-5-2-internal-1;45001-5-2;ISO 45001;ISO 45001:2018 + Amd 1:2024;5.2;5;high;internal;OH&S policy;Politika BOZP;SGA-Politik;How are the commitments to eliminate hazards and consult workers reflected in current priorities?;Jak se závazky k odstraňování nebezpečí a konzultaci pracovníků odrážejí v současných prioritách?;Wie spiegeln sich die Verpflichtungen zur Gefährdungsbeseitigung und Beschäftigtenkonsultation in aktuellen Prioritäten wider?
45001-5-2-internal-2;45001-5-2;ISO 45001;ISO 45001:2018 + Amd 1:2024;5.2;5;high;internal;OH&S policy;Politika BOZP;SGA-Politik;How is oh&s policy implemented in the selected process, and who owns the control?;Jak je v hodnoceném procesu zavedeno téma „Politika BOZP“ a kdo vlastní příslušné řízení?;Wie ist „SGA-Politik“ im ausgewählten Prozess umgesetzt und wer verantwortet die Steuerung?
45001-5-2-internal-3;45001-5-2;ISO 45001;ISO 45001:2018 + Amd 1:2024;5.2;5;high;internal;OH&S policy;Politika BOZP;SGA-Politik;Show a recent sample and explain how effectiveness, deviations and follow-up are evaluated.;Ukažte aktuální vzorek a vysvětlete, jak se hodnotí účinnost, odchylky a následná opatření.;Eine aktuelle Stichprobe zeigen und erläutern, wie Wirksamkeit, Abweichungen und Folgemaßnahmen bewertet werden.
45001-5-2-customer-1;45001-5-2;ISO 45001;ISO 45001:2018 + Amd 1:2024;5.2;5;high;customer;OH&S policy;Politika BOZP;SGA-Politik;How does clause 5.2 protect customer, contractual or stakeholder expectations in this process?;Jak článek 5.2 chrání očekávání zákazníka, smluvní nebo jiné relevantní požadavky v tomto procesu?;Wie schützt Abschnitt 5.2 Kunden-, Vertrags- oder relevante Stakeholderanforderungen in diesem Prozess?
45001-5-2-customer-2;45001-5-2;ISO 45001;ISO 45001:2018 + Amd 1:2024;5.2;5;high;customer;OH&S policy;Politika BOZP;SGA-Politik;How are the commitments to eliminate hazards and consult workers reflected in current priorities?;Jak se závazky k odstraňování nebezpečí a konzultaci pracovníků odrážejí v současných prioritách?;Wie spiegeln sich die Verpflichtungen zur Gefährdungsbeseitigung und Beschäftigtenkonsultation in aktuellen Prioritäten wider?
45001-5-2-customer-3;45001-5-2;ISO 45001;ISO 45001:2018 + Amd 1:2024;5.2;5;high;customer;OH&S policy;Politika BOZP;SGA-Politik;Show one recent customer/project example and trace the requirement to objective evidence and escalation.;Ukažte jeden aktuální zákaznický/projektový příklad a sledujte požadavek k objektivnímu důkazu a eskalaci.;Ein aktuelles Kunden-/Projektbeispiel zeigen und die Anforderung bis zu objektivem Nachweis und Eskalation verfolgen.
45001-5-2-certification-1;45001-5-2;ISO 45001;ISO 45001:2018 + Amd 1:2024;5.2;5;high;certification;OH&S policy;Politika BOZP;SGA-Politik;Which objective evidence demonstrates conformity and effective implementation of clause 5.2?;Který objektivní důkaz prokazuje shodu a účinné zavedení článku 5.2?;Welche objektiven Nachweise belegen Konformität und wirksame Umsetzung von Abschnitt 5.2?
45001-5-2-certification-2;45001-5-2;ISO 45001;ISO 45001:2018 + Amd 1:2024;5.2;5;high;certification;OH&S policy;Politika BOZP;SGA-Politik;How are the commitments to eliminate hazards and consult workers reflected in current priorities?;Jak se závazky k odstraňování nebezpečí a konzultaci pracovníků odrážejí v současných prioritách?;Wie spiegeln sich die Verpflichtungen zur Gefährdungsbeseitigung und Beschäftigtenkonsultation in aktuellen Prioritäten wider?
45001-5-2-certification-3;45001-5-2;ISO 45001;ISO 45001:2018 + Amd 1:2024;5.2;5;high;certification;OH&S policy;Politika BOZP;SGA-Politik;How does this control interact with related clauses, and how are gaps classified and corrected?;Jak toto řízení souvisí s navazujícími články a jak se klasifikují a řeší mezery?;Wie wirkt diese Steuerung mit verwandten Abschnitten zusammen und wie werden Lücken klassifiziert und behoben?
45001-5-3-internal-1;45001-5-3;ISO 45001;ISO 45001:2018 + Amd 1:2024;5.3;5;medium;internal;Roles, responsibilities and authorities;Role, odpovědnosti a pravomoci;Rollen, Verantwortlichkeiten und Befugnisse;Who may stop, approve or escalate the process when requirements are at risk?;Kdo může proces zastavit, schválit nebo eskalovat, pokud jsou požadavky ohroženy?;Wer darf den Prozess stoppen, freigeben oder eskalieren, wenn Anforderungen gefährdet sind?
45001-5-3-internal-2;45001-5-3;ISO 45001;ISO 45001:2018 + Amd 1:2024;5.3;5;medium;internal;Roles, responsibilities and authorities;Role, odpovědnosti a pravomoci;Rollen, Verantwortlichkeiten und Befugnisse;How is roles, responsibilities and authorities implemented in the selected process, and who owns the control?;Jak je v hodnoceném procesu zavedeno téma „Role, odpovědnosti a pravomoci“ a kdo vlastní příslušné řízení?;Wie ist „Rollen, Verantwortlichkeiten und Befugnisse“ im ausgewählten Prozess umgesetzt und wer verantwortet die Steuerung?
45001-5-3-internal-3;45001-5-3;ISO 45001;ISO 45001:2018 + Amd 1:2024;5.3;5;medium;internal;Roles, responsibilities and authorities;Role, odpovědnosti a pravomoci;Rollen, Verantwortlichkeiten und Befugnisse;Show a recent sample and explain how effectiveness, deviations and follow-up are evaluated.;Ukažte aktuální vzorek a vysvětlete, jak se hodnotí účinnost, odchylky a následná opatření.;Eine aktuelle Stichprobe zeigen und erläutern, wie Wirksamkeit, Abweichungen und Folgemaßnahmen bewertet werden.
45001-5-3-customer-1;45001-5-3;ISO 45001;ISO 45001:2018 + Amd 1:2024;5.3;5;medium;customer;Roles, responsibilities and authorities;Role, odpovědnosti a pravomoci;Rollen, Verantwortlichkeiten und Befugnisse;How does clause 5.3 protect customer, contractual or stakeholder expectations in this process?;Jak článek 5.3 chrání očekávání zákazníka, smluvní nebo jiné relevantní požadavky v tomto procesu?;Wie schützt Abschnitt 5.3 Kunden-, Vertrags- oder relevante Stakeholderanforderungen in diesem Prozess?
45001-5-3-customer-2;45001-5-3;ISO 45001;ISO 45001:2018 + Amd 1:2024;5.3;5;medium;customer;Roles, responsibilities and authorities;Role, odpovědnosti a pravomoci;Rollen, Verantwortlichkeiten und Befugnisse;Who may stop, approve or escalate the process when requirements are at risk?;Kdo může proces zastavit, schválit nebo eskalovat, pokud jsou požadavky ohroženy?;Wer darf den Prozess stoppen, freigeben oder eskalieren, wenn Anforderungen gefährdet sind?
45001-5-3-customer-3;45001-5-3;ISO 45001;ISO 45001:2018 + Amd 1:2024;5.3;5;medium;customer;Roles, responsibilities and authorities;Role, odpovědnosti a pravomoci;Rollen, Verantwortlichkeiten und Befugnisse;Show one recent customer/project example and trace the requirement to objective evidence and escalation.;Ukažte jeden aktuální zákaznický/projektový příklad a sledujte požadavek k objektivnímu důkazu a eskalaci.;Ein aktuelles Kunden-/Projektbeispiel zeigen und die Anforderung bis zu objektivem Nachweis und Eskalation verfolgen.
45001-5-3-certification-1;45001-5-3;ISO 45001;ISO 45001:2018 + Amd 1:2024;5.3;5;medium;certification;Roles, responsibilities and authorities;Role, odpovědnosti a pravomoci;Rollen, Verantwortlichkeiten und Befugnisse;Which objective evidence demonstrates conformity and effective implementation of clause 5.3?;Který objektivní důkaz prokazuje shodu a účinné zavedení článku 5.3?;Welche objektiven Nachweise belegen Konformität und wirksame Umsetzung von Abschnitt 5.3?
45001-5-3-certification-2;45001-5-3;ISO 45001;ISO 45001:2018 + Amd 1:2024;5.3;5;medium;certification;Roles, responsibilities and authorities;Role, odpovědnosti a pravomoci;Rollen, Verantwortlichkeiten und Befugnisse;Who may stop, approve or escalate the process when requirements are at risk?;Kdo může proces zastavit, schválit nebo eskalovat, pokud jsou požadavky ohroženy?;Wer darf den Prozess stoppen, freigeben oder eskalieren, wenn Anforderungen gefährdet sind?
45001-5-3-certification-3;45001-5-3;ISO 45001;ISO 45001:2018 + Amd 1:2024;5.3;5;medium;certification;Roles, responsibilities and authorities;Role, odpovědnosti a pravomoci;Rollen, Verantwortlichkeiten und Befugnisse;How does this control interact with related clauses, and how are gaps classified and corrected?;Jak toto řízení souvisí s navazujícími články a jak se klasifikují a řeší mezery?;Wie wirkt diese Steuerung mit verwandten Abschnitten zusammen und wie werden Lücken klassifiziert und behoben?
45001-5-4-internal-1;45001-5-4;ISO 45001;ISO 45001:2018 + Amd 1:2024;5.4;5;high;internal;Consultation and participation of workers;Konzultace a účast pracovníků;Konsultation und Beteiligung der Beschäftigten;Show a decision that changed because of input from non-managerial workers.;Ukažte rozhodnutí, které se změnilo na základě vstupu nevedoucích pracovníků.;Eine Entscheidung zeigen, die sich aufgrund von Beiträgen nicht leitender Beschäftigter geändert hat.
45001-5-4-internal-2;45001-5-4;ISO 45001;ISO 45001:2018 + Amd 1:2024;5.4;5;high;internal;Consultation and participation of workers;Konzultace a účast pracovníků;Konsultation und Beteiligung der Beschäftigten;How is consultation and participation of workers implemented in the selected process, and who owns the control?;Jak je v hodnoceném procesu zavedeno téma „Konzultace a účast pracovníků“ a kdo vlastní příslušné řízení?;Wie ist „Konsultation und Beteiligung der Beschäftigten“ im ausgewählten Prozess umgesetzt und wer verantwortet die Steuerung?
45001-5-4-internal-3;45001-5-4;ISO 45001;ISO 45001:2018 + Amd 1:2024;5.4;5;high;internal;Consultation and participation of workers;Konzultace a účast pracovníků;Konsultation und Beteiligung der Beschäftigten;Show a recent sample and explain how effectiveness, deviations and follow-up are evaluated.;Ukažte aktuální vzorek a vysvětlete, jak se hodnotí účinnost, odchylky a následná opatření.;Eine aktuelle Stichprobe zeigen und erläutern, wie Wirksamkeit, Abweichungen und Folgemaßnahmen bewertet werden.
45001-5-4-customer-1;45001-5-4;ISO 45001;ISO 45001:2018 + Amd 1:2024;5.4;5;high;customer;Consultation and participation of workers;Konzultace a účast pracovníků;Konsultation und Beteiligung der Beschäftigten;How does clause 5.4 protect customer, contractual or stakeholder expectations in this process?;Jak článek 5.4 chrání očekávání zákazníka, smluvní nebo jiné relevantní požadavky v tomto procesu?;Wie schützt Abschnitt 5.4 Kunden-, Vertrags- oder relevante Stakeholderanforderungen in diesem Prozess?
45001-5-4-customer-2;45001-5-4;ISO 45001;ISO 45001:2018 + Amd 1:2024;5.4;5;high;customer;Consultation and participation of workers;Konzultace a účast pracovníků;Konsultation und Beteiligung der Beschäftigten;Show a decision that changed because of input from non-managerial workers.;Ukažte rozhodnutí, které se změnilo na základě vstupu nevedoucích pracovníků.;Eine Entscheidung zeigen, die sich aufgrund von Beiträgen nicht leitender Beschäftigter geändert hat.
45001-5-4-customer-3;45001-5-4;ISO 45001;ISO 45001:2018 + Amd 1:2024;5.4;5;high;customer;Consultation and participation of workers;Konzultace a účast pracovníků;Konsultation und Beteiligung der Beschäftigten;Show one recent customer/project example and trace the requirement to objective evidence and escalation.;Ukažte jeden aktuální zákaznický/projektový příklad a sledujte požadavek k objektivnímu důkazu a eskalaci.;Ein aktuelles Kunden-/Projektbeispiel zeigen und die Anforderung bis zu objektivem Nachweis und Eskalation verfolgen.
45001-5-4-certification-1;45001-5-4;ISO 45001;ISO 45001:2018 + Amd 1:2024;5.4;5;high;certification;Consultation and participation of workers;Konzultace a účast pracovníků;Konsultation und Beteiligung der Beschäftigten;Which objective evidence demonstrates conformity and effective implementation of clause 5.4?;Který objektivní důkaz prokazuje shodu a účinné zavedení článku 5.4?;Welche objektiven Nachweise belegen Konformität und wirksame Umsetzung von Abschnitt 5.4?
45001-5-4-certification-2;45001-5-4;ISO 45001;ISO 45001:2018 + Amd 1:2024;5.4;5;high;certification;Consultation and participation of workers;Konzultace a účast pracovníků;Konsultation und Beteiligung der Beschäftigten;Show a decision that changed because of input from non-managerial workers.;Ukažte rozhodnutí, které se změnilo na základě vstupu nevedoucích pracovníků.;Eine Entscheidung zeigen, die sich aufgrund von Beiträgen nicht leitender Beschäftigter geändert hat.
45001-5-4-certification-3;45001-5-4;ISO 45001;ISO 45001:2018 + Amd 1:2024;5.4;5;high;certification;Consultation and participation of workers;Konzultace a účast pracovníků;Konsultation und Beteiligung der Beschäftigten;How does this control interact with related clauses, and how are gaps classified and corrected?;Jak toto řízení souvisí s navazujícími články a jak se klasifikují a řeší mezery?;Wie wirkt diese Steuerung mit verwandten Abschnitten zusammen und wie werden Lücken klassifiziert und behoben?
45001-6-1-1-internal-1;45001-6-1-1;ISO 45001;ISO 45001:2018 + Amd 1:2024;6.1.1;6;high;internal;Actions addressing risks and opportunities — general;Opatření k řešení rizik a příležitostí — obecně;Maßnahmen zum Umgang mit Risiken und Chancen — Allgemeines;Show one operational OH&S risk and one management-system risk and how each is addressed.;Ukažte jedno provozní riziko BOZP a jedno riziko systému managementu a způsob jejich řešení.;Ein operatives SGA-Risiko und ein Managementsystemrisiko sowie deren Behandlung zeigen.
45001-6-1-1-internal-2;45001-6-1-1;ISO 45001;ISO 45001:2018 + Amd 1:2024;6.1.1;6;high;internal;Actions addressing risks and opportunities — general;Opatření k řešení rizik a příležitostí — obecně;Maßnahmen zum Umgang mit Risiken und Chancen — Allgemeines;How is actions addressing risks and opportunities — general implemented in the selected process, and who owns the control?;Jak je v hodnoceném procesu zavedeno téma „Opatření k řešení rizik a příležitostí — obecně“ a kdo vlastní příslušné řízení?;Wie ist „Maßnahmen zum Umgang mit Risiken und Chancen — Allgemeines“ im ausgewählten Prozess umgesetzt und wer verantwortet die Steuerung?
45001-6-1-1-internal-3;45001-6-1-1;ISO 45001;ISO 45001:2018 + Amd 1:2024;6.1.1;6;high;internal;Actions addressing risks and opportunities — general;Opatření k řešení rizik a příležitostí — obecně;Maßnahmen zum Umgang mit Risiken und Chancen — Allgemeines;Show a recent sample and explain how effectiveness, deviations and follow-up are evaluated.;Ukažte aktuální vzorek a vysvětlete, jak se hodnotí účinnost, odchylky a následná opatření.;Eine aktuelle Stichprobe zeigen und erläutern, wie Wirksamkeit, Abweichungen und Folgemaßnahmen bewertet werden.
45001-6-1-1-customer-1;45001-6-1-1;ISO 45001;ISO 45001:2018 + Amd 1:2024;6.1.1;6;high;customer;Actions addressing risks and opportunities — general;Opatření k řešení rizik a příležitostí — obecně;Maßnahmen zum Umgang mit Risiken und Chancen — Allgemeines;How does clause 6.1.1 protect customer, contractual or stakeholder expectations in this process?;Jak článek 6.1.1 chrání očekávání zákazníka, smluvní nebo jiné relevantní požadavky v tomto procesu?;Wie schützt Abschnitt 6.1.1 Kunden-, Vertrags- oder relevante Stakeholderanforderungen in diesem Prozess?
45001-6-1-1-customer-2;45001-6-1-1;ISO 45001;ISO 45001:2018 + Amd 1:2024;6.1.1;6;high;customer;Actions addressing risks and opportunities — general;Opatření k řešení rizik a příležitostí — obecně;Maßnahmen zum Umgang mit Risiken und Chancen — Allgemeines;Show one operational OH&S risk and one management-system risk and how each is addressed.;Ukažte jedno provozní riziko BOZP a jedno riziko systému managementu a způsob jejich řešení.;Ein operatives SGA-Risiko und ein Managementsystemrisiko sowie deren Behandlung zeigen.
45001-6-1-1-customer-3;45001-6-1-1;ISO 45001;ISO 45001:2018 + Amd 1:2024;6.1.1;6;high;customer;Actions addressing risks and opportunities — general;Opatření k řešení rizik a příležitostí — obecně;Maßnahmen zum Umgang mit Risiken und Chancen — Allgemeines;Show one recent customer/project example and trace the requirement to objective evidence and escalation.;Ukažte jeden aktuální zákaznický/projektový příklad a sledujte požadavek k objektivnímu důkazu a eskalaci.;Ein aktuelles Kunden-/Projektbeispiel zeigen und die Anforderung bis zu objektivem Nachweis und Eskalation verfolgen.
45001-6-1-1-certification-1;45001-6-1-1;ISO 45001;ISO 45001:2018 + Amd 1:2024;6.1.1;6;high;certification;Actions addressing risks and opportunities — general;Opatření k řešení rizik a příležitostí — obecně;Maßnahmen zum Umgang mit Risiken und Chancen — Allgemeines;Which objective evidence demonstrates conformity and effective implementation of clause 6.1.1?;Který objektivní důkaz prokazuje shodu a účinné zavedení článku 6.1.1?;Welche objektiven Nachweise belegen Konformität und wirksame Umsetzung von Abschnitt 6.1.1?
45001-6-1-1-certification-2;45001-6-1-1;ISO 45001;ISO 45001:2018 + Amd 1:2024;6.1.1;6;high;certification;Actions addressing risks and opportunities — general;Opatření k řešení rizik a příležitostí — obecně;Maßnahmen zum Umgang mit Risiken und Chancen — Allgemeines;Show one operational OH&S risk and one management-system risk and how each is addressed.;Ukažte jedno provozní riziko BOZP a jedno riziko systému managementu a způsob jejich řešení.;Ein operatives SGA-Risiko und ein Managementsystemrisiko sowie deren Behandlung zeigen.
45001-6-1-1-certification-3;45001-6-1-1;ISO 45001;ISO 45001:2018 + Amd 1:2024;6.1.1;6;high;certification;Actions addressing risks and opportunities — general;Opatření k řešení rizik a příležitostí — obecně;Maßnahmen zum Umgang mit Risiken und Chancen — Allgemeines;How does this control interact with related clauses, and how are gaps classified and corrected?;Jak toto řízení souvisí s navazujícími články a jak se klasifikují a řeší mezery?;Wie wirkt diese Steuerung mit verwandten Abschnitten zusammen und wie werden Lücken klassifiziert und behoben?
45001-6-1-2-1-internal-1;45001-6-1-2-1;ISO 45001;ISO 45001:2018 + Amd 1:2024;6.1.2.1;6;high;internal;Hazard identification;Identifikace nebezpečí;Gefährdungsermittlung;Observe a task and compare actual hazards, variability and worker input with the formal assessment.;Pozorujte úkol a porovnejte skutečná nebezpečí, variabilitu a vstupy pracovníků s formálním hodnocením.;Eine Tätigkeit beobachten und tatsächliche Gefährdungen, Variabilität und Beschäftigtenbeiträge mit der formalen Bewertung vergleichen.
45001-6-1-2-1-internal-2;45001-6-1-2-1;ISO 45001;ISO 45001:2018 + Amd 1:2024;6.1.2.1;6;high;internal;Hazard identification;Identifikace nebezpečí;Gefährdungsermittlung;How is hazard identification implemented in the selected process, and who owns the control?;Jak je v hodnoceném procesu zavedeno téma „Identifikace nebezpečí“ a kdo vlastní příslušné řízení?;Wie ist „Gefährdungsermittlung“ im ausgewählten Prozess umgesetzt und wer verantwortet die Steuerung?
45001-6-1-2-1-internal-3;45001-6-1-2-1;ISO 45001;ISO 45001:2018 + Amd 1:2024;6.1.2.1;6;high;internal;Hazard identification;Identifikace nebezpečí;Gefährdungsermittlung;Show a recent sample and explain how effectiveness, deviations and follow-up are evaluated.;Ukažte aktuální vzorek a vysvětlete, jak se hodnotí účinnost, odchylky a následná opatření.;Eine aktuelle Stichprobe zeigen und erläutern, wie Wirksamkeit, Abweichungen und Folgemaßnahmen bewertet werden.
45001-6-1-2-1-customer-1;45001-6-1-2-1;ISO 45001;ISO 45001:2018 + Amd 1:2024;6.1.2.1;6;high;customer;Hazard identification;Identifikace nebezpečí;Gefährdungsermittlung;How does clause 6.1.2.1 protect customer, contractual or stakeholder expectations in this process?;Jak článek 6.1.2.1 chrání očekávání zákazníka, smluvní nebo jiné relevantní požadavky v tomto procesu?;Wie schützt Abschnitt 6.1.2.1 Kunden-, Vertrags- oder relevante Stakeholderanforderungen in diesem Prozess?
45001-6-1-2-1-customer-2;45001-6-1-2-1;ISO 45001;ISO 45001:2018 + Amd 1:2024;6.1.2.1;6;high;customer;Hazard identification;Identifikace nebezpečí;Gefährdungsermittlung;Observe a task and compare actual hazards, variability and worker input with the formal assessment.;Pozorujte úkol a porovnejte skutečná nebezpečí, variabilitu a vstupy pracovníků s formálním hodnocením.;Eine Tätigkeit beobachten und tatsächliche Gefährdungen, Variabilität und Beschäftigtenbeiträge mit der formalen Bewertung vergleichen.
45001-6-1-2-1-customer-3;45001-6-1-2-1;ISO 45001;ISO 45001:2018 + Amd 1:2024;6.1.2.1;6;high;customer;Hazard identification;Identifikace nebezpečí;Gefährdungsermittlung;Show one recent customer/project example and trace the requirement to objective evidence and escalation.;Ukažte jeden aktuální zákaznický/projektový příklad a sledujte požadavek k objektivnímu důkazu a eskalaci.;Ein aktuelles Kunden-/Projektbeispiel zeigen und die Anforderung bis zu objektivem Nachweis und Eskalation verfolgen.
45001-6-1-2-1-certification-1;45001-6-1-2-1;ISO 45001;ISO 45001:2018 + Amd 1:2024;6.1.2.1;6;high;certification;Hazard identification;Identifikace nebezpečí;Gefährdungsermittlung;Which objective evidence demonstrates conformity and effective implementation of clause 6.1.2.1?;Který objektivní důkaz prokazuje shodu a účinné zavedení článku 6.1.2.1?;Welche objektiven Nachweise belegen Konformität und wirksame Umsetzung von Abschnitt 6.1.2.1?
45001-6-1-2-1-certification-2;45001-6-1-2-1;ISO 45001;ISO 45001:2018 + Amd 1:2024;6.1.2.1;6;high;certification;Hazard identification;Identifikace nebezpečí;Gefährdungsermittlung;Observe a task and compare actual hazards, variability and worker input with the formal assessment.;Pozorujte úkol a porovnejte skutečná nebezpečí, variabilitu a vstupy pracovníků s formálním hodnocením.;Eine Tätigkeit beobachten und tatsächliche Gefährdungen, Variabilität und Beschäftigtenbeiträge mit der formalen Bewertung vergleichen.
45001-6-1-2-1-certification-3;45001-6-1-2-1;ISO 45001;ISO 45001:2018 + Amd 1:2024;6.1.2.1;6;high;certification;Hazard identification;Identifikace nebezpečí;Gefährdungsermittlung;How does this control interact with related clauses, and how are gaps classified and corrected?;Jak toto řízení souvisí s navazujícími články a jak se klasifikují a řeší mezery?;Wie wirkt diese Steuerung mit verwandten Abschnitten zusammen und wie werden Lücken klassifiziert und behoben?
45001-6-1-2-2-internal-1;45001-6-1-2-2;ISO 45001;ISO 45001:2018 + Amd 1:2024;6.1.2.2;6;high;internal;Assessment of OH&S risks and other system risks;Posuzování rizik BOZP a dalších systémových rizik;Bewertung von SGA-Risiken und weiteren Systemrisiken;How does the method prevent a low probability from masking a potentially fatal consequence?;Jak metoda zabraňuje tomu, aby nízká pravděpodobnost skryla potenciálně smrtelný důsledek?;Wie verhindert die Methode, dass geringe Wahrscheinlichkeit eine potenziell tödliche Folge verdeckt?
45001-6-1-2-2-internal-2;45001-6-1-2-2;ISO 45001;ISO 45001:2018 + Amd 1:2024;6.1.2.2;6;high;internal;Assessment of OH&S risks and other system risks;Posuzování rizik BOZP a dalších systémových rizik;Bewertung von SGA-Risiken und weiteren Systemrisiken;How is assessment of oh&s risks and other system risks implemented in the selected process, and who owns the control?;Jak je v hodnoceném procesu zavedeno téma „Posuzování rizik BOZP a dalších systémových rizik“ a kdo vlastní příslušné řízení?;Wie ist „Bewertung von SGA-Risiken und weiteren Systemrisiken“ im ausgewählten Prozess umgesetzt und wer verantwortet die Steuerung?
45001-6-1-2-2-internal-3;45001-6-1-2-2;ISO 45001;ISO 45001:2018 + Amd 1:2024;6.1.2.2;6;high;internal;Assessment of OH&S risks and other system risks;Posuzování rizik BOZP a dalších systémových rizik;Bewertung von SGA-Risiken und weiteren Systemrisiken;Show a recent sample and explain how effectiveness, deviations and follow-up are evaluated.;Ukažte aktuální vzorek a vysvětlete, jak se hodnotí účinnost, odchylky a následná opatření.;Eine aktuelle Stichprobe zeigen und erläutern, wie Wirksamkeit, Abweichungen und Folgemaßnahmen bewertet werden.
45001-6-1-2-2-customer-1;45001-6-1-2-2;ISO 45001;ISO 45001:2018 + Amd 1:2024;6.1.2.2;6;high;customer;Assessment of OH&S risks and other system risks;Posuzování rizik BOZP a dalších systémových rizik;Bewertung von SGA-Risiken und weiteren Systemrisiken;How does clause 6.1.2.2 protect customer, contractual or stakeholder expectations in this process?;Jak článek 6.1.2.2 chrání očekávání zákazníka, smluvní nebo jiné relevantní požadavky v tomto procesu?;Wie schützt Abschnitt 6.1.2.2 Kunden-, Vertrags- oder relevante Stakeholderanforderungen in diesem Prozess?
45001-6-1-2-2-customer-2;45001-6-1-2-2;ISO 45001;ISO 45001:2018 + Amd 1:2024;6.1.2.2;6;high;customer;Assessment of OH&S risks and other system risks;Posuzování rizik BOZP a dalších systémových rizik;Bewertung von SGA-Risiken und weiteren Systemrisiken;How does the method prevent a low probability from masking a potentially fatal consequence?;Jak metoda zabraňuje tomu, aby nízká pravděpodobnost skryla potenciálně smrtelný důsledek?;Wie verhindert die Methode, dass geringe Wahrscheinlichkeit eine potenziell tödliche Folge verdeckt?
45001-6-1-2-2-customer-3;45001-6-1-2-2;ISO 45001;ISO 45001:2018 + Amd 1:2024;6.1.2.2;6;high;customer;Assessment of OH&S risks and other system risks;Posuzování rizik BOZP a dalších systémových rizik;Bewertung von SGA-Risiken und weiteren Systemrisiken;Show one recent customer/project example and trace the requirement to objective evidence and escalation.;Ukažte jeden aktuální zákaznický/projektový příklad a sledujte požadavek k objektivnímu důkazu a eskalaci.;Ein aktuelles Kunden-/Projektbeispiel zeigen und die Anforderung bis zu objektivem Nachweis und Eskalation verfolgen.
45001-6-1-2-2-certification-1;45001-6-1-2-2;ISO 45001;ISO 45001:2018 + Amd 1:2024;6.1.2.2;6;high;certification;Assessment of OH&S risks and other system risks;Posuzování rizik BOZP a dalších systémových rizik;Bewertung von SGA-Risiken und weiteren Systemrisiken;Which objective evidence demonstrates conformity and effective implementation of clause 6.1.2.2?;Který objektivní důkaz prokazuje shodu a účinné zavedení článku 6.1.2.2?;Welche objektiven Nachweise belegen Konformität und wirksame Umsetzung von Abschnitt 6.1.2.2?
45001-6-1-2-2-certification-2;45001-6-1-2-2;ISO 45001;ISO 45001:2018 + Amd 1:2024;6.1.2.2;6;high;certification;Assessment of OH&S risks and other system risks;Posuzování rizik BOZP a dalších systémových rizik;Bewertung von SGA-Risiken und weiteren Systemrisiken;How does the method prevent a low probability from masking a potentially fatal consequence?;Jak metoda zabraňuje tomu, aby nízká pravděpodobnost skryla potenciálně smrtelný důsledek?;Wie verhindert die Methode, dass geringe Wahrscheinlichkeit eine potenziell tödliche Folge verdeckt?
45001-6-1-2-2-certification-3;45001-6-1-2-2;ISO 45001;ISO 45001:2018 + Amd 1:2024;6.1.2.2;6;high;certification;Assessment of OH&S risks and other system risks;Posuzování rizik BOZP a dalších systémových rizik;Bewertung von SGA-Risiken und weiteren Systemrisiken;How does this control interact with related clauses, and how are gaps classified and corrected?;Jak toto řízení souvisí s navazujícími články a jak se klasifikují a řeší mezery?;Wie wirkt diese Steuerung mit verwandten Abschnitten zusammen und wie werden Lücken klassifiziert und behoben?
45001-6-1-2-3-internal-1;45001-6-1-2-3;ISO 45001;ISO 45001:2018 + Amd 1:2024;6.1.2.3;6;medium;internal;Assessment of OH&S opportunities and other opportunities;Posuzování příležitostí BOZP a dalších příležitostí;Bewertung von SGA-Chancen und weiteren Chancen;Which opportunity has most improved work design or worker health, and how was the benefit verified?;Která příležitost nejvíce zlepšila návrh práce nebo zdraví pracovníků a jak byl přínos ověřen?;Welche Chance hat Arbeitsgestaltung oder Beschäftigtengesundheit am stärksten verbessert und wie wurde der Nutzen verifiziert?
45001-6-1-2-3-internal-2;45001-6-1-2-3;ISO 45001;ISO 45001:2018 + Amd 1:2024;6.1.2.3;6;medium;internal;Assessment of OH&S opportunities and other opportunities;Posuzování příležitostí BOZP a dalších příležitostí;Bewertung von SGA-Chancen und weiteren Chancen;How is assessment of oh&s opportunities and other opportunities implemented in the selected process, and who owns the control?;Jak je v hodnoceném procesu zavedeno téma „Posuzování příležitostí BOZP a dalších příležitostí“ a kdo vlastní příslušné řízení?;Wie ist „Bewertung von SGA-Chancen und weiteren Chancen“ im ausgewählten Prozess umgesetzt und wer verantwortet die Steuerung?
45001-6-1-2-3-internal-3;45001-6-1-2-3;ISO 45001;ISO 45001:2018 + Amd 1:2024;6.1.2.3;6;medium;internal;Assessment of OH&S opportunities and other opportunities;Posuzování příležitostí BOZP a dalších příležitostí;Bewertung von SGA-Chancen und weiteren Chancen;Show a recent sample and explain how effectiveness, deviations and follow-up are evaluated.;Ukažte aktuální vzorek a vysvětlete, jak se hodnotí účinnost, odchylky a následná opatření.;Eine aktuelle Stichprobe zeigen und erläutern, wie Wirksamkeit, Abweichungen und Folgemaßnahmen bewertet werden.
45001-6-1-2-3-customer-1;45001-6-1-2-3;ISO 45001;ISO 45001:2018 + Amd 1:2024;6.1.2.3;6;medium;customer;Assessment of OH&S opportunities and other opportunities;Posuzování příležitostí BOZP a dalších příležitostí;Bewertung von SGA-Chancen und weiteren Chancen;How does clause 6.1.2.3 protect customer, contractual or stakeholder expectations in this process?;Jak článek 6.1.2.3 chrání očekávání zákazníka, smluvní nebo jiné relevantní požadavky v tomto procesu?;Wie schützt Abschnitt 6.1.2.3 Kunden-, Vertrags- oder relevante Stakeholderanforderungen in diesem Prozess?
45001-6-1-2-3-customer-2;45001-6-1-2-3;ISO 45001;ISO 45001:2018 + Amd 1:2024;6.1.2.3;6;medium;customer;Assessment of OH&S opportunities and other opportunities;Posuzování příležitostí BOZP a dalších příležitostí;Bewertung von SGA-Chancen und weiteren Chancen;Which opportunity has most improved work design or worker health, and how was the benefit verified?;Která příležitost nejvíce zlepšila návrh práce nebo zdraví pracovníků a jak byl přínos ověřen?;Welche Chance hat Arbeitsgestaltung oder Beschäftigtengesundheit am stärksten verbessert und wie wurde der Nutzen verifiziert?
45001-6-1-2-3-customer-3;45001-6-1-2-3;ISO 45001;ISO 45001:2018 + Amd 1:2024;6.1.2.3;6;medium;customer;Assessment of OH&S opportunities and other opportunities;Posuzování příležitostí BOZP a dalších příležitostí;Bewertung von SGA-Chancen und weiteren Chancen;Show one recent customer/project example and trace the requirement to objective evidence and escalation.;Ukažte jeden aktuální zákaznický/projektový příklad a sledujte požadavek k objektivnímu důkazu a eskalaci.;Ein aktuelles Kunden-/Projektbeispiel zeigen und die Anforderung bis zu objektivem Nachweis und Eskalation verfolgen.
45001-6-1-2-3-certification-1;45001-6-1-2-3;ISO 45001;ISO 45001:2018 + Amd 1:2024;6.1.2.3;6;medium;certification;Assessment of OH&S opportunities and other opportunities;Posuzování příležitostí BOZP a dalších příležitostí;Bewertung von SGA-Chancen und weiteren Chancen;Which objective evidence demonstrates conformity and effective implementation of clause 6.1.2.3?;Který objektivní důkaz prokazuje shodu a účinné zavedení článku 6.1.2.3?;Welche objektiven Nachweise belegen Konformität und wirksame Umsetzung von Abschnitt 6.1.2.3?
45001-6-1-2-3-certification-2;45001-6-1-2-3;ISO 45001;ISO 45001:2018 + Amd 1:2024;6.1.2.3;6;medium;certification;Assessment of OH&S opportunities and other opportunities;Posuzování příležitostí BOZP a dalších příležitostí;Bewertung von SGA-Chancen und weiteren Chancen;Which opportunity has most improved work design or worker health, and how was the benefit verified?;Která příležitost nejvíce zlepšila návrh práce nebo zdraví pracovníků a jak byl přínos ověřen?;Welche Chance hat Arbeitsgestaltung oder Beschäftigtengesundheit am stärksten verbessert und wie wurde der Nutzen verifiziert?
45001-6-1-2-3-certification-3;45001-6-1-2-3;ISO 45001;ISO 45001:2018 + Amd 1:2024;6.1.2.3;6;medium;certification;Assessment of OH&S opportunities and other opportunities;Posuzování příležitostí BOZP a dalších příležitostí;Bewertung von SGA-Chancen und weiteren Chancen;How does this control interact with related clauses, and how are gaps classified and corrected?;Jak toto řízení souvisí s navazujícími články a jak se klasifikují a řeší mezery?;Wie wirkt diese Steuerung mit verwandten Abschnitten zusammen und wie werden Lücken klassifiziert und behoben?
45001-6-1-3-internal-1;45001-6-1-3;ISO 45001;ISO 45001:2018 + Amd 1:2024;6.1.3;6;high;internal;Legal requirements and other requirements;Právní a jiné požadavky;Rechtliche und andere Anforderungen;Select one high-risk legal duty and verify its translation into workplace controls and evidence.;Vyberte jednu vysoce rizikovou právní povinnost a ověřte její převedení do opatření a důkazů na pracovišti.;Eine rechtliche Hochrisiko-Pflicht auswählen und ihre Umsetzung in Arbeitsplatzkontrollen und Nachweise prüfen.
45001-6-1-3-internal-2;45001-6-1-3;ISO 45001;ISO 45001:2018 + Amd 1:2024;6.1.3;6;high;internal;Legal requirements and other requirements;Právní a jiné požadavky;Rechtliche und andere Anforderungen;How is legal requirements and other requirements implemented in the selected process, and who owns the control?;Jak je v hodnoceném procesu zavedeno téma „Právní a jiné požadavky“ a kdo vlastní příslušné řízení?;Wie ist „Rechtliche und andere Anforderungen“ im ausgewählten Prozess umgesetzt und wer verantwortet die Steuerung?
45001-6-1-3-internal-3;45001-6-1-3;ISO 45001;ISO 45001:2018 + Amd 1:2024;6.1.3;6;high;internal;Legal requirements and other requirements;Právní a jiné požadavky;Rechtliche und andere Anforderungen;Show a recent sample and explain how effectiveness, deviations and follow-up are evaluated.;Ukažte aktuální vzorek a vysvětlete, jak se hodnotí účinnost, odchylky a následná opatření.;Eine aktuelle Stichprobe zeigen und erläutern, wie Wirksamkeit, Abweichungen und Folgemaßnahmen bewertet werden.
45001-6-1-3-customer-1;45001-6-1-3;ISO 45001;ISO 45001:2018 + Amd 1:2024;6.1.3;6;high;customer;Legal requirements and other requirements;Právní a jiné požadavky;Rechtliche und andere Anforderungen;How does clause 6.1.3 protect customer, contractual or stakeholder expectations in this process?;Jak článek 6.1.3 chrání očekávání zákazníka, smluvní nebo jiné relevantní požadavky v tomto procesu?;Wie schützt Abschnitt 6.1.3 Kunden-, Vertrags- oder relevante Stakeholderanforderungen in diesem Prozess?
45001-6-1-3-customer-2;45001-6-1-3;ISO 45001;ISO 45001:2018 + Amd 1:2024;6.1.3;6;high;customer;Legal requirements and other requirements;Právní a jiné požadavky;Rechtliche und andere Anforderungen;Select one high-risk legal duty and verify its translation into workplace controls and evidence.;Vyberte jednu vysoce rizikovou právní povinnost a ověřte její převedení do opatření a důkazů na pracovišti.;Eine rechtliche Hochrisiko-Pflicht auswählen und ihre Umsetzung in Arbeitsplatzkontrollen und Nachweise prüfen.
45001-6-1-3-customer-3;45001-6-1-3;ISO 45001;ISO 45001:2018 + Amd 1:2024;6.1.3;6;high;customer;Legal requirements and other requirements;Právní a jiné požadavky;Rechtliche und andere Anforderungen;Show one recent customer/project example and trace the requirement to objective evidence and escalation.;Ukažte jeden aktuální zákaznický/projektový příklad a sledujte požadavek k objektivnímu důkazu a eskalaci.;Ein aktuelles Kunden-/Projektbeispiel zeigen und die Anforderung bis zu objektivem Nachweis und Eskalation verfolgen.
45001-6-1-3-certification-1;45001-6-1-3;ISO 45001;ISO 45001:2018 + Amd 1:2024;6.1.3;6;high;certification;Legal requirements and other requirements;Právní a jiné požadavky;Rechtliche und andere Anforderungen;Which objective evidence demonstrates conformity and effective implementation of clause 6.1.3?;Který objektivní důkaz prokazuje shodu a účinné zavedení článku 6.1.3?;Welche objektiven Nachweise belegen Konformität und wirksame Umsetzung von Abschnitt 6.1.3?
45001-6-1-3-certification-2;45001-6-1-3;ISO 45001;ISO 45001:2018 + Amd 1:2024;6.1.3;6;high;certification;Legal requirements and other requirements;Právní a jiné požadavky;Rechtliche und andere Anforderungen;Select one high-risk legal duty and verify its translation into workplace controls and evidence.;Vyberte jednu vysoce rizikovou právní povinnost a ověřte její převedení do opatření a důkazů na pracovišti.;Eine rechtliche Hochrisiko-Pflicht auswählen und ihre Umsetzung in Arbeitsplatzkontrollen und Nachweise prüfen.
45001-6-1-3-certification-3;45001-6-1-3;ISO 45001;ISO 45001:2018 + Amd 1:2024;6.1.3;6;high;certification;Legal requirements and other requirements;Právní a jiné požadavky;Rechtliche und andere Anforderungen;How does this control interact with related clauses, and how are gaps classified and corrected?;Jak toto řízení souvisí s navazujícími články a jak se klasifikují a řeší mezery?;Wie wirkt diese Steuerung mit verwandten Abschnitten zusammen und wie werden Lücken klassifiziert und behoben?
45001-6-1-4-internal-1;45001-6-1-4;ISO 45001;ISO 45001:2018 + Amd 1:2024;6.1.4;6;high;internal;Planning actions;Plánování opatření;Planung von Maßnahmen;For one severe risk, show why higher-order controls were or were not feasible and who accepted the residual risk.;U jednoho závažného rizika ukažte, proč byla či nebyla možná opatření vyšší úrovně a kdo přijal zbytkové riziko.;Für ein schweres Risiko zeigen, warum höherrangige Maßnahmen machbar oder nicht machbar waren und wer das Restrisiko akzeptierte.
45001-6-1-4-internal-2;45001-6-1-4;ISO 45001;ISO 45001:2018 + Amd 1:2024;6.1.4;6;high;internal;Planning actions;Plánování opatření;Planung von Maßnahmen;How is planning actions implemented in the selected process, and who owns the control?;Jak je v hodnoceném procesu zavedeno téma „Plánování opatření“ a kdo vlastní příslušné řízení?;Wie ist „Planung von Maßnahmen“ im ausgewählten Prozess umgesetzt und wer verantwortet die Steuerung?
45001-6-1-4-internal-3;45001-6-1-4;ISO 45001;ISO 45001:2018 + Amd 1:2024;6.1.4;6;high;internal;Planning actions;Plánování opatření;Planung von Maßnahmen;Show a recent sample and explain how effectiveness, deviations and follow-up are evaluated.;Ukažte aktuální vzorek a vysvětlete, jak se hodnotí účinnost, odchylky a následná opatření.;Eine aktuelle Stichprobe zeigen und erläutern, wie Wirksamkeit, Abweichungen und Folgemaßnahmen bewertet werden.
45001-6-1-4-customer-1;45001-6-1-4;ISO 45001;ISO 45001:2018 + Amd 1:2024;6.1.4;6;high;customer;Planning actions;Plánování opatření;Planung von Maßnahmen;How does clause 6.1.4 protect customer, contractual or stakeholder expectations in this process?;Jak článek 6.1.4 chrání očekávání zákazníka, smluvní nebo jiné relevantní požadavky v tomto procesu?;Wie schützt Abschnitt 6.1.4 Kunden-, Vertrags- oder relevante Stakeholderanforderungen in diesem Prozess?
45001-6-1-4-customer-2;45001-6-1-4;ISO 45001;ISO 45001:2018 + Amd 1:2024;6.1.4;6;high;customer;Planning actions;Plánování opatření;Planung von Maßnahmen;For one severe risk, show why higher-order controls were or were not feasible and who accepted the residual risk.;U jednoho závažného rizika ukažte, proč byla či nebyla možná opatření vyšší úrovně a kdo přijal zbytkové riziko.;Für ein schweres Risiko zeigen, warum höherrangige Maßnahmen machbar oder nicht machbar waren und wer das Restrisiko akzeptierte.
45001-6-1-4-customer-3;45001-6-1-4;ISO 45001;ISO 45001:2018 + Amd 1:2024;6.1.4;6;high;customer;Planning actions;Plánování opatření;Planung von Maßnahmen;Show one recent customer/project example and trace the requirement to objective evidence and escalation.;Ukažte jeden aktuální zákaznický/projektový příklad a sledujte požadavek k objektivnímu důkazu a eskalaci.;Ein aktuelles Kunden-/Projektbeispiel zeigen und die Anforderung bis zu objektivem Nachweis und Eskalation verfolgen.
45001-6-1-4-certification-1;45001-6-1-4;ISO 45001;ISO 45001:2018 + Amd 1:2024;6.1.4;6;high;certification;Planning actions;Plánování opatření;Planung von Maßnahmen;Which objective evidence demonstrates conformity and effective implementation of clause 6.1.4?;Který objektivní důkaz prokazuje shodu a účinné zavedení článku 6.1.4?;Welche objektiven Nachweise belegen Konformität und wirksame Umsetzung von Abschnitt 6.1.4?
45001-6-1-4-certification-2;45001-6-1-4;ISO 45001;ISO 45001:2018 + Amd 1:2024;6.1.4;6;high;certification;Planning actions;Plánování opatření;Planung von Maßnahmen;For one severe risk, show why higher-order controls were or were not feasible and who accepted the residual risk.;U jednoho závažného rizika ukažte, proč byla či nebyla možná opatření vyšší úrovně a kdo přijal zbytkové riziko.;Für ein schweres Risiko zeigen, warum höherrangige Maßnahmen machbar oder nicht machbar waren und wer das Restrisiko akzeptierte.
45001-6-1-4-certification-3;45001-6-1-4;ISO 45001;ISO 45001:2018 + Amd 1:2024;6.1.4;6;high;certification;Planning actions;Plánování opatření;Planung von Maßnahmen;How does this control interact with related clauses, and how are gaps classified and corrected?;Jak toto řízení souvisí s navazujícími články a jak se klasifikují a řeší mezery?;Wie wirkt diese Steuerung mit verwandten Abschnitten zusammen und wie werden Lücken klassifiziert und behoben?
45001-6-2-1-internal-1;45001-6-2-1;ISO 45001;ISO 45001:2018 + Amd 1:2024;6.2.1;6;high;internal;OH&S objectives;Cíle BOZP;SGA-Ziele;Which objective is most at risk, what is the forecast and what decision has been taken?;Který cíl je nejvíce ohrožen, jaká je prognóza a jaké rozhodnutí bylo přijato?;Welches Ziel ist am stärksten gefährdet, wie lautet die Prognose und welche Entscheidung wurde getroffen?
45001-6-2-1-internal-2;45001-6-2-1;ISO 45001;ISO 45001:2018 + Amd 1:2024;6.2.1;6;high;internal;OH&S objectives;Cíle BOZP;SGA-Ziele;How is oh&s objectives implemented in the selected process, and who owns the control?;Jak je v hodnoceném procesu zavedeno téma „Cíle BOZP“ a kdo vlastní příslušné řízení?;Wie ist „SGA-Ziele“ im ausgewählten Prozess umgesetzt und wer verantwortet die Steuerung?
45001-6-2-1-internal-3;45001-6-2-1;ISO 45001;ISO 45001:2018 + Amd 1:2024;6.2.1;6;high;internal;OH&S objectives;Cíle BOZP;SGA-Ziele;Show a recent sample and explain how effectiveness, deviations and follow-up are evaluated.;Ukažte aktuální vzorek a vysvětlete, jak se hodnotí účinnost, odchylky a následná opatření.;Eine aktuelle Stichprobe zeigen und erläutern, wie Wirksamkeit, Abweichungen und Folgemaßnahmen bewertet werden.
45001-6-2-1-customer-1;45001-6-2-1;ISO 45001;ISO 45001:2018 + Amd 1:2024;6.2.1;6;high;customer;OH&S objectives;Cíle BOZP;SGA-Ziele;How does clause 6.2.1 protect customer, contractual or stakeholder expectations in this process?;Jak článek 6.2.1 chrání očekávání zákazníka, smluvní nebo jiné relevantní požadavky v tomto procesu?;Wie schützt Abschnitt 6.2.1 Kunden-, Vertrags- oder relevante Stakeholderanforderungen in diesem Prozess?
45001-6-2-1-customer-2;45001-6-2-1;ISO 45001;ISO 45001:2018 + Amd 1:2024;6.2.1;6;high;customer;OH&S objectives;Cíle BOZP;SGA-Ziele;Which objective is most at risk, what is the forecast and what decision has been taken?;Který cíl je nejvíce ohrožen, jaká je prognóza a jaké rozhodnutí bylo přijato?;Welches Ziel ist am stärksten gefährdet, wie lautet die Prognose und welche Entscheidung wurde getroffen?
45001-6-2-1-customer-3;45001-6-2-1;ISO 45001;ISO 45001:2018 + Amd 1:2024;6.2.1;6;high;customer;OH&S objectives;Cíle BOZP;SGA-Ziele;Show one recent customer/project example and trace the requirement to objective evidence and escalation.;Ukažte jeden aktuální zákaznický/projektový příklad a sledujte požadavek k objektivnímu důkazu a eskalaci.;Ein aktuelles Kunden-/Projektbeispiel zeigen und die Anforderung bis zu objektivem Nachweis und Eskalation verfolgen.
45001-6-2-1-certification-1;45001-6-2-1;ISO 45001;ISO 45001:2018 + Amd 1:2024;6.2.1;6;high;certification;OH&S objectives;Cíle BOZP;SGA-Ziele;Which objective evidence demonstrates conformity and effective implementation of clause 6.2.1?;Který objektivní důkaz prokazuje shodu a účinné zavedení článku 6.2.1?;Welche objektiven Nachweise belegen Konformität und wirksame Umsetzung von Abschnitt 6.2.1?
45001-6-2-1-certification-2;45001-6-2-1;ISO 45001;ISO 45001:2018 + Amd 1:2024;6.2.1;6;high;certification;OH&S objectives;Cíle BOZP;SGA-Ziele;Which objective is most at risk, what is the forecast and what decision has been taken?;Který cíl je nejvíce ohrožen, jaká je prognóza a jaké rozhodnutí bylo přijato?;Welches Ziel ist am stärksten gefährdet, wie lautet die Prognose und welche Entscheidung wurde getroffen?
45001-6-2-1-certification-3;45001-6-2-1;ISO 45001;ISO 45001:2018 + Amd 1:2024;6.2.1;6;high;certification;OH&S objectives;Cíle BOZP;SGA-Ziele;How does this control interact with related clauses, and how are gaps classified and corrected?;Jak toto řízení souvisí s navazujícími články a jak se klasifikují a řeší mezery?;Wie wirkt diese Steuerung mit verwandten Abschnitten zusammen und wie werden Lücken klassifiziert und behoben?
45001-6-2-2-internal-1;45001-6-2-2;ISO 45001;ISO 45001:2018 + Amd 1:2024;6.2.2;6;high;internal;Planning to achieve OH&S objectives;Plánování k dosažení cílů BOZP;Planung zur Erreichung der SGA-Ziele;Trace one objective from policy and risk through milestones, resources and measured result.;Sledujte jeden cíl od politiky a rizika přes milníky a zdroje až k měřenému výsledku.;Ein Ziel von Politik und Risiko über Meilensteine und Ressourcen bis zum gemessenen Ergebnis verfolgen.
45001-6-2-2-internal-2;45001-6-2-2;ISO 45001;ISO 45001:2018 + Amd 1:2024;6.2.2;6;high;internal;Planning to achieve OH&S objectives;Plánování k dosažení cílů BOZP;Planung zur Erreichung der SGA-Ziele;How is planning to achieve oh&s objectives implemented in the selected process, and who owns the control?;Jak je v hodnoceném procesu zavedeno téma „Plánování k dosažení cílů BOZP“ a kdo vlastní příslušné řízení?;Wie ist „Planung zur Erreichung der SGA-Ziele“ im ausgewählten Prozess umgesetzt und wer verantwortet die Steuerung?
45001-6-2-2-internal-3;45001-6-2-2;ISO 45001;ISO 45001:2018 + Amd 1:2024;6.2.2;6;high;internal;Planning to achieve OH&S objectives;Plánování k dosažení cílů BOZP;Planung zur Erreichung der SGA-Ziele;Show a recent sample and explain how effectiveness, deviations and follow-up are evaluated.;Ukažte aktuální vzorek a vysvětlete, jak se hodnotí účinnost, odchylky a následná opatření.;Eine aktuelle Stichprobe zeigen und erläutern, wie Wirksamkeit, Abweichungen und Folgemaßnahmen bewertet werden.
45001-6-2-2-customer-1;45001-6-2-2;ISO 45001;ISO 45001:2018 + Amd 1:2024;6.2.2;6;high;customer;Planning to achieve OH&S objectives;Plánování k dosažení cílů BOZP;Planung zur Erreichung der SGA-Ziele;How does clause 6.2.2 protect customer, contractual or stakeholder expectations in this process?;Jak článek 6.2.2 chrání očekávání zákazníka, smluvní nebo jiné relevantní požadavky v tomto procesu?;Wie schützt Abschnitt 6.2.2 Kunden-, Vertrags- oder relevante Stakeholderanforderungen in diesem Prozess?
45001-6-2-2-customer-2;45001-6-2-2;ISO 45001;ISO 45001:2018 + Amd 1:2024;6.2.2;6;high;customer;Planning to achieve OH&S objectives;Plánování k dosažení cílů BOZP;Planung zur Erreichung der SGA-Ziele;Trace one objective from policy and risk through milestones, resources and measured result.;Sledujte jeden cíl od politiky a rizika přes milníky a zdroje až k měřenému výsledku.;Ein Ziel von Politik und Risiko über Meilensteine und Ressourcen bis zum gemessenen Ergebnis verfolgen.
45001-6-2-2-customer-3;45001-6-2-2;ISO 45001;ISO 45001:2018 + Amd 1:2024;6.2.2;6;high;customer;Planning to achieve OH&S objectives;Plánování k dosažení cílů BOZP;Planung zur Erreichung der SGA-Ziele;Show one recent customer/project example and trace the requirement to objective evidence and escalation.;Ukažte jeden aktuální zákaznický/projektový příklad a sledujte požadavek k objektivnímu důkazu a eskalaci.;Ein aktuelles Kunden-/Projektbeispiel zeigen und die Anforderung bis zu objektivem Nachweis und Eskalation verfolgen.
45001-6-2-2-certification-1;45001-6-2-2;ISO 45001;ISO 45001:2018 + Amd 1:2024;6.2.2;6;high;certification;Planning to achieve OH&S objectives;Plánování k dosažení cílů BOZP;Planung zur Erreichung der SGA-Ziele;Which objective evidence demonstrates conformity and effective implementation of clause 6.2.2?;Který objektivní důkaz prokazuje shodu a účinné zavedení článku 6.2.2?;Welche objektiven Nachweise belegen Konformität und wirksame Umsetzung von Abschnitt 6.2.2?
45001-6-2-2-certification-2;45001-6-2-2;ISO 45001;ISO 45001:2018 + Amd 1:2024;6.2.2;6;high;certification;Planning to achieve OH&S objectives;Plánování k dosažení cílů BOZP;Planung zur Erreichung der SGA-Ziele;Trace one objective from policy and risk through milestones, resources and measured result.;Sledujte jeden cíl od politiky a rizika přes milníky a zdroje až k měřenému výsledku.;Ein Ziel von Politik und Risiko über Meilensteine und Ressourcen bis zum gemessenen Ergebnis verfolgen.
45001-6-2-2-certification-3;45001-6-2-2;ISO 45001;ISO 45001:2018 + Amd 1:2024;6.2.2;6;high;certification;Planning to achieve OH&S objectives;Plánování k dosažení cílů BOZP;Planung zur Erreichung der SGA-Ziele;How does this control interact with related clauses, and how are gaps classified and corrected?;Jak toto řízení souvisí s navazujícími články a jak se klasifikují a řeší mezery?;Wie wirkt diese Steuerung mit verwandten Abschnitten zusammen und wie werden Lücken klassifiziert und behoben?
45001-7-1-internal-1;45001-7-1;ISO 45001;ISO 45001:2018 + Amd 1:2024;7.1;7;medium;internal;Resources;Zdroje;Ressourcen;Where is the largest resource constraint and how is its risk controlled?;Kde je největší omezení zdrojů a jak je jeho riziko řízeno?;Wo besteht der größte Ressourcenengpass und wie wird dessen Risiko gelenkt?
45001-7-1-internal-2;45001-7-1;ISO 45001;ISO 45001:2018 + Amd 1:2024;7.1;7;medium;internal;Resources;Zdroje;Ressourcen;How is resources implemented in the selected process, and who owns the control?;Jak je v hodnoceném procesu zavedeno téma „Zdroje“ a kdo vlastní příslušné řízení?;Wie ist „Ressourcen“ im ausgewählten Prozess umgesetzt und wer verantwortet die Steuerung?
45001-7-1-internal-3;45001-7-1;ISO 45001;ISO 45001:2018 + Amd 1:2024;7.1;7;medium;internal;Resources;Zdroje;Ressourcen;Show a recent sample and explain how effectiveness, deviations and follow-up are evaluated.;Ukažte aktuální vzorek a vysvětlete, jak se hodnotí účinnost, odchylky a následná opatření.;Eine aktuelle Stichprobe zeigen und erläutern, wie Wirksamkeit, Abweichungen und Folgemaßnahmen bewertet werden.
45001-7-1-customer-1;45001-7-1;ISO 45001;ISO 45001:2018 + Amd 1:2024;7.1;7;medium;customer;Resources;Zdroje;Ressourcen;How does clause 7.1 protect customer, contractual or stakeholder expectations in this process?;Jak článek 7.1 chrání očekávání zákazníka, smluvní nebo jiné relevantní požadavky v tomto procesu?;Wie schützt Abschnitt 7.1 Kunden-, Vertrags- oder relevante Stakeholderanforderungen in diesem Prozess?
45001-7-1-customer-2;45001-7-1;ISO 45001;ISO 45001:2018 + Amd 1:2024;7.1;7;medium;customer;Resources;Zdroje;Ressourcen;Where is the largest resource constraint and how is its risk controlled?;Kde je největší omezení zdrojů a jak je jeho riziko řízeno?;Wo besteht der größte Ressourcenengpass und wie wird dessen Risiko gelenkt?
45001-7-1-customer-3;45001-7-1;ISO 45001;ISO 45001:2018 + Amd 1:2024;7.1;7;medium;customer;Resources;Zdroje;Ressourcen;Show one recent customer/project example and trace the requirement to objective evidence and escalation.;Ukažte jeden aktuální zákaznický/projektový příklad a sledujte požadavek k objektivnímu důkazu a eskalaci.;Ein aktuelles Kunden-/Projektbeispiel zeigen und die Anforderung bis zu objektivem Nachweis und Eskalation verfolgen.
45001-7-1-certification-1;45001-7-1;ISO 45001;ISO 45001:2018 + Amd 1:2024;7.1;7;medium;certification;Resources;Zdroje;Ressourcen;Which objective evidence demonstrates conformity and effective implementation of clause 7.1?;Který objektivní důkaz prokazuje shodu a účinné zavedení článku 7.1?;Welche objektiven Nachweise belegen Konformität und wirksame Umsetzung von Abschnitt 7.1?
45001-7-1-certification-2;45001-7-1;ISO 45001;ISO 45001:2018 + Amd 1:2024;7.1;7;medium;certification;Resources;Zdroje;Ressourcen;Where is the largest resource constraint and how is its risk controlled?;Kde je největší omezení zdrojů a jak je jeho riziko řízeno?;Wo besteht der größte Ressourcenengpass und wie wird dessen Risiko gelenkt?
45001-7-1-certification-3;45001-7-1;ISO 45001;ISO 45001:2018 + Amd 1:2024;7.1;7;medium;certification;Resources;Zdroje;Ressourcen;How does this control interact with related clauses, and how are gaps classified and corrected?;Jak toto řízení souvisí s navazujícími články a jak se klasifikují a řeší mezery?;Wie wirkt diese Steuerung mit verwandten Abschnitten zusammen und wie werden Lücken klassifiziert und behoben?
45001-7-2-internal-1;45001-7-2;ISO 45001;ISO 45001:2018 + Amd 1:2024;7.2;7;high;internal;Competence;Kompetence;Kompetenz;How was competence verified for one high-risk role, and who authorizes independent work?;Jak byla ověřena kompetence pro jednu vysoce rizikovou roli a kdo povoluje samostatnou práci?;Wie wurde die Kompetenz für eine Hochrisikorolle geprüft und wer autorisiert selbstständige Arbeit?
45001-7-2-internal-2;45001-7-2;ISO 45001;ISO 45001:2018 + Amd 1:2024;7.2;7;high;internal;Competence;Kompetence;Kompetenz;How is competence implemented in the selected process, and who owns the control?;Jak je v hodnoceném procesu zavedeno téma „Kompetence“ a kdo vlastní příslušné řízení?;Wie ist „Kompetenz“ im ausgewählten Prozess umgesetzt und wer verantwortet die Steuerung?
45001-7-2-internal-3;45001-7-2;ISO 45001;ISO 45001:2018 + Amd 1:2024;7.2;7;high;internal;Competence;Kompetence;Kompetenz;Show a recent sample and explain how effectiveness, deviations and follow-up are evaluated.;Ukažte aktuální vzorek a vysvětlete, jak se hodnotí účinnost, odchylky a následná opatření.;Eine aktuelle Stichprobe zeigen und erläutern, wie Wirksamkeit, Abweichungen und Folgemaßnahmen bewertet werden.
45001-7-2-customer-1;45001-7-2;ISO 45001;ISO 45001:2018 + Amd 1:2024;7.2;7;high;customer;Competence;Kompetence;Kompetenz;How does clause 7.2 protect customer, contractual or stakeholder expectations in this process?;Jak článek 7.2 chrání očekávání zákazníka, smluvní nebo jiné relevantní požadavky v tomto procesu?;Wie schützt Abschnitt 7.2 Kunden-, Vertrags- oder relevante Stakeholderanforderungen in diesem Prozess?
45001-7-2-customer-2;45001-7-2;ISO 45001;ISO 45001:2018 + Amd 1:2024;7.2;7;high;customer;Competence;Kompetence;Kompetenz;How was competence verified for one high-risk role, and who authorizes independent work?;Jak byla ověřena kompetence pro jednu vysoce rizikovou roli a kdo povoluje samostatnou práci?;Wie wurde die Kompetenz für eine Hochrisikorolle geprüft und wer autorisiert selbstständige Arbeit?
45001-7-2-customer-3;45001-7-2;ISO 45001;ISO 45001:2018 + Amd 1:2024;7.2;7;high;customer;Competence;Kompetence;Kompetenz;Show one recent customer/project example and trace the requirement to objective evidence and escalation.;Ukažte jeden aktuální zákaznický/projektový příklad a sledujte požadavek k objektivnímu důkazu a eskalaci.;Ein aktuelles Kunden-/Projektbeispiel zeigen und die Anforderung bis zu objektivem Nachweis und Eskalation verfolgen.
45001-7-2-certification-1;45001-7-2;ISO 45001;ISO 45001:2018 + Amd 1:2024;7.2;7;high;certification;Competence;Kompetence;Kompetenz;Which objective evidence demonstrates conformity and effective implementation of clause 7.2?;Který objektivní důkaz prokazuje shodu a účinné zavedení článku 7.2?;Welche objektiven Nachweise belegen Konformität und wirksame Umsetzung von Abschnitt 7.2?
45001-7-2-certification-2;45001-7-2;ISO 45001;ISO 45001:2018 + Amd 1:2024;7.2;7;high;certification;Competence;Kompetence;Kompetenz;How was competence verified for one high-risk role, and who authorizes independent work?;Jak byla ověřena kompetence pro jednu vysoce rizikovou roli a kdo povoluje samostatnou práci?;Wie wurde die Kompetenz für eine Hochrisikorolle geprüft und wer autorisiert selbstständige Arbeit?
45001-7-2-certification-3;45001-7-2;ISO 45001;ISO 45001:2018 + Amd 1:2024;7.2;7;high;certification;Competence;Kompetence;Kompetenz;How does this control interact with related clauses, and how are gaps classified and corrected?;Jak toto řízení souvisí s navazujícími články a jak se klasifikují a řeší mezery?;Wie wirkt diese Steuerung mit verwandten Abschnitten zusammen und wie werden Lücken klassifiziert und behoben?
45001-7-3-internal-1;45001-7-3;ISO 45001;ISO 45001:2018 + Amd 1:2024;7.3;7;medium;internal;Awareness;Povědomí;Bewusstsein;Ask a person at the point of work to explain the key requirement, risk and escalation route.;Požádejte pracovníka na pracovišti, aby vysvětlil klíčový požadavek, riziko a způsob eskalace.;Eine Person am Arbeitsplatz bitten, Kernanforderung, Risiko und Eskalationsweg zu erklären.
45001-7-3-internal-2;45001-7-3;ISO 45001;ISO 45001:2018 + Amd 1:2024;7.3;7;medium;internal;Awareness;Povědomí;Bewusstsein;How is awareness implemented in the selected process, and who owns the control?;Jak je v hodnoceném procesu zavedeno téma „Povědomí“ a kdo vlastní příslušné řízení?;Wie ist „Bewusstsein“ im ausgewählten Prozess umgesetzt und wer verantwortet die Steuerung?
45001-7-3-internal-3;45001-7-3;ISO 45001;ISO 45001:2018 + Amd 1:2024;7.3;7;medium;internal;Awareness;Povědomí;Bewusstsein;Show a recent sample and explain how effectiveness, deviations and follow-up are evaluated.;Ukažte aktuální vzorek a vysvětlete, jak se hodnotí účinnost, odchylky a následná opatření.;Eine aktuelle Stichprobe zeigen und erläutern, wie Wirksamkeit, Abweichungen und Folgemaßnahmen bewertet werden.
45001-7-3-customer-1;45001-7-3;ISO 45001;ISO 45001:2018 + Amd 1:2024;7.3;7;medium;customer;Awareness;Povědomí;Bewusstsein;How does clause 7.3 protect customer, contractual or stakeholder expectations in this process?;Jak článek 7.3 chrání očekávání zákazníka, smluvní nebo jiné relevantní požadavky v tomto procesu?;Wie schützt Abschnitt 7.3 Kunden-, Vertrags- oder relevante Stakeholderanforderungen in diesem Prozess?
45001-7-3-customer-2;45001-7-3;ISO 45001;ISO 45001:2018 + Amd 1:2024;7.3;7;medium;customer;Awareness;Povědomí;Bewusstsein;Ask a person at the point of work to explain the key requirement, risk and escalation route.;Požádejte pracovníka na pracovišti, aby vysvětlil klíčový požadavek, riziko a způsob eskalace.;Eine Person am Arbeitsplatz bitten, Kernanforderung, Risiko und Eskalationsweg zu erklären.
45001-7-3-customer-3;45001-7-3;ISO 45001;ISO 45001:2018 + Amd 1:2024;7.3;7;medium;customer;Awareness;Povědomí;Bewusstsein;Show one recent customer/project example and trace the requirement to objective evidence and escalation.;Ukažte jeden aktuální zákaznický/projektový příklad a sledujte požadavek k objektivnímu důkazu a eskalaci.;Ein aktuelles Kunden-/Projektbeispiel zeigen und die Anforderung bis zu objektivem Nachweis und Eskalation verfolgen.
45001-7-3-certification-1;45001-7-3;ISO 45001;ISO 45001:2018 + Amd 1:2024;7.3;7;medium;certification;Awareness;Povědomí;Bewusstsein;Which objective evidence demonstrates conformity and effective implementation of clause 7.3?;Který objektivní důkaz prokazuje shodu a účinné zavedení článku 7.3?;Welche objektiven Nachweise belegen Konformität und wirksame Umsetzung von Abschnitt 7.3?
45001-7-3-certification-2;45001-7-3;ISO 45001;ISO 45001:2018 + Amd 1:2024;7.3;7;medium;certification;Awareness;Povědomí;Bewusstsein;Ask a person at the point of work to explain the key requirement, risk and escalation route.;Požádejte pracovníka na pracovišti, aby vysvětlil klíčový požadavek, riziko a způsob eskalace.;Eine Person am Arbeitsplatz bitten, Kernanforderung, Risiko und Eskalationsweg zu erklären.
45001-7-3-certification-3;45001-7-3;ISO 45001;ISO 45001:2018 + Amd 1:2024;7.3;7;medium;certification;Awareness;Povědomí;Bewusstsein;How does this control interact with related clauses, and how are gaps classified and corrected?;Jak toto řízení souvisí s navazujícími články a jak se klasifikují a řeší mezery?;Wie wirkt diese Steuerung mit verwandten Abschnitten zusammen und wie werden Lücken klassifiziert und behoben?
45001-7-4-1-internal-1;45001-7-4-1;ISO 45001;ISO 45001:2018 + Amd 1:2024;7.4.1;7;medium;internal;Communication — general;Komunikace — obecně;Kommunikation — Allgemeines;Trace one important message from decision through communication to confirmed understanding or response.;Sledujte jedno důležité sdělení od rozhodnutí přes komunikaci až po potvrzené porozumění nebo reakci.;Eine wichtige Mitteilung von der Entscheidung über Kommunikation bis zum bestätigten Verständnis bzw. zur Reaktion verfolgen.
45001-7-4-1-internal-2;45001-7-4-1;ISO 45001;ISO 45001:2018 + Amd 1:2024;7.4.1;7;medium;internal;Communication — general;Komunikace — obecně;Kommunikation — Allgemeines;How is communication — general implemented in the selected process, and who owns the control?;Jak je v hodnoceném procesu zavedeno téma „Komunikace — obecně“ a kdo vlastní příslušné řízení?;Wie ist „Kommunikation — Allgemeines“ im ausgewählten Prozess umgesetzt und wer verantwortet die Steuerung?
45001-7-4-1-internal-3;45001-7-4-1;ISO 45001;ISO 45001:2018 + Amd 1:2024;7.4.1;7;medium;internal;Communication — general;Komunikace — obecně;Kommunikation — Allgemeines;Show a recent sample and explain how effectiveness, deviations and follow-up are evaluated.;Ukažte aktuální vzorek a vysvětlete, jak se hodnotí účinnost, odchylky a následná opatření.;Eine aktuelle Stichprobe zeigen und erläutern, wie Wirksamkeit, Abweichungen und Folgemaßnahmen bewertet werden.
45001-7-4-1-customer-1;45001-7-4-1;ISO 45001;ISO 45001:2018 + Amd 1:2024;7.4.1;7;medium;customer;Communication — general;Komunikace — obecně;Kommunikation — Allgemeines;How does clause 7.4.1 protect customer, contractual or stakeholder expectations in this process?;Jak článek 7.4.1 chrání očekávání zákazníka, smluvní nebo jiné relevantní požadavky v tomto procesu?;Wie schützt Abschnitt 7.4.1 Kunden-, Vertrags- oder relevante Stakeholderanforderungen in diesem Prozess?
45001-7-4-1-customer-2;45001-7-4-1;ISO 45001;ISO 45001:2018 + Amd 1:2024;7.4.1;7;medium;customer;Communication — general;Komunikace — obecně;Kommunikation — Allgemeines;Trace one important message from decision through communication to confirmed understanding or response.;Sledujte jedno důležité sdělení od rozhodnutí přes komunikaci až po potvrzené porozumění nebo reakci.;Eine wichtige Mitteilung von der Entscheidung über Kommunikation bis zum bestätigten Verständnis bzw. zur Reaktion verfolgen.
45001-7-4-1-customer-3;45001-7-4-1;ISO 45001;ISO 45001:2018 + Amd 1:2024;7.4.1;7;medium;customer;Communication — general;Komunikace — obecně;Kommunikation — Allgemeines;Show one recent customer/project example and trace the requirement to objective evidence and escalation.;Ukažte jeden aktuální zákaznický/projektový příklad a sledujte požadavek k objektivnímu důkazu a eskalaci.;Ein aktuelles Kunden-/Projektbeispiel zeigen und die Anforderung bis zu objektivem Nachweis und Eskalation verfolgen.
45001-7-4-1-certification-1;45001-7-4-1;ISO 45001;ISO 45001:2018 + Amd 1:2024;7.4.1;7;medium;certification;Communication — general;Komunikace — obecně;Kommunikation — Allgemeines;Which objective evidence demonstrates conformity and effective implementation of clause 7.4.1?;Který objektivní důkaz prokazuje shodu a účinné zavedení článku 7.4.1?;Welche objektiven Nachweise belegen Konformität und wirksame Umsetzung von Abschnitt 7.4.1?
45001-7-4-1-certification-2;45001-7-4-1;ISO 45001;ISO 45001:2018 + Amd 1:2024;7.4.1;7;medium;certification;Communication — general;Komunikace — obecně;Kommunikation — Allgemeines;Trace one important message from decision through communication to confirmed understanding or response.;Sledujte jedno důležité sdělení od rozhodnutí přes komunikaci až po potvrzené porozumění nebo reakci.;Eine wichtige Mitteilung von der Entscheidung über Kommunikation bis zum bestätigten Verständnis bzw. zur Reaktion verfolgen.
45001-7-4-1-certification-3;45001-7-4-1;ISO 45001;ISO 45001:2018 + Amd 1:2024;7.4.1;7;medium;certification;Communication — general;Komunikace — obecně;Kommunikation — Allgemeines;How does this control interact with related clauses, and how are gaps classified and corrected?;Jak toto řízení souvisí s navazujícími články a jak se klasifikují a řeší mezery?;Wie wirkt diese Steuerung mit verwandten Abschnitten zusammen und wie werden Lücken klassifiziert und behoben?
45001-7-4-2-internal-1;45001-7-4-2;ISO 45001;ISO 45001:2018 + Amd 1:2024;7.4.2;7;medium;internal;Internal communication;Interní komunikace;Interne Kommunikation;How was the latest relevant change communicated across shifts, sites or functions?;Jak byla poslední relevantní změna komunikována napříč směnami, lokalitami nebo funkcemi?;Wie wurde die letzte relevante Änderung über Schichten, Standorte oder Funktionen kommuniziert?
45001-7-4-2-internal-2;45001-7-4-2;ISO 45001;ISO 45001:2018 + Amd 1:2024;7.4.2;7;medium;internal;Internal communication;Interní komunikace;Interne Kommunikation;How is internal communication implemented in the selected process, and who owns the control?;Jak je v hodnoceném procesu zavedeno téma „Interní komunikace“ a kdo vlastní příslušné řízení?;Wie ist „Interne Kommunikation“ im ausgewählten Prozess umgesetzt und wer verantwortet die Steuerung?
45001-7-4-2-internal-3;45001-7-4-2;ISO 45001;ISO 45001:2018 + Amd 1:2024;7.4.2;7;medium;internal;Internal communication;Interní komunikace;Interne Kommunikation;Show a recent sample and explain how effectiveness, deviations and follow-up are evaluated.;Ukažte aktuální vzorek a vysvětlete, jak se hodnotí účinnost, odchylky a následná opatření.;Eine aktuelle Stichprobe zeigen und erläutern, wie Wirksamkeit, Abweichungen und Folgemaßnahmen bewertet werden.
45001-7-4-2-customer-1;45001-7-4-2;ISO 45001;ISO 45001:2018 + Amd 1:2024;7.4.2;7;medium;customer;Internal communication;Interní komunikace;Interne Kommunikation;How does clause 7.4.2 protect customer, contractual or stakeholder expectations in this process?;Jak článek 7.4.2 chrání očekávání zákazníka, smluvní nebo jiné relevantní požadavky v tomto procesu?;Wie schützt Abschnitt 7.4.2 Kunden-, Vertrags- oder relevante Stakeholderanforderungen in diesem Prozess?
45001-7-4-2-customer-2;45001-7-4-2;ISO 45001;ISO 45001:2018 + Amd 1:2024;7.4.2;7;medium;customer;Internal communication;Interní komunikace;Interne Kommunikation;How was the latest relevant change communicated across shifts, sites or functions?;Jak byla poslední relevantní změna komunikována napříč směnami, lokalitami nebo funkcemi?;Wie wurde die letzte relevante Änderung über Schichten, Standorte oder Funktionen kommuniziert?
45001-7-4-2-customer-3;45001-7-4-2;ISO 45001;ISO 45001:2018 + Amd 1:2024;7.4.2;7;medium;customer;Internal communication;Interní komunikace;Interne Kommunikation;Show one recent customer/project example and trace the requirement to objective evidence and escalation.;Ukažte jeden aktuální zákaznický/projektový příklad a sledujte požadavek k objektivnímu důkazu a eskalaci.;Ein aktuelles Kunden-/Projektbeispiel zeigen und die Anforderung bis zu objektivem Nachweis und Eskalation verfolgen.
45001-7-4-2-certification-1;45001-7-4-2;ISO 45001;ISO 45001:2018 + Amd 1:2024;7.4.2;7;medium;certification;Internal communication;Interní komunikace;Interne Kommunikation;Which objective evidence demonstrates conformity and effective implementation of clause 7.4.2?;Který objektivní důkaz prokazuje shodu a účinné zavedení článku 7.4.2?;Welche objektiven Nachweise belegen Konformität und wirksame Umsetzung von Abschnitt 7.4.2?
45001-7-4-2-certification-2;45001-7-4-2;ISO 45001;ISO 45001:2018 + Amd 1:2024;7.4.2;7;medium;certification;Internal communication;Interní komunikace;Interne Kommunikation;How was the latest relevant change communicated across shifts, sites or functions?;Jak byla poslední relevantní změna komunikována napříč směnami, lokalitami nebo funkcemi?;Wie wurde die letzte relevante Änderung über Schichten, Standorte oder Funktionen kommuniziert?
45001-7-4-2-certification-3;45001-7-4-2;ISO 45001;ISO 45001:2018 + Amd 1:2024;7.4.2;7;medium;certification;Internal communication;Interní komunikace;Interne Kommunikation;How does this control interact with related clauses, and how are gaps classified and corrected?;Jak toto řízení souvisí s navazujícími články a jak se klasifikují a řeší mezery?;Wie wirkt diese Steuerung mit verwandten Abschnitten zusammen und wie werden Lücken klassifiziert und behoben?
45001-7-4-3-internal-1;45001-7-4-3;ISO 45001;ISO 45001:2018 + Amd 1:2024;7.4.3;7;medium;internal;External communication;Externí komunikace;Externe Kommunikation;Who approves external claims and how is their factual accuracy verified?;Kdo schvaluje externí tvrzení a jak se ověřuje jejich faktická správnost?;Wer genehmigt externe Aussagen und wie wird deren sachliche Richtigkeit geprüft?
45001-7-4-3-internal-2;45001-7-4-3;ISO 45001;ISO 45001:2018 + Amd 1:2024;7.4.3;7;medium;internal;External communication;Externí komunikace;Externe Kommunikation;How is external communication implemented in the selected process, and who owns the control?;Jak je v hodnoceném procesu zavedeno téma „Externí komunikace“ a kdo vlastní příslušné řízení?;Wie ist „Externe Kommunikation“ im ausgewählten Prozess umgesetzt und wer verantwortet die Steuerung?
45001-7-4-3-internal-3;45001-7-4-3;ISO 45001;ISO 45001:2018 + Amd 1:2024;7.4.3;7;medium;internal;External communication;Externí komunikace;Externe Kommunikation;Show a recent sample and explain how effectiveness, deviations and follow-up are evaluated.;Ukažte aktuální vzorek a vysvětlete, jak se hodnotí účinnost, odchylky a následná opatření.;Eine aktuelle Stichprobe zeigen und erläutern, wie Wirksamkeit, Abweichungen und Folgemaßnahmen bewertet werden.
45001-7-4-3-customer-1;45001-7-4-3;ISO 45001;ISO 45001:2018 + Amd 1:2024;7.4.3;7;medium;customer;External communication;Externí komunikace;Externe Kommunikation;How does clause 7.4.3 protect customer, contractual or stakeholder expectations in this process?;Jak článek 7.4.3 chrání očekávání zákazníka, smluvní nebo jiné relevantní požadavky v tomto procesu?;Wie schützt Abschnitt 7.4.3 Kunden-, Vertrags- oder relevante Stakeholderanforderungen in diesem Prozess?
45001-7-4-3-customer-2;45001-7-4-3;ISO 45001;ISO 45001:2018 + Amd 1:2024;7.4.3;7;medium;customer;External communication;Externí komunikace;Externe Kommunikation;Who approves external claims and how is their factual accuracy verified?;Kdo schvaluje externí tvrzení a jak se ověřuje jejich faktická správnost?;Wer genehmigt externe Aussagen und wie wird deren sachliche Richtigkeit geprüft?
45001-7-4-3-customer-3;45001-7-4-3;ISO 45001;ISO 45001:2018 + Amd 1:2024;7.4.3;7;medium;customer;External communication;Externí komunikace;Externe Kommunikation;Show one recent customer/project example and trace the requirement to objective evidence and escalation.;Ukažte jeden aktuální zákaznický/projektový příklad a sledujte požadavek k objektivnímu důkazu a eskalaci.;Ein aktuelles Kunden-/Projektbeispiel zeigen und die Anforderung bis zu objektivem Nachweis und Eskalation verfolgen.
45001-7-4-3-certification-1;45001-7-4-3;ISO 45001;ISO 45001:2018 + Amd 1:2024;7.4.3;7;medium;certification;External communication;Externí komunikace;Externe Kommunikation;Which objective evidence demonstrates conformity and effective implementation of clause 7.4.3?;Který objektivní důkaz prokazuje shodu a účinné zavedení článku 7.4.3?;Welche objektiven Nachweise belegen Konformität und wirksame Umsetzung von Abschnitt 7.4.3?
45001-7-4-3-certification-2;45001-7-4-3;ISO 45001;ISO 45001:2018 + Amd 1:2024;7.4.3;7;medium;certification;External communication;Externí komunikace;Externe Kommunikation;Who approves external claims and how is their factual accuracy verified?;Kdo schvaluje externí tvrzení a jak se ověřuje jejich faktická správnost?;Wer genehmigt externe Aussagen und wie wird deren sachliche Richtigkeit geprüft?
45001-7-4-3-certification-3;45001-7-4-3;ISO 45001;ISO 45001:2018 + Amd 1:2024;7.4.3;7;medium;certification;External communication;Externí komunikace;Externe Kommunikation;How does this control interact with related clauses, and how are gaps classified and corrected?;Jak toto řízení souvisí s navazujícími články a jak se klasifikují a řeší mezery?;Wie wirkt diese Steuerung mit verwandten Abschnitten zusammen und wie werden Lücken klassifiziert und behoben?
45001-7-5-1-internal-1;45001-7-5-1;ISO 45001;ISO 45001:2018 + Amd 1:2024;7.5.1;7;medium;internal;Documented information — general;Dokumentované informace — obecně;Dokumentierte Information — Allgemeines;Which documented information is essential to prevent inconsistent or unsafe performance?;Které dokumentované informace jsou nezbytné k zabránění nekonzistentnímu nebo nebezpečnému výkonu?;Welche dokumentierte Information ist wesentlich, um inkonsistente oder unsichere Leistung zu verhindern?
45001-7-5-1-internal-2;45001-7-5-1;ISO 45001;ISO 45001:2018 + Amd 1:2024;7.5.1;7;medium;internal;Documented information — general;Dokumentované informace — obecně;Dokumentierte Information — Allgemeines;How is documented information — general implemented in the selected process, and who owns the control?;Jak je v hodnoceném procesu zavedeno téma „Dokumentované informace — obecně“ a kdo vlastní příslušné řízení?;Wie ist „Dokumentierte Information — Allgemeines“ im ausgewählten Prozess umgesetzt und wer verantwortet die Steuerung?
45001-7-5-1-internal-3;45001-7-5-1;ISO 45001;ISO 45001:2018 + Amd 1:2024;7.5.1;7;medium;internal;Documented information — general;Dokumentované informace — obecně;Dokumentierte Information — Allgemeines;Show a recent sample and explain how effectiveness, deviations and follow-up are evaluated.;Ukažte aktuální vzorek a vysvětlete, jak se hodnotí účinnost, odchylky a následná opatření.;Eine aktuelle Stichprobe zeigen und erläutern, wie Wirksamkeit, Abweichungen und Folgemaßnahmen bewertet werden.
45001-7-5-1-customer-1;45001-7-5-1;ISO 45001;ISO 45001:2018 + Amd 1:2024;7.5.1;7;medium;customer;Documented information — general;Dokumentované informace — obecně;Dokumentierte Information — Allgemeines;How does clause 7.5.1 protect customer, contractual or stakeholder expectations in this process?;Jak článek 7.5.1 chrání očekávání zákazníka, smluvní nebo jiné relevantní požadavky v tomto procesu?;Wie schützt Abschnitt 7.5.1 Kunden-, Vertrags- oder relevante Stakeholderanforderungen in diesem Prozess?
45001-7-5-1-customer-2;45001-7-5-1;ISO 45001;ISO 45001:2018 + Amd 1:2024;7.5.1;7;medium;customer;Documented information — general;Dokumentované informace — obecně;Dokumentierte Information — Allgemeines;Which documented information is essential to prevent inconsistent or unsafe performance?;Které dokumentované informace jsou nezbytné k zabránění nekonzistentnímu nebo nebezpečnému výkonu?;Welche dokumentierte Information ist wesentlich, um inkonsistente oder unsichere Leistung zu verhindern?
45001-7-5-1-customer-3;45001-7-5-1;ISO 45001;ISO 45001:2018 + Amd 1:2024;7.5.1;7;medium;customer;Documented information — general;Dokumentované informace — obecně;Dokumentierte Information — Allgemeines;Show one recent customer/project example and trace the requirement to objective evidence and escalation.;Ukažte jeden aktuální zákaznický/projektový příklad a sledujte požadavek k objektivnímu důkazu a eskalaci.;Ein aktuelles Kunden-/Projektbeispiel zeigen und die Anforderung bis zu objektivem Nachweis und Eskalation verfolgen.
45001-7-5-1-certification-1;45001-7-5-1;ISO 45001;ISO 45001:2018 + Amd 1:2024;7.5.1;7;medium;certification;Documented information — general;Dokumentované informace — obecně;Dokumentierte Information — Allgemeines;Which objective evidence demonstrates conformity and effective implementation of clause 7.5.1?;Který objektivní důkaz prokazuje shodu a účinné zavedení článku 7.5.1?;Welche objektiven Nachweise belegen Konformität und wirksame Umsetzung von Abschnitt 7.5.1?
45001-7-5-1-certification-2;45001-7-5-1;ISO 45001;ISO 45001:2018 + Amd 1:2024;7.5.1;7;medium;certification;Documented information — general;Dokumentované informace — obecně;Dokumentierte Information — Allgemeines;Which documented information is essential to prevent inconsistent or unsafe performance?;Které dokumentované informace jsou nezbytné k zabránění nekonzistentnímu nebo nebezpečnému výkonu?;Welche dokumentierte Information ist wesentlich, um inkonsistente oder unsichere Leistung zu verhindern?
45001-7-5-1-certification-3;45001-7-5-1;ISO 45001;ISO 45001:2018 + Amd 1:2024;7.5.1;7;medium;certification;Documented information — general;Dokumentované informace — obecně;Dokumentierte Information — Allgemeines;How does this control interact with related clauses, and how are gaps classified and corrected?;Jak toto řízení souvisí s navazujícími články a jak se klasifikují a řeší mezery?;Wie wirkt diese Steuerung mit verwandten Abschnitten zusammen und wie werden Lücken klassifiziert und behoben?
45001-7-5-2-internal-1;45001-7-5-2;ISO 45001;ISO 45001:2018 + Amd 1:2024;7.5.2;7;medium;internal;Creating and updating documented information;Vytváření a aktualizace dokumentovaných informací;Erstellen und Aktualisieren dokumentierter Information;Select one recently revised document and verify need, review, approval, communication and effective date.;Vyberte nedávno revidovaný dokument a ověřte potřebu, přezkum, schválení, komunikaci a datum účinnosti.;Ein kürzlich revidiertes Dokument auswählen und Bedarf, Prüfung, Freigabe, Kommunikation und Gültigkeitsdatum verifizieren.
45001-7-5-2-internal-2;45001-7-5-2;ISO 45001;ISO 45001:2018 + Amd 1:2024;7.5.2;7;medium;internal;Creating and updating documented information;Vytváření a aktualizace dokumentovaných informací;Erstellen und Aktualisieren dokumentierter Information;How is creating and updating documented information implemented in the selected process, and who owns the control?;Jak je v hodnoceném procesu zavedeno téma „Vytváření a aktualizace dokumentovaných informací“ a kdo vlastní příslušné řízení?;Wie ist „Erstellen und Aktualisieren dokumentierter Information“ im ausgewählten Prozess umgesetzt und wer verantwortet die Steuerung?
45001-7-5-2-internal-3;45001-7-5-2;ISO 45001;ISO 45001:2018 + Amd 1:2024;7.5.2;7;medium;internal;Creating and updating documented information;Vytváření a aktualizace dokumentovaných informací;Erstellen und Aktualisieren dokumentierter Information;Show a recent sample and explain how effectiveness, deviations and follow-up are evaluated.;Ukažte aktuální vzorek a vysvětlete, jak se hodnotí účinnost, odchylky a následná opatření.;Eine aktuelle Stichprobe zeigen und erläutern, wie Wirksamkeit, Abweichungen und Folgemaßnahmen bewertet werden.
45001-7-5-2-customer-1;45001-7-5-2;ISO 45001;ISO 45001:2018 + Amd 1:2024;7.5.2;7;medium;customer;Creating and updating documented information;Vytváření a aktualizace dokumentovaných informací;Erstellen und Aktualisieren dokumentierter Information;How does clause 7.5.2 protect customer, contractual or stakeholder expectations in this process?;Jak článek 7.5.2 chrání očekávání zákazníka, smluvní nebo jiné relevantní požadavky v tomto procesu?;Wie schützt Abschnitt 7.5.2 Kunden-, Vertrags- oder relevante Stakeholderanforderungen in diesem Prozess?
45001-7-5-2-customer-2;45001-7-5-2;ISO 45001;ISO 45001:2018 + Amd 1:2024;7.5.2;7;medium;customer;Creating and updating documented information;Vytváření a aktualizace dokumentovaných informací;Erstellen und Aktualisieren dokumentierter Information;Select one recently revised document and verify need, review, approval, communication and effective date.;Vyberte nedávno revidovaný dokument a ověřte potřebu, přezkum, schválení, komunikaci a datum účinnosti.;Ein kürzlich revidiertes Dokument auswählen und Bedarf, Prüfung, Freigabe, Kommunikation und Gültigkeitsdatum verifizieren.
45001-7-5-2-customer-3;45001-7-5-2;ISO 45001;ISO 45001:2018 + Amd 1:2024;7.5.2;7;medium;customer;Creating and updating documented information;Vytváření a aktualizace dokumentovaných informací;Erstellen und Aktualisieren dokumentierter Information;Show one recent customer/project example and trace the requirement to objective evidence and escalation.;Ukažte jeden aktuální zákaznický/projektový příklad a sledujte požadavek k objektivnímu důkazu a eskalaci.;Ein aktuelles Kunden-/Projektbeispiel zeigen und die Anforderung bis zu objektivem Nachweis und Eskalation verfolgen.
45001-7-5-2-certification-1;45001-7-5-2;ISO 45001;ISO 45001:2018 + Amd 1:2024;7.5.2;7;medium;certification;Creating and updating documented information;Vytváření a aktualizace dokumentovaných informací;Erstellen und Aktualisieren dokumentierter Information;Which objective evidence demonstrates conformity and effective implementation of clause 7.5.2?;Který objektivní důkaz prokazuje shodu a účinné zavedení článku 7.5.2?;Welche objektiven Nachweise belegen Konformität und wirksame Umsetzung von Abschnitt 7.5.2?
45001-7-5-2-certification-2;45001-7-5-2;ISO 45001;ISO 45001:2018 + Amd 1:2024;7.5.2;7;medium;certification;Creating and updating documented information;Vytváření a aktualizace dokumentovaných informací;Erstellen und Aktualisieren dokumentierter Information;Select one recently revised document and verify need, review, approval, communication and effective date.;Vyberte nedávno revidovaný dokument a ověřte potřebu, přezkum, schválení, komunikaci a datum účinnosti.;Ein kürzlich revidiertes Dokument auswählen und Bedarf, Prüfung, Freigabe, Kommunikation und Gültigkeitsdatum verifizieren.
45001-7-5-2-certification-3;45001-7-5-2;ISO 45001;ISO 45001:2018 + Amd 1:2024;7.5.2;7;medium;certification;Creating and updating documented information;Vytváření a aktualizace dokumentovaných informací;Erstellen und Aktualisieren dokumentierter Information;How does this control interact with related clauses, and how are gaps classified and corrected?;Jak toto řízení souvisí s navazujícími články a jak se klasifikují a řeší mezery?;Wie wirkt diese Steuerung mit verwandten Abschnitten zusammen und wie werden Lücken klassifiziert und behoben?
45001-7-5-3-internal-1;45001-7-5-3;ISO 45001;ISO 45001:2018 + Amd 1:2024;7.5.3;7;high;internal;Control of documented information;Řízení dokumentovaných informací;Lenkung dokumentierter Information;At the point of work, verify that the user can access only the current approved information.;Na pracovišti ověřte, že uživatel má přístup pouze k aktuální schválené informaci.;Am Arbeitsplatz prüfen, dass nur auf aktuelle freigegebene Informationen zugegriffen wird.
45001-7-5-3-internal-2;45001-7-5-3;ISO 45001;ISO 45001:2018 + Amd 1:2024;7.5.3;7;high;internal;Control of documented information;Řízení dokumentovaných informací;Lenkung dokumentierter Information;How is control of documented information implemented in the selected process, and who owns the control?;Jak je v hodnoceném procesu zavedeno téma „Řízení dokumentovaných informací“ a kdo vlastní příslušné řízení?;Wie ist „Lenkung dokumentierter Information“ im ausgewählten Prozess umgesetzt und wer verantwortet die Steuerung?
45001-7-5-3-internal-3;45001-7-5-3;ISO 45001;ISO 45001:2018 + Amd 1:2024;7.5.3;7;high;internal;Control of documented information;Řízení dokumentovaných informací;Lenkung dokumentierter Information;Show a recent sample and explain how effectiveness, deviations and follow-up are evaluated.;Ukažte aktuální vzorek a vysvětlete, jak se hodnotí účinnost, odchylky a následná opatření.;Eine aktuelle Stichprobe zeigen und erläutern, wie Wirksamkeit, Abweichungen und Folgemaßnahmen bewertet werden.
45001-7-5-3-customer-1;45001-7-5-3;ISO 45001;ISO 45001:2018 + Amd 1:2024;7.5.3;7;high;customer;Control of documented information;Řízení dokumentovaných informací;Lenkung dokumentierter Information;How does clause 7.5.3 protect customer, contractual or stakeholder expectations in this process?;Jak článek 7.5.3 chrání očekávání zákazníka, smluvní nebo jiné relevantní požadavky v tomto procesu?;Wie schützt Abschnitt 7.5.3 Kunden-, Vertrags- oder relevante Stakeholderanforderungen in diesem Prozess?
45001-7-5-3-customer-2;45001-7-5-3;ISO 45001;ISO 45001:2018 + Amd 1:2024;7.5.3;7;high;customer;Control of documented information;Řízení dokumentovaných informací;Lenkung dokumentierter Information;At the point of work, verify that the user can access only the current approved information.;Na pracovišti ověřte, že uživatel má přístup pouze k aktuální schválené informaci.;Am Arbeitsplatz prüfen, dass nur auf aktuelle freigegebene Informationen zugegriffen wird.
45001-7-5-3-customer-3;45001-7-5-3;ISO 45001;ISO 45001:2018 + Amd 1:2024;7.5.3;7;high;customer;Control of documented information;Řízení dokumentovaných informací;Lenkung dokumentierter Information;Show one recent customer/project example and trace the requirement to objective evidence and escalation.;Ukažte jeden aktuální zákaznický/projektový příklad a sledujte požadavek k objektivnímu důkazu a eskalaci.;Ein aktuelles Kunden-/Projektbeispiel zeigen und die Anforderung bis zu objektivem Nachweis und Eskalation verfolgen.
45001-7-5-3-certification-1;45001-7-5-3;ISO 45001;ISO 45001:2018 + Amd 1:2024;7.5.3;7;high;certification;Control of documented information;Řízení dokumentovaných informací;Lenkung dokumentierter Information;Which objective evidence demonstrates conformity and effective implementation of clause 7.5.3?;Který objektivní důkaz prokazuje shodu a účinné zavedení článku 7.5.3?;Welche objektiven Nachweise belegen Konformität und wirksame Umsetzung von Abschnitt 7.5.3?
45001-7-5-3-certification-2;45001-7-5-3;ISO 45001;ISO 45001:2018 + Amd 1:2024;7.5.3;7;high;certification;Control of documented information;Řízení dokumentovaných informací;Lenkung dokumentierter Information;At the point of work, verify that the user can access only the current approved information.;Na pracovišti ověřte, že uživatel má přístup pouze k aktuální schválené informaci.;Am Arbeitsplatz prüfen, dass nur auf aktuelle freigegebene Informationen zugegriffen wird.
45001-7-5-3-certification-3;45001-7-5-3;ISO 45001;ISO 45001:2018 + Amd 1:2024;7.5.3;7;high;certification;Control of documented information;Řízení dokumentovaných informací;Lenkung dokumentierter Information;How does this control interact with related clauses, and how are gaps classified and corrected?;Jak toto řízení souvisí s navazujícími články a jak se klasifikují a řeší mezery?;Wie wirkt diese Steuerung mit verwandten Abschnitten zusammen und wie werden Lücken klassifiziert und behoben?
45001-8-1-1-internal-1;45001-8-1-1;ISO 45001;ISO 45001:2018 + Amd 1:2024;8.1.1;8;high;internal;Operational planning and control — general;Plánování a řízení provozu — obecně;Betriebliche Planung und Steuerung — Allgemeines;Observe a high-risk activity and compare actual control with the risk assessment, permit and work instruction.;Pozorujte vysoce rizikovou činnost a porovnejte skutečné řízení s hodnocením rizik, povolením a pracovní instrukcí.;Eine Hochrisikotätigkeit beobachten und tatsächliche Steuerung mit Risikobewertung, Erlaubnisschein und Arbeitsanweisung vergleichen.
45001-8-1-1-internal-2;45001-8-1-1;ISO 45001;ISO 45001:2018 + Amd 1:2024;8.1.1;8;high;internal;Operational planning and control — general;Plánování a řízení provozu — obecně;Betriebliche Planung und Steuerung — Allgemeines;How is operational planning and control — general implemented in the selected process, and who owns the control?;Jak je v hodnoceném procesu zavedeno téma „Plánování a řízení provozu — obecně“ a kdo vlastní příslušné řízení?;Wie ist „Betriebliche Planung und Steuerung — Allgemeines“ im ausgewählten Prozess umgesetzt und wer verantwortet die Steuerung?
45001-8-1-1-internal-3;45001-8-1-1;ISO 45001;ISO 45001:2018 + Amd 1:2024;8.1.1;8;high;internal;Operational planning and control — general;Plánování a řízení provozu — obecně;Betriebliche Planung und Steuerung — Allgemeines;Show a recent sample and explain how effectiveness, deviations and follow-up are evaluated.;Ukažte aktuální vzorek a vysvětlete, jak se hodnotí účinnost, odchylky a následná opatření.;Eine aktuelle Stichprobe zeigen und erläutern, wie Wirksamkeit, Abweichungen und Folgemaßnahmen bewertet werden.
45001-8-1-1-customer-1;45001-8-1-1;ISO 45001;ISO 45001:2018 + Amd 1:2024;8.1.1;8;high;customer;Operational planning and control — general;Plánování a řízení provozu — obecně;Betriebliche Planung und Steuerung — Allgemeines;How does clause 8.1.1 protect customer, contractual or stakeholder expectations in this process?;Jak článek 8.1.1 chrání očekávání zákazníka, smluvní nebo jiné relevantní požadavky v tomto procesu?;Wie schützt Abschnitt 8.1.1 Kunden-, Vertrags- oder relevante Stakeholderanforderungen in diesem Prozess?
45001-8-1-1-customer-2;45001-8-1-1;ISO 45001;ISO 45001:2018 + Amd 1:2024;8.1.1;8;high;customer;Operational planning and control — general;Plánování a řízení provozu — obecně;Betriebliche Planung und Steuerung — Allgemeines;Observe a high-risk activity and compare actual control with the risk assessment, permit and work instruction.;Pozorujte vysoce rizikovou činnost a porovnejte skutečné řízení s hodnocením rizik, povolením a pracovní instrukcí.;Eine Hochrisikotätigkeit beobachten und tatsächliche Steuerung mit Risikobewertung, Erlaubnisschein und Arbeitsanweisung vergleichen.
45001-8-1-1-customer-3;45001-8-1-1;ISO 45001;ISO 45001:2018 + Amd 1:2024;8.1.1;8;high;customer;Operational planning and control — general;Plánování a řízení provozu — obecně;Betriebliche Planung und Steuerung — Allgemeines;Show one recent customer/project example and trace the requirement to objective evidence and escalation.;Ukažte jeden aktuální zákaznický/projektový příklad a sledujte požadavek k objektivnímu důkazu a eskalaci.;Ein aktuelles Kunden-/Projektbeispiel zeigen und die Anforderung bis zu objektivem Nachweis und Eskalation verfolgen.
45001-8-1-1-certification-1;45001-8-1-1;ISO 45001;ISO 45001:2018 + Amd 1:2024;8.1.1;8;high;certification;Operational planning and control — general;Plánování a řízení provozu — obecně;Betriebliche Planung und Steuerung — Allgemeines;Which objective evidence demonstrates conformity and effective implementation of clause 8.1.1?;Který objektivní důkaz prokazuje shodu a účinné zavedení článku 8.1.1?;Welche objektiven Nachweise belegen Konformität und wirksame Umsetzung von Abschnitt 8.1.1?
45001-8-1-1-certification-2;45001-8-1-1;ISO 45001;ISO 45001:2018 + Amd 1:2024;8.1.1;8;high;certification;Operational planning and control — general;Plánování a řízení provozu — obecně;Betriebliche Planung und Steuerung — Allgemeines;Observe a high-risk activity and compare actual control with the risk assessment, permit and work instruction.;Pozorujte vysoce rizikovou činnost a porovnejte skutečné řízení s hodnocením rizik, povolením a pracovní instrukcí.;Eine Hochrisikotätigkeit beobachten und tatsächliche Steuerung mit Risikobewertung, Erlaubnisschein und Arbeitsanweisung vergleichen.
45001-8-1-1-certification-3;45001-8-1-1;ISO 45001;ISO 45001:2018 + Amd 1:2024;8.1.1;8;high;certification;Operational planning and control — general;Plánování a řízení provozu — obecně;Betriebliche Planung und Steuerung — Allgemeines;How does this control interact with related clauses, and how are gaps classified and corrected?;Jak toto řízení souvisí s navazujícími články a jak se klasifikují a řeší mezery?;Wie wirkt diese Steuerung mit verwandten Abschnitten zusammen und wie werden Lücken klassifiziert und behoben?
45001-8-1-2-internal-1;45001-8-1-2;ISO 45001;ISO 45001:2018 + Amd 1:2024;8.1.2;8;high;internal;Eliminating hazards and reducing OH&S risks;Odstraňování nebezpečí a snižování rizik BOZP;Beseitigung von Gefährdungen und Verringerung von SGA-Risiken;For a severe hazard currently controlled by PPE, show the documented evaluation of elimination, substitution and engineering options.;U závažného nebezpečí nyní řízeného OOPP ukažte zdokumentované posouzení odstranění, náhrady a technických možností.;Für eine schwere Gefährdung, die derzeit mit PSA kontrolliert wird, die dokumentierte Bewertung von Beseitigung, Substitution und technischen Optionen zeigen.
45001-8-1-2-internal-2;45001-8-1-2;ISO 45001;ISO 45001:2018 + Amd 1:2024;8.1.2;8;high;internal;Eliminating hazards and reducing OH&S risks;Odstraňování nebezpečí a snižování rizik BOZP;Beseitigung von Gefährdungen und Verringerung von SGA-Risiken;How is eliminating hazards and reducing oh&s risks implemented in the selected process, and who owns the control?;Jak je v hodnoceném procesu zavedeno téma „Odstraňování nebezpečí a snižování rizik BOZP“ a kdo vlastní příslušné řízení?;Wie ist „Beseitigung von Gefährdungen und Verringerung von SGA-Risiken“ im ausgewählten Prozess umgesetzt und wer verantwortet die Steuerung?
45001-8-1-2-internal-3;45001-8-1-2;ISO 45001;ISO 45001:2018 + Amd 1:2024;8.1.2;8;high;internal;Eliminating hazards and reducing OH&S risks;Odstraňování nebezpečí a snižování rizik BOZP;Beseitigung von Gefährdungen und Verringerung von SGA-Risiken;Show a recent sample and explain how effectiveness, deviations and follow-up are evaluated.;Ukažte aktuální vzorek a vysvětlete, jak se hodnotí účinnost, odchylky a následná opatření.;Eine aktuelle Stichprobe zeigen und erläutern, wie Wirksamkeit, Abweichungen und Folgemaßnahmen bewertet werden.
45001-8-1-2-customer-1;45001-8-1-2;ISO 45001;ISO 45001:2018 + Amd 1:2024;8.1.2;8;high;customer;Eliminating hazards and reducing OH&S risks;Odstraňování nebezpečí a snižování rizik BOZP;Beseitigung von Gefährdungen und Verringerung von SGA-Risiken;How does clause 8.1.2 protect customer, contractual or stakeholder expectations in this process?;Jak článek 8.1.2 chrání očekávání zákazníka, smluvní nebo jiné relevantní požadavky v tomto procesu?;Wie schützt Abschnitt 8.1.2 Kunden-, Vertrags- oder relevante Stakeholderanforderungen in diesem Prozess?
45001-8-1-2-customer-2;45001-8-1-2;ISO 45001;ISO 45001:2018 + Amd 1:2024;8.1.2;8;high;customer;Eliminating hazards and reducing OH&S risks;Odstraňování nebezpečí a snižování rizik BOZP;Beseitigung von Gefährdungen und Verringerung von SGA-Risiken;For a severe hazard currently controlled by PPE, show the documented evaluation of elimination, substitution and engineering options.;U závažného nebezpečí nyní řízeného OOPP ukažte zdokumentované posouzení odstranění, náhrady a technických možností.;Für eine schwere Gefährdung, die derzeit mit PSA kontrolliert wird, die dokumentierte Bewertung von Beseitigung, Substitution und technischen Optionen zeigen.
45001-8-1-2-customer-3;45001-8-1-2;ISO 45001;ISO 45001:2018 + Amd 1:2024;8.1.2;8;high;customer;Eliminating hazards and reducing OH&S risks;Odstraňování nebezpečí a snižování rizik BOZP;Beseitigung von Gefährdungen und Verringerung von SGA-Risiken;Show one recent customer/project example and trace the requirement to objective evidence and escalation.;Ukažte jeden aktuální zákaznický/projektový příklad a sledujte požadavek k objektivnímu důkazu a eskalaci.;Ein aktuelles Kunden-/Projektbeispiel zeigen und die Anforderung bis zu objektivem Nachweis und Eskalation verfolgen.
45001-8-1-2-certification-1;45001-8-1-2;ISO 45001;ISO 45001:2018 + Amd 1:2024;8.1.2;8;high;certification;Eliminating hazards and reducing OH&S risks;Odstraňování nebezpečí a snižování rizik BOZP;Beseitigung von Gefährdungen und Verringerung von SGA-Risiken;Which objective evidence demonstrates conformity and effective implementation of clause 8.1.2?;Který objektivní důkaz prokazuje shodu a účinné zavedení článku 8.1.2?;Welche objektiven Nachweise belegen Konformität und wirksame Umsetzung von Abschnitt 8.1.2?
45001-8-1-2-certification-2;45001-8-1-2;ISO 45001;ISO 45001:2018 + Amd 1:2024;8.1.2;8;high;certification;Eliminating hazards and reducing OH&S risks;Odstraňování nebezpečí a snižování rizik BOZP;Beseitigung von Gefährdungen und Verringerung von SGA-Risiken;For a severe hazard currently controlled by PPE, show the documented evaluation of elimination, substitution and engineering options.;U závažného nebezpečí nyní řízeného OOPP ukažte zdokumentované posouzení odstranění, náhrady a technických možností.;Für eine schwere Gefährdung, die derzeit mit PSA kontrolliert wird, die dokumentierte Bewertung von Beseitigung, Substitution und technischen Optionen zeigen.
45001-8-1-2-certification-3;45001-8-1-2;ISO 45001;ISO 45001:2018 + Amd 1:2024;8.1.2;8;high;certification;Eliminating hazards and reducing OH&S risks;Odstraňování nebezpečí a snižování rizik BOZP;Beseitigung von Gefährdungen und Verringerung von SGA-Risiken;How does this control interact with related clauses, and how are gaps classified and corrected?;Jak toto řízení souvisí s navazujícími články a jak se klasifikují a řeší mezery?;Wie wirkt diese Steuerung mit verwandten Abschnitten zusammen und wie werden Lücken klassifiziert und behoben?
45001-8-1-3-internal-1;45001-8-1-3;ISO 45001;ISO 45001:2018 + Amd 1:2024;8.1.3;8;high;internal;Management of change;Řízení změn;Änderungsmanagement;Show a pre-start safety review for a recent equipment, process or organizational change.;Ukažte předstartovní bezpečnostní přezkum nedávné změny zařízení, procesu nebo organizace.;Eine Sicherheitsprüfung vor Inbetriebnahme für eine aktuelle Anlagen-, Prozess- oder Organisationsänderung zeigen.
45001-8-1-3-internal-2;45001-8-1-3;ISO 45001;ISO 45001:2018 + Amd 1:2024;8.1.3;8;high;internal;Management of change;Řízení změn;Änderungsmanagement;How is management of change implemented in the selected process, and who owns the control?;Jak je v hodnoceném procesu zavedeno téma „Řízení změn“ a kdo vlastní příslušné řízení?;Wie ist „Änderungsmanagement“ im ausgewählten Prozess umgesetzt und wer verantwortet die Steuerung?
45001-8-1-3-internal-3;45001-8-1-3;ISO 45001;ISO 45001:2018 + Amd 1:2024;8.1.3;8;high;internal;Management of change;Řízení změn;Änderungsmanagement;Show a recent sample and explain how effectiveness, deviations and follow-up are evaluated.;Ukažte aktuální vzorek a vysvětlete, jak se hodnotí účinnost, odchylky a následná opatření.;Eine aktuelle Stichprobe zeigen und erläutern, wie Wirksamkeit, Abweichungen und Folgemaßnahmen bewertet werden.
45001-8-1-3-customer-1;45001-8-1-3;ISO 45001;ISO 45001:2018 + Amd 1:2024;8.1.3;8;high;customer;Management of change;Řízení změn;Änderungsmanagement;How does clause 8.1.3 protect customer, contractual or stakeholder expectations in this process?;Jak článek 8.1.3 chrání očekávání zákazníka, smluvní nebo jiné relevantní požadavky v tomto procesu?;Wie schützt Abschnitt 8.1.3 Kunden-, Vertrags- oder relevante Stakeholderanforderungen in diesem Prozess?
45001-8-1-3-customer-2;45001-8-1-3;ISO 45001;ISO 45001:2018 + Amd 1:2024;8.1.3;8;high;customer;Management of change;Řízení změn;Änderungsmanagement;Show a pre-start safety review for a recent equipment, process or organizational change.;Ukažte předstartovní bezpečnostní přezkum nedávné změny zařízení, procesu nebo organizace.;Eine Sicherheitsprüfung vor Inbetriebnahme für eine aktuelle Anlagen-, Prozess- oder Organisationsänderung zeigen.
45001-8-1-3-customer-3;45001-8-1-3;ISO 45001;ISO 45001:2018 + Amd 1:2024;8.1.3;8;high;customer;Management of change;Řízení změn;Änderungsmanagement;Show one recent customer/project example and trace the requirement to objective evidence and escalation.;Ukažte jeden aktuální zákaznický/projektový příklad a sledujte požadavek k objektivnímu důkazu a eskalaci.;Ein aktuelles Kunden-/Projektbeispiel zeigen und die Anforderung bis zu objektivem Nachweis und Eskalation verfolgen.
45001-8-1-3-certification-1;45001-8-1-3;ISO 45001;ISO 45001:2018 + Amd 1:2024;8.1.3;8;high;certification;Management of change;Řízení změn;Änderungsmanagement;Which objective evidence demonstrates conformity and effective implementation of clause 8.1.3?;Který objektivní důkaz prokazuje shodu a účinné zavedení článku 8.1.3?;Welche objektiven Nachweise belegen Konformität und wirksame Umsetzung von Abschnitt 8.1.3?
45001-8-1-3-certification-2;45001-8-1-3;ISO 45001;ISO 45001:2018 + Amd 1:2024;8.1.3;8;high;certification;Management of change;Řízení změn;Änderungsmanagement;Show a pre-start safety review for a recent equipment, process or organizational change.;Ukažte předstartovní bezpečnostní přezkum nedávné změny zařízení, procesu nebo organizace.;Eine Sicherheitsprüfung vor Inbetriebnahme für eine aktuelle Anlagen-, Prozess- oder Organisationsänderung zeigen.
45001-8-1-3-certification-3;45001-8-1-3;ISO 45001;ISO 45001:2018 + Amd 1:2024;8.1.3;8;high;certification;Management of change;Řízení změn;Änderungsmanagement;How does this control interact with related clauses, and how are gaps classified and corrected?;Jak toto řízení souvisí s navazujícími články a jak se klasifikují a řeší mezery?;Wie wirkt diese Steuerung mit verwandten Abschnitten zusammen und wie werden Lücken klassifiziert und behoben?
45001-8-1-4-1-internal-1;45001-8-1-4-1;ISO 45001;ISO 45001:2018 + Amd 1:2024;8.1.4.1;8;high;internal;Procurement — general;Nákup — obecně;Beschaffung — Allgemeines;Select one recent equipment or chemical purchase and verify OH&S requirements from specification through acceptance.;Vyberte nedávný nákup zařízení nebo chemikálie a ověřte požadavky BOZP od specifikace po převzetí.;Eine aktuelle Anlagen- oder Chemikalienbeschaffung auswählen und SGA-Anforderungen von Spezifikation bis Abnahme prüfen.
45001-8-1-4-1-internal-2;45001-8-1-4-1;ISO 45001;ISO 45001:2018 + Amd 1:2024;8.1.4.1;8;high;internal;Procurement — general;Nákup — obecně;Beschaffung — Allgemeines;How is procurement — general implemented in the selected process, and who owns the control?;Jak je v hodnoceném procesu zavedeno téma „Nákup — obecně“ a kdo vlastní příslušné řízení?;Wie ist „Beschaffung — Allgemeines“ im ausgewählten Prozess umgesetzt und wer verantwortet die Steuerung?
45001-8-1-4-1-internal-3;45001-8-1-4-1;ISO 45001;ISO 45001:2018 + Amd 1:2024;8.1.4.1;8;high;internal;Procurement — general;Nákup — obecně;Beschaffung — Allgemeines;Show a recent sample and explain how effectiveness, deviations and follow-up are evaluated.;Ukažte aktuální vzorek a vysvětlete, jak se hodnotí účinnost, odchylky a následná opatření.;Eine aktuelle Stichprobe zeigen und erläutern, wie Wirksamkeit, Abweichungen und Folgemaßnahmen bewertet werden.
45001-8-1-4-1-customer-1;45001-8-1-4-1;ISO 45001;ISO 45001:2018 + Amd 1:2024;8.1.4.1;8;high;customer;Procurement — general;Nákup — obecně;Beschaffung — Allgemeines;How does clause 8.1.4.1 protect customer, contractual or stakeholder expectations in this process?;Jak článek 8.1.4.1 chrání očekávání zákazníka, smluvní nebo jiné relevantní požadavky v tomto procesu?;Wie schützt Abschnitt 8.1.4.1 Kunden-, Vertrags- oder relevante Stakeholderanforderungen in diesem Prozess?
45001-8-1-4-1-customer-2;45001-8-1-4-1;ISO 45001;ISO 45001:2018 + Amd 1:2024;8.1.4.1;8;high;customer;Procurement — general;Nákup — obecně;Beschaffung — Allgemeines;Select one recent equipment or chemical purchase and verify OH&S requirements from specification through acceptance.;Vyberte nedávný nákup zařízení nebo chemikálie a ověřte požadavky BOZP od specifikace po převzetí.;Eine aktuelle Anlagen- oder Chemikalienbeschaffung auswählen und SGA-Anforderungen von Spezifikation bis Abnahme prüfen.
45001-8-1-4-1-customer-3;45001-8-1-4-1;ISO 45001;ISO 45001:2018 + Amd 1:2024;8.1.4.1;8;high;customer;Procurement — general;Nákup — obecně;Beschaffung — Allgemeines;Show one recent customer/project example and trace the requirement to objective evidence and escalation.;Ukažte jeden aktuální zákaznický/projektový příklad a sledujte požadavek k objektivnímu důkazu a eskalaci.;Ein aktuelles Kunden-/Projektbeispiel zeigen und die Anforderung bis zu objektivem Nachweis und Eskalation verfolgen.
45001-8-1-4-1-certification-1;45001-8-1-4-1;ISO 45001;ISO 45001:2018 + Amd 1:2024;8.1.4.1;8;high;certification;Procurement — general;Nákup — obecně;Beschaffung — Allgemeines;Which objective evidence demonstrates conformity and effective implementation of clause 8.1.4.1?;Který objektivní důkaz prokazuje shodu a účinné zavedení článku 8.1.4.1?;Welche objektiven Nachweise belegen Konformität und wirksame Umsetzung von Abschnitt 8.1.4.1?
45001-8-1-4-1-certification-2;45001-8-1-4-1;ISO 45001;ISO 45001:2018 + Amd 1:2024;8.1.4.1;8;high;certification;Procurement — general;Nákup — obecně;Beschaffung — Allgemeines;Select one recent equipment or chemical purchase and verify OH&S requirements from specification through acceptance.;Vyberte nedávný nákup zařízení nebo chemikálie a ověřte požadavky BOZP od specifikace po převzetí.;Eine aktuelle Anlagen- oder Chemikalienbeschaffung auswählen und SGA-Anforderungen von Spezifikation bis Abnahme prüfen.
45001-8-1-4-1-certification-3;45001-8-1-4-1;ISO 45001;ISO 45001:2018 + Amd 1:2024;8.1.4.1;8;high;certification;Procurement — general;Nákup — obecně;Beschaffung — Allgemeines;How does this control interact with related clauses, and how are gaps classified and corrected?;Jak toto řízení souvisí s navazujícími články a jak se klasifikují a řeší mezery?;Wie wirkt diese Steuerung mit verwandten Abschnitten zusammen und wie werden Lücken klassifiziert und behoben?
45001-8-1-4-2-internal-1;45001-8-1-4-2;ISO 45001;ISO 45001:2018 + Amd 1:2024;8.1.4.2;8;high;internal;Contractors;Dodavatelé prací;Auftragnehmer;Observe one contractor activity and trace prequalification, shared risk controls, supervision and performance review.;Pozorujte jednu činnost dodavatele a sledujte předkvalifikaci, společná opatření, dohled a hodnocení výkonnosti.;Eine Auftragnehmertätigkeit beobachten und Präqualifikation, gemeinsame Risikokontrollen, Aufsicht und Leistungsbewertung verfolgen.
45001-8-1-4-2-internal-2;45001-8-1-4-2;ISO 45001;ISO 45001:2018 + Amd 1:2024;8.1.4.2;8;high;internal;Contractors;Dodavatelé prací;Auftragnehmer;How is contractors implemented in the selected process, and who owns the control?;Jak je v hodnoceném procesu zavedeno téma „Dodavatelé prací“ a kdo vlastní příslušné řízení?;Wie ist „Auftragnehmer“ im ausgewählten Prozess umgesetzt und wer verantwortet die Steuerung?
45001-8-1-4-2-internal-3;45001-8-1-4-2;ISO 45001;ISO 45001:2018 + Amd 1:2024;8.1.4.2;8;high;internal;Contractors;Dodavatelé prací;Auftragnehmer;Show a recent sample and explain how effectiveness, deviations and follow-up are evaluated.;Ukažte aktuální vzorek a vysvětlete, jak se hodnotí účinnost, odchylky a následná opatření.;Eine aktuelle Stichprobe zeigen und erläutern, wie Wirksamkeit, Abweichungen und Folgemaßnahmen bewertet werden.
45001-8-1-4-2-customer-1;45001-8-1-4-2;ISO 45001;ISO 45001:2018 + Amd 1:2024;8.1.4.2;8;high;customer;Contractors;Dodavatelé prací;Auftragnehmer;How does clause 8.1.4.2 protect customer, contractual or stakeholder expectations in this process?;Jak článek 8.1.4.2 chrání očekávání zákazníka, smluvní nebo jiné relevantní požadavky v tomto procesu?;Wie schützt Abschnitt 8.1.4.2 Kunden-, Vertrags- oder relevante Stakeholderanforderungen in diesem Prozess?
45001-8-1-4-2-customer-2;45001-8-1-4-2;ISO 45001;ISO 45001:2018 + Amd 1:2024;8.1.4.2;8;high;customer;Contractors;Dodavatelé prací;Auftragnehmer;Observe one contractor activity and trace prequalification, shared risk controls, supervision and performance review.;Pozorujte jednu činnost dodavatele a sledujte předkvalifikaci, společná opatření, dohled a hodnocení výkonnosti.;Eine Auftragnehmertätigkeit beobachten und Präqualifikation, gemeinsame Risikokontrollen, Aufsicht und Leistungsbewertung verfolgen.
45001-8-1-4-2-customer-3;45001-8-1-4-2;ISO 45001;ISO 45001:2018 + Amd 1:2024;8.1.4.2;8;high;customer;Contractors;Dodavatelé prací;Auftragnehmer;Show one recent customer/project example and trace the requirement to objective evidence and escalation.;Ukažte jeden aktuální zákaznický/projektový příklad a sledujte požadavek k objektivnímu důkazu a eskalaci.;Ein aktuelles Kunden-/Projektbeispiel zeigen und die Anforderung bis zu objektivem Nachweis und Eskalation verfolgen.
45001-8-1-4-2-certification-1;45001-8-1-4-2;ISO 45001;ISO 45001:2018 + Amd 1:2024;8.1.4.2;8;high;certification;Contractors;Dodavatelé prací;Auftragnehmer;Which objective evidence demonstrates conformity and effective implementation of clause 8.1.4.2?;Který objektivní důkaz prokazuje shodu a účinné zavedení článku 8.1.4.2?;Welche objektiven Nachweise belegen Konformität und wirksame Umsetzung von Abschnitt 8.1.4.2?
45001-8-1-4-2-certification-2;45001-8-1-4-2;ISO 45001;ISO 45001:2018 + Amd 1:2024;8.1.4.2;8;high;certification;Contractors;Dodavatelé prací;Auftragnehmer;Observe one contractor activity and trace prequalification, shared risk controls, supervision and performance review.;Pozorujte jednu činnost dodavatele a sledujte předkvalifikaci, společná opatření, dohled a hodnocení výkonnosti.;Eine Auftragnehmertätigkeit beobachten und Präqualifikation, gemeinsame Risikokontrollen, Aufsicht und Leistungsbewertung verfolgen.
45001-8-1-4-2-certification-3;45001-8-1-4-2;ISO 45001;ISO 45001:2018 + Amd 1:2024;8.1.4.2;8;high;certification;Contractors;Dodavatelé prací;Auftragnehmer;How does this control interact with related clauses, and how are gaps classified and corrected?;Jak toto řízení souvisí s navazujícími články a jak se klasifikují a řeší mezery?;Wie wirkt diese Steuerung mit verwandten Abschnitten zusammen und wie werden Lücken klassifiziert und behoben?
45001-8-1-4-3-internal-1;45001-8-1-4-3;ISO 45001;ISO 45001:2018 + Amd 1:2024;8.1.4.3;8;high;internal;Outsourcing;Outsourcing;Ausgliederung;Which outsourced process has the highest OH&S consequence, and how is effective control demonstrated?;Který outsourcovaný proces má nejvyšší důsledek pro BOZP a jak se prokazuje účinné řízení?;Welcher ausgegliederte Prozess hat die höchste SGA-Auswirkung und wie wird wirksame Steuerung nachgewiesen?
45001-8-1-4-3-internal-2;45001-8-1-4-3;ISO 45001;ISO 45001:2018 + Amd 1:2024;8.1.4.3;8;high;internal;Outsourcing;Outsourcing;Ausgliederung;How is outsourcing implemented in the selected process, and who owns the control?;Jak je v hodnoceném procesu zavedeno téma „Outsourcing“ a kdo vlastní příslušné řízení?;Wie ist „Ausgliederung“ im ausgewählten Prozess umgesetzt und wer verantwortet die Steuerung?
45001-8-1-4-3-internal-3;45001-8-1-4-3;ISO 45001;ISO 45001:2018 + Amd 1:2024;8.1.4.3;8;high;internal;Outsourcing;Outsourcing;Ausgliederung;Show a recent sample and explain how effectiveness, deviations and follow-up are evaluated.;Ukažte aktuální vzorek a vysvětlete, jak se hodnotí účinnost, odchylky a následná opatření.;Eine aktuelle Stichprobe zeigen und erläutern, wie Wirksamkeit, Abweichungen und Folgemaßnahmen bewertet werden.
45001-8-1-4-3-customer-1;45001-8-1-4-3;ISO 45001;ISO 45001:2018 + Amd 1:2024;8.1.4.3;8;high;customer;Outsourcing;Outsourcing;Ausgliederung;How does clause 8.1.4.3 protect customer, contractual or stakeholder expectations in this process?;Jak článek 8.1.4.3 chrání očekávání zákazníka, smluvní nebo jiné relevantní požadavky v tomto procesu?;Wie schützt Abschnitt 8.1.4.3 Kunden-, Vertrags- oder relevante Stakeholderanforderungen in diesem Prozess?
45001-8-1-4-3-customer-2;45001-8-1-4-3;ISO 45001;ISO 45001:2018 + Amd 1:2024;8.1.4.3;8;high;customer;Outsourcing;Outsourcing;Ausgliederung;Which outsourced process has the highest OH&S consequence, and how is effective control demonstrated?;Který outsourcovaný proces má nejvyšší důsledek pro BOZP a jak se prokazuje účinné řízení?;Welcher ausgegliederte Prozess hat die höchste SGA-Auswirkung und wie wird wirksame Steuerung nachgewiesen?
45001-8-1-4-3-customer-3;45001-8-1-4-3;ISO 45001;ISO 45001:2018 + Amd 1:2024;8.1.4.3;8;high;customer;Outsourcing;Outsourcing;Ausgliederung;Show one recent customer/project example and trace the requirement to objective evidence and escalation.;Ukažte jeden aktuální zákaznický/projektový příklad a sledujte požadavek k objektivnímu důkazu a eskalaci.;Ein aktuelles Kunden-/Projektbeispiel zeigen und die Anforderung bis zu objektivem Nachweis und Eskalation verfolgen.
45001-8-1-4-3-certification-1;45001-8-1-4-3;ISO 45001;ISO 45001:2018 + Amd 1:2024;8.1.4.3;8;high;certification;Outsourcing;Outsourcing;Ausgliederung;Which objective evidence demonstrates conformity and effective implementation of clause 8.1.4.3?;Který objektivní důkaz prokazuje shodu a účinné zavedení článku 8.1.4.3?;Welche objektiven Nachweise belegen Konformität und wirksame Umsetzung von Abschnitt 8.1.4.3?
45001-8-1-4-3-certification-2;45001-8-1-4-3;ISO 45001;ISO 45001:2018 + Amd 1:2024;8.1.4.3;8;high;certification;Outsourcing;Outsourcing;Ausgliederung;Which outsourced process has the highest OH&S consequence, and how is effective control demonstrated?;Který outsourcovaný proces má nejvyšší důsledek pro BOZP a jak se prokazuje účinné řízení?;Welcher ausgegliederte Prozess hat die höchste SGA-Auswirkung und wie wird wirksame Steuerung nachgewiesen?
45001-8-1-4-3-certification-3;45001-8-1-4-3;ISO 45001;ISO 45001:2018 + Amd 1:2024;8.1.4.3;8;high;certification;Outsourcing;Outsourcing;Ausgliederung;How does this control interact with related clauses, and how are gaps classified and corrected?;Jak toto řízení souvisí s navazujícími články a jak se klasifikují a řeší mezery?;Wie wirkt diese Steuerung mit verwandten Abschnitten zusammen und wie werden Lücken klassifiziert und behoben?
45001-8-2-internal-1;45001-8-2;ISO 45001;ISO 45001:2018 + Amd 1:2024;8.2;8;high;internal;Emergency preparedness and response;Havarijní připravenost a reakce;Notfallvorsorge und Gefahrenabwehr;How did the last drill test realistic response capability, vulnerable persons, external interfaces and recovery?;Jak poslední cvičení ověřovalo realistickou schopnost reakce, zranitelné osoby, externí rozhraní a obnovu?;Wie prüfte die letzte Übung realistische Reaktionsfähigkeit, schutzbedürftige Personen, externe Schnittstellen und Wiederherstellung?
45001-8-2-internal-2;45001-8-2;ISO 45001;ISO 45001:2018 + Amd 1:2024;8.2;8;high;internal;Emergency preparedness and response;Havarijní připravenost a reakce;Notfallvorsorge und Gefahrenabwehr;How is emergency preparedness and response implemented in the selected process, and who owns the control?;Jak je v hodnoceném procesu zavedeno téma „Havarijní připravenost a reakce“ a kdo vlastní příslušné řízení?;Wie ist „Notfallvorsorge und Gefahrenabwehr“ im ausgewählten Prozess umgesetzt und wer verantwortet die Steuerung?
45001-8-2-internal-3;45001-8-2;ISO 45001;ISO 45001:2018 + Amd 1:2024;8.2;8;high;internal;Emergency preparedness and response;Havarijní připravenost a reakce;Notfallvorsorge und Gefahrenabwehr;Show a recent sample and explain how effectiveness, deviations and follow-up are evaluated.;Ukažte aktuální vzorek a vysvětlete, jak se hodnotí účinnost, odchylky a následná opatření.;Eine aktuelle Stichprobe zeigen und erläutern, wie Wirksamkeit, Abweichungen und Folgemaßnahmen bewertet werden.
45001-8-2-customer-1;45001-8-2;ISO 45001;ISO 45001:2018 + Amd 1:2024;8.2;8;high;customer;Emergency preparedness and response;Havarijní připravenost a reakce;Notfallvorsorge und Gefahrenabwehr;How does clause 8.2 protect customer, contractual or stakeholder expectations in this process?;Jak článek 8.2 chrání očekávání zákazníka, smluvní nebo jiné relevantní požadavky v tomto procesu?;Wie schützt Abschnitt 8.2 Kunden-, Vertrags- oder relevante Stakeholderanforderungen in diesem Prozess?
45001-8-2-customer-2;45001-8-2;ISO 45001;ISO 45001:2018 + Amd 1:2024;8.2;8;high;customer;Emergency preparedness and response;Havarijní připravenost a reakce;Notfallvorsorge und Gefahrenabwehr;How did the last drill test realistic response capability, vulnerable persons, external interfaces and recovery?;Jak poslední cvičení ověřovalo realistickou schopnost reakce, zranitelné osoby, externí rozhraní a obnovu?;Wie prüfte die letzte Übung realistische Reaktionsfähigkeit, schutzbedürftige Personen, externe Schnittstellen und Wiederherstellung?
45001-8-2-customer-3;45001-8-2;ISO 45001;ISO 45001:2018 + Amd 1:2024;8.2;8;high;customer;Emergency preparedness and response;Havarijní připravenost a reakce;Notfallvorsorge und Gefahrenabwehr;Show one recent customer/project example and trace the requirement to objective evidence and escalation.;Ukažte jeden aktuální zákaznický/projektový příklad a sledujte požadavek k objektivnímu důkazu a eskalaci.;Ein aktuelles Kunden-/Projektbeispiel zeigen und die Anforderung bis zu objektivem Nachweis und Eskalation verfolgen.
45001-8-2-certification-1;45001-8-2;ISO 45001;ISO 45001:2018 + Amd 1:2024;8.2;8;high;certification;Emergency preparedness and response;Havarijní připravenost a reakce;Notfallvorsorge und Gefahrenabwehr;Which objective evidence demonstrates conformity and effective implementation of clause 8.2?;Který objektivní důkaz prokazuje shodu a účinné zavedení článku 8.2?;Welche objektiven Nachweise belegen Konformität und wirksame Umsetzung von Abschnitt 8.2?
45001-8-2-certification-2;45001-8-2;ISO 45001;ISO 45001:2018 + Amd 1:2024;8.2;8;high;certification;Emergency preparedness and response;Havarijní připravenost a reakce;Notfallvorsorge und Gefahrenabwehr;How did the last drill test realistic response capability, vulnerable persons, external interfaces and recovery?;Jak poslední cvičení ověřovalo realistickou schopnost reakce, zranitelné osoby, externí rozhraní a obnovu?;Wie prüfte die letzte Übung realistische Reaktionsfähigkeit, schutzbedürftige Personen, externe Schnittstellen und Wiederherstellung?
45001-8-2-certification-3;45001-8-2;ISO 45001;ISO 45001:2018 + Amd 1:2024;8.2;8;high;certification;Emergency preparedness and response;Havarijní připravenost a reakce;Notfallvorsorge und Gefahrenabwehr;How does this control interact with related clauses, and how are gaps classified and corrected?;Jak toto řízení souvisí s navazujícími články a jak se klasifikují a řeší mezery?;Wie wirkt diese Steuerung mit verwandten Abschnitten zusammen und wie werden Lücken klassifiziert und behoben?
45001-9-1-1-internal-1;45001-9-1-1;ISO 45001;ISO 45001:2018 + Amd 1:2024;9.1.1;9;high;internal;Monitoring, measurement, analysis and performance evaluation;Monitorování, měření, analýza a hodnocení výkonnosti;Überwachung, Messung, Analyse und Leistungsbewertung;Select one KPI and verify definition, source data, calculation, validation, trend and management action.;Vyberte jeden KPI a ověřte definici, zdrojová data, výpočet, validaci, trend a opatření vedení.;Eine Kennzahl auswählen und Definition, Quelldaten, Berechnung, Validierung, Trend und Managementmaßnahme prüfen.
45001-9-1-1-internal-2;45001-9-1-1;ISO 45001;ISO 45001:2018 + Amd 1:2024;9.1.1;9;high;internal;Monitoring, measurement, analysis and performance evaluation;Monitorování, měření, analýza a hodnocení výkonnosti;Überwachung, Messung, Analyse und Leistungsbewertung;How is monitoring, measurement, analysis and performance evaluation implemented in the selected process, and who owns the control?;Jak je v hodnoceném procesu zavedeno téma „Monitorování, měření, analýza a hodnocení výkonnosti“ a kdo vlastní příslušné řízení?;Wie ist „Überwachung, Messung, Analyse und Leistungsbewertung“ im ausgewählten Prozess umgesetzt und wer verantwortet die Steuerung?
45001-9-1-1-internal-3;45001-9-1-1;ISO 45001;ISO 45001:2018 + Amd 1:2024;9.1.1;9;high;internal;Monitoring, measurement, analysis and performance evaluation;Monitorování, měření, analýza a hodnocení výkonnosti;Überwachung, Messung, Analyse und Leistungsbewertung;Show a recent sample and explain how effectiveness, deviations and follow-up are evaluated.;Ukažte aktuální vzorek a vysvětlete, jak se hodnotí účinnost, odchylky a následná opatření.;Eine aktuelle Stichprobe zeigen und erläutern, wie Wirksamkeit, Abweichungen und Folgemaßnahmen bewertet werden.
45001-9-1-1-customer-1;45001-9-1-1;ISO 45001;ISO 45001:2018 + Amd 1:2024;9.1.1;9;high;customer;Monitoring, measurement, analysis and performance evaluation;Monitorování, měření, analýza a hodnocení výkonnosti;Überwachung, Messung, Analyse und Leistungsbewertung;How does clause 9.1.1 protect customer, contractual or stakeholder expectations in this process?;Jak článek 9.1.1 chrání očekávání zákazníka, smluvní nebo jiné relevantní požadavky v tomto procesu?;Wie schützt Abschnitt 9.1.1 Kunden-, Vertrags- oder relevante Stakeholderanforderungen in diesem Prozess?
45001-9-1-1-customer-2;45001-9-1-1;ISO 45001;ISO 45001:2018 + Amd 1:2024;9.1.1;9;high;customer;Monitoring, measurement, analysis and performance evaluation;Monitorování, měření, analýza a hodnocení výkonnosti;Überwachung, Messung, Analyse und Leistungsbewertung;Select one KPI and verify definition, source data, calculation, validation, trend and management action.;Vyberte jeden KPI a ověřte definici, zdrojová data, výpočet, validaci, trend a opatření vedení.;Eine Kennzahl auswählen und Definition, Quelldaten, Berechnung, Validierung, Trend und Managementmaßnahme prüfen.
45001-9-1-1-customer-3;45001-9-1-1;ISO 45001;ISO 45001:2018 + Amd 1:2024;9.1.1;9;high;customer;Monitoring, measurement, analysis and performance evaluation;Monitorování, měření, analýza a hodnocení výkonnosti;Überwachung, Messung, Analyse und Leistungsbewertung;Show one recent customer/project example and trace the requirement to objective evidence and escalation.;Ukažte jeden aktuální zákaznický/projektový příklad a sledujte požadavek k objektivnímu důkazu a eskalaci.;Ein aktuelles Kunden-/Projektbeispiel zeigen und die Anforderung bis zu objektivem Nachweis und Eskalation verfolgen.
45001-9-1-1-certification-1;45001-9-1-1;ISO 45001;ISO 45001:2018 + Amd 1:2024;9.1.1;9;high;certification;Monitoring, measurement, analysis and performance evaluation;Monitorování, měření, analýza a hodnocení výkonnosti;Überwachung, Messung, Analyse und Leistungsbewertung;Which objective evidence demonstrates conformity and effective implementation of clause 9.1.1?;Který objektivní důkaz prokazuje shodu a účinné zavedení článku 9.1.1?;Welche objektiven Nachweise belegen Konformität und wirksame Umsetzung von Abschnitt 9.1.1?
45001-9-1-1-certification-2;45001-9-1-1;ISO 45001;ISO 45001:2018 + Amd 1:2024;9.1.1;9;high;certification;Monitoring, measurement, analysis and performance evaluation;Monitorování, měření, analýza a hodnocení výkonnosti;Überwachung, Messung, Analyse und Leistungsbewertung;Select one KPI and verify definition, source data, calculation, validation, trend and management action.;Vyberte jeden KPI a ověřte definici, zdrojová data, výpočet, validaci, trend a opatření vedení.;Eine Kennzahl auswählen und Definition, Quelldaten, Berechnung, Validierung, Trend und Managementmaßnahme prüfen.
45001-9-1-1-certification-3;45001-9-1-1;ISO 45001;ISO 45001:2018 + Amd 1:2024;9.1.1;9;high;certification;Monitoring, measurement, analysis and performance evaluation;Monitorování, měření, analýza a hodnocení výkonnosti;Überwachung, Messung, Analyse und Leistungsbewertung;How does this control interact with related clauses, and how are gaps classified and corrected?;Jak toto řízení souvisí s navazujícími články a jak se klasifikují a řeší mezery?;Wie wirkt diese Steuerung mit verwandten Abschnitten zusammen und wie werden Lücken klassifiziert und behoben?
45001-9-1-2-internal-1;45001-9-1-2;ISO 45001;ISO 45001:2018 + Amd 1:2024;9.1.2;9;high;internal;Evaluation of compliance;Hodnocení souladu;Bewertung der Einhaltung von Verpflichtungen;Select one high-risk legal obligation and trace it to current evidence of fulfilment and follow-up.;Vyberte jednu vysoce rizikovou právní povinnost a sledujte ji k aktuálnímu důkazu plnění a následným opatřením.;Eine rechtliche Hochrisiko-Verpflichtung bis zum aktuellen Erfüllungsnachweis und zur Nachverfolgung verfolgen.
45001-9-1-2-internal-2;45001-9-1-2;ISO 45001;ISO 45001:2018 + Amd 1:2024;9.1.2;9;high;internal;Evaluation of compliance;Hodnocení souladu;Bewertung der Einhaltung von Verpflichtungen;How is evaluation of compliance implemented in the selected process, and who owns the control?;Jak je v hodnoceném procesu zavedeno téma „Hodnocení souladu“ a kdo vlastní příslušné řízení?;Wie ist „Bewertung der Einhaltung von Verpflichtungen“ im ausgewählten Prozess umgesetzt und wer verantwortet die Steuerung?
45001-9-1-2-internal-3;45001-9-1-2;ISO 45001;ISO 45001:2018 + Amd 1:2024;9.1.2;9;high;internal;Evaluation of compliance;Hodnocení souladu;Bewertung der Einhaltung von Verpflichtungen;Show a recent sample and explain how effectiveness, deviations and follow-up are evaluated.;Ukažte aktuální vzorek a vysvětlete, jak se hodnotí účinnost, odchylky a následná opatření.;Eine aktuelle Stichprobe zeigen und erläutern, wie Wirksamkeit, Abweichungen und Folgemaßnahmen bewertet werden.
45001-9-1-2-customer-1;45001-9-1-2;ISO 45001;ISO 45001:2018 + Amd 1:2024;9.1.2;9;high;customer;Evaluation of compliance;Hodnocení souladu;Bewertung der Einhaltung von Verpflichtungen;How does clause 9.1.2 protect customer, contractual or stakeholder expectations in this process?;Jak článek 9.1.2 chrání očekávání zákazníka, smluvní nebo jiné relevantní požadavky v tomto procesu?;Wie schützt Abschnitt 9.1.2 Kunden-, Vertrags- oder relevante Stakeholderanforderungen in diesem Prozess?
45001-9-1-2-customer-2;45001-9-1-2;ISO 45001;ISO 45001:2018 + Amd 1:2024;9.1.2;9;high;customer;Evaluation of compliance;Hodnocení souladu;Bewertung der Einhaltung von Verpflichtungen;Select one high-risk legal obligation and trace it to current evidence of fulfilment and follow-up.;Vyberte jednu vysoce rizikovou právní povinnost a sledujte ji k aktuálnímu důkazu plnění a následným opatřením.;Eine rechtliche Hochrisiko-Verpflichtung bis zum aktuellen Erfüllungsnachweis und zur Nachverfolgung verfolgen.
45001-9-1-2-customer-3;45001-9-1-2;ISO 45001;ISO 45001:2018 + Amd 1:2024;9.1.2;9;high;customer;Evaluation of compliance;Hodnocení souladu;Bewertung der Einhaltung von Verpflichtungen;Show one recent customer/project example and trace the requirement to objective evidence and escalation.;Ukažte jeden aktuální zákaznický/projektový příklad a sledujte požadavek k objektivnímu důkazu a eskalaci.;Ein aktuelles Kunden-/Projektbeispiel zeigen und die Anforderung bis zu objektivem Nachweis und Eskalation verfolgen.
45001-9-1-2-certification-1;45001-9-1-2;ISO 45001;ISO 45001:2018 + Amd 1:2024;9.1.2;9;high;certification;Evaluation of compliance;Hodnocení souladu;Bewertung der Einhaltung von Verpflichtungen;Which objective evidence demonstrates conformity and effective implementation of clause 9.1.2?;Který objektivní důkaz prokazuje shodu a účinné zavedení článku 9.1.2?;Welche objektiven Nachweise belegen Konformität und wirksame Umsetzung von Abschnitt 9.1.2?
45001-9-1-2-certification-2;45001-9-1-2;ISO 45001;ISO 45001:2018 + Amd 1:2024;9.1.2;9;high;certification;Evaluation of compliance;Hodnocení souladu;Bewertung der Einhaltung von Verpflichtungen;Select one high-risk legal obligation and trace it to current evidence of fulfilment and follow-up.;Vyberte jednu vysoce rizikovou právní povinnost a sledujte ji k aktuálnímu důkazu plnění a následným opatřením.;Eine rechtliche Hochrisiko-Verpflichtung bis zum aktuellen Erfüllungsnachweis und zur Nachverfolgung verfolgen.
45001-9-1-2-certification-3;45001-9-1-2;ISO 45001;ISO 45001:2018 + Amd 1:2024;9.1.2;9;high;certification;Evaluation of compliance;Hodnocení souladu;Bewertung der Einhaltung von Verpflichtungen;How does this control interact with related clauses, and how are gaps classified and corrected?;Jak toto řízení souvisí s navazujícími články a jak se klasifikují a řeší mezery?;Wie wirkt diese Steuerung mit verwandten Abschnitten zusammen und wie werden Lücken klassifiziert und behoben?
45001-9-2-1-internal-1;45001-9-2-1;ISO 45001;ISO 45001:2018 + Amd 1:2024;9.2.1;9;high;internal;Internal audit — general;Interní audit — obecně;Internes Audit — Allgemeines;How did the last audit test effectiveness beyond document conformity?;Jak poslední audit ověřoval účinnost nad rámec shody dokumentace?;Wie prüfte das letzte Audit Wirksamkeit über Dokumentenkonformität hinaus?
45001-9-2-1-internal-2;45001-9-2-1;ISO 45001;ISO 45001:2018 + Amd 1:2024;9.2.1;9;high;internal;Internal audit — general;Interní audit — obecně;Internes Audit — Allgemeines;How is internal audit — general implemented in the selected process, and who owns the control?;Jak je v hodnoceném procesu zavedeno téma „Interní audit — obecně“ a kdo vlastní příslušné řízení?;Wie ist „Internes Audit — Allgemeines“ im ausgewählten Prozess umgesetzt und wer verantwortet die Steuerung?
45001-9-2-1-internal-3;45001-9-2-1;ISO 45001;ISO 45001:2018 + Amd 1:2024;9.2.1;9;high;internal;Internal audit — general;Interní audit — obecně;Internes Audit — Allgemeines;Show a recent sample and explain how effectiveness, deviations and follow-up are evaluated.;Ukažte aktuální vzorek a vysvětlete, jak se hodnotí účinnost, odchylky a následná opatření.;Eine aktuelle Stichprobe zeigen und erläutern, wie Wirksamkeit, Abweichungen und Folgemaßnahmen bewertet werden.
45001-9-2-1-customer-1;45001-9-2-1;ISO 45001;ISO 45001:2018 + Amd 1:2024;9.2.1;9;high;customer;Internal audit — general;Interní audit — obecně;Internes Audit — Allgemeines;How does clause 9.2.1 protect customer, contractual or stakeholder expectations in this process?;Jak článek 9.2.1 chrání očekávání zákazníka, smluvní nebo jiné relevantní požadavky v tomto procesu?;Wie schützt Abschnitt 9.2.1 Kunden-, Vertrags- oder relevante Stakeholderanforderungen in diesem Prozess?
45001-9-2-1-customer-2;45001-9-2-1;ISO 45001;ISO 45001:2018 + Amd 1:2024;9.2.1;9;high;customer;Internal audit — general;Interní audit — obecně;Internes Audit — Allgemeines;How did the last audit test effectiveness beyond document conformity?;Jak poslední audit ověřoval účinnost nad rámec shody dokumentace?;Wie prüfte das letzte Audit Wirksamkeit über Dokumentenkonformität hinaus?
45001-9-2-1-customer-3;45001-9-2-1;ISO 45001;ISO 45001:2018 + Amd 1:2024;9.2.1;9;high;customer;Internal audit — general;Interní audit — obecně;Internes Audit — Allgemeines;Show one recent customer/project example and trace the requirement to objective evidence and escalation.;Ukažte jeden aktuální zákaznický/projektový příklad a sledujte požadavek k objektivnímu důkazu a eskalaci.;Ein aktuelles Kunden-/Projektbeispiel zeigen und die Anforderung bis zu objektivem Nachweis und Eskalation verfolgen.
45001-9-2-1-certification-1;45001-9-2-1;ISO 45001;ISO 45001:2018 + Amd 1:2024;9.2.1;9;high;certification;Internal audit — general;Interní audit — obecně;Internes Audit — Allgemeines;Which objective evidence demonstrates conformity and effective implementation of clause 9.2.1?;Který objektivní důkaz prokazuje shodu a účinné zavedení článku 9.2.1?;Welche objektiven Nachweise belegen Konformität und wirksame Umsetzung von Abschnitt 9.2.1?
45001-9-2-1-certification-2;45001-9-2-1;ISO 45001;ISO 45001:2018 + Amd 1:2024;9.2.1;9;high;certification;Internal audit — general;Interní audit — obecně;Internes Audit — Allgemeines;How did the last audit test effectiveness beyond document conformity?;Jak poslední audit ověřoval účinnost nad rámec shody dokumentace?;Wie prüfte das letzte Audit Wirksamkeit über Dokumentenkonformität hinaus?
45001-9-2-1-certification-3;45001-9-2-1;ISO 45001;ISO 45001:2018 + Amd 1:2024;9.2.1;9;high;certification;Internal audit — general;Interní audit — obecně;Internes Audit — Allgemeines;How does this control interact with related clauses, and how are gaps classified and corrected?;Jak toto řízení souvisí s navazujícími články a jak se klasifikují a řeší mezery?;Wie wirkt diese Steuerung mit verwandten Abschnitten zusammen und wie werden Lücken klassifiziert und behoben?
45001-9-2-2-internal-1;45001-9-2-2;ISO 45001;ISO 45001:2018 + Amd 1:2024;9.2.2;9;high;internal;Internal audit programme;Program interních auditů;Internes Auditprogramm;Why were these processes and frequencies selected, and what changed after previous findings?;Proč byly zvoleny právě tyto procesy a četnosti a co se změnilo po předchozích zjištěních?;Warum wurden diese Prozesse und Häufigkeiten gewählt und was änderte sich nach früheren Feststellungen?
45001-9-2-2-internal-2;45001-9-2-2;ISO 45001;ISO 45001:2018 + Amd 1:2024;9.2.2;9;high;internal;Internal audit programme;Program interních auditů;Internes Auditprogramm;How is internal audit programme implemented in the selected process, and who owns the control?;Jak je v hodnoceném procesu zavedeno téma „Program interních auditů“ a kdo vlastní příslušné řízení?;Wie ist „Internes Auditprogramm“ im ausgewählten Prozess umgesetzt und wer verantwortet die Steuerung?
45001-9-2-2-internal-3;45001-9-2-2;ISO 45001;ISO 45001:2018 + Amd 1:2024;9.2.2;9;high;internal;Internal audit programme;Program interních auditů;Internes Auditprogramm;Show a recent sample and explain how effectiveness, deviations and follow-up are evaluated.;Ukažte aktuální vzorek a vysvětlete, jak se hodnotí účinnost, odchylky a následná opatření.;Eine aktuelle Stichprobe zeigen und erläutern, wie Wirksamkeit, Abweichungen und Folgemaßnahmen bewertet werden.
45001-9-2-2-customer-1;45001-9-2-2;ISO 45001;ISO 45001:2018 + Amd 1:2024;9.2.2;9;high;customer;Internal audit programme;Program interních auditů;Internes Auditprogramm;How does clause 9.2.2 protect customer, contractual or stakeholder expectations in this process?;Jak článek 9.2.2 chrání očekávání zákazníka, smluvní nebo jiné relevantní požadavky v tomto procesu?;Wie schützt Abschnitt 9.2.2 Kunden-, Vertrags- oder relevante Stakeholderanforderungen in diesem Prozess?
45001-9-2-2-customer-2;45001-9-2-2;ISO 45001;ISO 45001:2018 + Amd 1:2024;9.2.2;9;high;customer;Internal audit programme;Program interních auditů;Internes Auditprogramm;Why were these processes and frequencies selected, and what changed after previous findings?;Proč byly zvoleny právě tyto procesy a četnosti a co se změnilo po předchozích zjištěních?;Warum wurden diese Prozesse und Häufigkeiten gewählt und was änderte sich nach früheren Feststellungen?
45001-9-2-2-customer-3;45001-9-2-2;ISO 45001;ISO 45001:2018 + Amd 1:2024;9.2.2;9;high;customer;Internal audit programme;Program interních auditů;Internes Auditprogramm;Show one recent customer/project example and trace the requirement to objective evidence and escalation.;Ukažte jeden aktuální zákaznický/projektový příklad a sledujte požadavek k objektivnímu důkazu a eskalaci.;Ein aktuelles Kunden-/Projektbeispiel zeigen und die Anforderung bis zu objektivem Nachweis und Eskalation verfolgen.
45001-9-2-2-certification-1;45001-9-2-2;ISO 45001;ISO 45001:2018 + Amd 1:2024;9.2.2;9;high;certification;Internal audit programme;Program interních auditů;Internes Auditprogramm;Which objective evidence demonstrates conformity and effective implementation of clause 9.2.2?;Který objektivní důkaz prokazuje shodu a účinné zavedení článku 9.2.2?;Welche objektiven Nachweise belegen Konformität und wirksame Umsetzung von Abschnitt 9.2.2?
45001-9-2-2-certification-2;45001-9-2-2;ISO 45001;ISO 45001:2018 + Amd 1:2024;9.2.2;9;high;certification;Internal audit programme;Program interních auditů;Internes Auditprogramm;Why were these processes and frequencies selected, and what changed after previous findings?;Proč byly zvoleny právě tyto procesy a četnosti a co se změnilo po předchozích zjištěních?;Warum wurden diese Prozesse und Häufigkeiten gewählt und was änderte sich nach früheren Feststellungen?
45001-9-2-2-certification-3;45001-9-2-2;ISO 45001;ISO 45001:2018 + Amd 1:2024;9.2.2;9;high;certification;Internal audit programme;Program interních auditů;Internes Auditprogramm;How does this control interact with related clauses, and how are gaps classified and corrected?;Jak toto řízení souvisí s navazujícími články a jak se klasifikují a řeší mezery?;Wie wirkt diese Steuerung mit verwandten Abschnitten zusammen und wie werden Lücken klassifiziert und behoben?
45001-9-3-internal-1;45001-9-3;ISO 45001;ISO 45001:2018 + Amd 1:2024;9.3;9;high;internal;Management review;Přezkoumání vedením;Managementbewertung;Which worker-participation or leading-indicator input changed a management decision?;Který vstup z účasti pracovníků nebo předstihový ukazatel změnil rozhodnutí vedení?;Welche Eingabe aus Beschäftigtenbeteiligung oder welcher Frühindikator änderte eine Managemententscheidung?
45001-9-3-internal-2;45001-9-3;ISO 45001;ISO 45001:2018 + Amd 1:2024;9.3;9;high;internal;Management review;Přezkoumání vedením;Managementbewertung;How is management review implemented in the selected process, and who owns the control?;Jak je v hodnoceném procesu zavedeno téma „Přezkoumání vedením“ a kdo vlastní příslušné řízení?;Wie ist „Managementbewertung“ im ausgewählten Prozess umgesetzt und wer verantwortet die Steuerung?
45001-9-3-internal-3;45001-9-3;ISO 45001;ISO 45001:2018 + Amd 1:2024;9.3;9;high;internal;Management review;Přezkoumání vedením;Managementbewertung;Show a recent sample and explain how effectiveness, deviations and follow-up are evaluated.;Ukažte aktuální vzorek a vysvětlete, jak se hodnotí účinnost, odchylky a následná opatření.;Eine aktuelle Stichprobe zeigen und erläutern, wie Wirksamkeit, Abweichungen und Folgemaßnahmen bewertet werden.
45001-9-3-customer-1;45001-9-3;ISO 45001;ISO 45001:2018 + Amd 1:2024;9.3;9;high;customer;Management review;Přezkoumání vedením;Managementbewertung;How does clause 9.3 protect customer, contractual or stakeholder expectations in this process?;Jak článek 9.3 chrání očekávání zákazníka, smluvní nebo jiné relevantní požadavky v tomto procesu?;Wie schützt Abschnitt 9.3 Kunden-, Vertrags- oder relevante Stakeholderanforderungen in diesem Prozess?
45001-9-3-customer-2;45001-9-3;ISO 45001;ISO 45001:2018 + Amd 1:2024;9.3;9;high;customer;Management review;Přezkoumání vedením;Managementbewertung;Which worker-participation or leading-indicator input changed a management decision?;Který vstup z účasti pracovníků nebo předstihový ukazatel změnil rozhodnutí vedení?;Welche Eingabe aus Beschäftigtenbeteiligung oder welcher Frühindikator änderte eine Managemententscheidung?
45001-9-3-customer-3;45001-9-3;ISO 45001;ISO 45001:2018 + Amd 1:2024;9.3;9;high;customer;Management review;Přezkoumání vedením;Managementbewertung;Show one recent customer/project example and trace the requirement to objective evidence and escalation.;Ukažte jeden aktuální zákaznický/projektový příklad a sledujte požadavek k objektivnímu důkazu a eskalaci.;Ein aktuelles Kunden-/Projektbeispiel zeigen und die Anforderung bis zu objektivem Nachweis und Eskalation verfolgen.
45001-9-3-certification-1;45001-9-3;ISO 45001;ISO 45001:2018 + Amd 1:2024;9.3;9;high;certification;Management review;Přezkoumání vedením;Managementbewertung;Which objective evidence demonstrates conformity and effective implementation of clause 9.3?;Který objektivní důkaz prokazuje shodu a účinné zavedení článku 9.3?;Welche objektiven Nachweise belegen Konformität und wirksame Umsetzung von Abschnitt 9.3?
45001-9-3-certification-2;45001-9-3;ISO 45001;ISO 45001:2018 + Amd 1:2024;9.3;9;high;certification;Management review;Přezkoumání vedením;Managementbewertung;Which worker-participation or leading-indicator input changed a management decision?;Který vstup z účasti pracovníků nebo předstihový ukazatel změnil rozhodnutí vedení?;Welche Eingabe aus Beschäftigtenbeteiligung oder welcher Frühindikator änderte eine Managemententscheidung?
45001-9-3-certification-3;45001-9-3;ISO 45001;ISO 45001:2018 + Amd 1:2024;9.3;9;high;certification;Management review;Přezkoumání vedením;Managementbewertung;How does this control interact with related clauses, and how are gaps classified and corrected?;Jak toto řízení souvisí s navazujícími články a jak se klasifikují a řeší mezery?;Wie wirkt diese Steuerung mit verwandten Abschnitten zusammen und wie werden Lücken klassifiziert und behoben?
45001-10-1-internal-1;45001-10-1;ISO 45001;ISO 45001:2018 + Amd 1:2024;10.1;10;medium;internal;Improvement — general;Zlepšování — obecně;Verbesserung — Allgemeines;Show how improvement — general is implemented and verified in a recent example.;Ukažte, jak je téma „Zlepšování — obecně“ zavedeno a ověřeno na aktuálním příkladu.;An einem aktuellen Beispiel zeigen, wie „Verbesserung — Allgemeines“ umgesetzt und verifiziert wird.
45001-10-1-internal-2;45001-10-1;ISO 45001;ISO 45001:2018 + Amd 1:2024;10.1;10;medium;internal;Improvement — general;Zlepšování — obecně;Verbesserung — Allgemeines;How is improvement — general implemented in the selected process, and who owns the control?;Jak je v hodnoceném procesu zavedeno téma „Zlepšování — obecně“ a kdo vlastní příslušné řízení?;Wie ist „Verbesserung — Allgemeines“ im ausgewählten Prozess umgesetzt und wer verantwortet die Steuerung?
45001-10-1-internal-3;45001-10-1;ISO 45001;ISO 45001:2018 + Amd 1:2024;10.1;10;medium;internal;Improvement — general;Zlepšování — obecně;Verbesserung — Allgemeines;Show a recent sample and explain how effectiveness, deviations and follow-up are evaluated.;Ukažte aktuální vzorek a vysvětlete, jak se hodnotí účinnost, odchylky a následná opatření.;Eine aktuelle Stichprobe zeigen und erläutern, wie Wirksamkeit, Abweichungen und Folgemaßnahmen bewertet werden.
45001-10-1-customer-1;45001-10-1;ISO 45001;ISO 45001:2018 + Amd 1:2024;10.1;10;medium;customer;Improvement — general;Zlepšování — obecně;Verbesserung — Allgemeines;How does clause 10.1 protect customer, contractual or stakeholder expectations in this process?;Jak článek 10.1 chrání očekávání zákazníka, smluvní nebo jiné relevantní požadavky v tomto procesu?;Wie schützt Abschnitt 10.1 Kunden-, Vertrags- oder relevante Stakeholderanforderungen in diesem Prozess?
45001-10-1-customer-2;45001-10-1;ISO 45001;ISO 45001:2018 + Amd 1:2024;10.1;10;medium;customer;Improvement — general;Zlepšování — obecně;Verbesserung — Allgemeines;Show how improvement — general is implemented and verified in a recent example.;Ukažte, jak je téma „Zlepšování — obecně“ zavedeno a ověřeno na aktuálním příkladu.;An einem aktuellen Beispiel zeigen, wie „Verbesserung — Allgemeines“ umgesetzt und verifiziert wird.
45001-10-1-customer-3;45001-10-1;ISO 45001;ISO 45001:2018 + Amd 1:2024;10.1;10;medium;customer;Improvement — general;Zlepšování — obecně;Verbesserung — Allgemeines;Show one recent customer/project example and trace the requirement to objective evidence and escalation.;Ukažte jeden aktuální zákaznický/projektový příklad a sledujte požadavek k objektivnímu důkazu a eskalaci.;Ein aktuelles Kunden-/Projektbeispiel zeigen und die Anforderung bis zu objektivem Nachweis und Eskalation verfolgen.
45001-10-1-certification-1;45001-10-1;ISO 45001;ISO 45001:2018 + Amd 1:2024;10.1;10;medium;certification;Improvement — general;Zlepšování — obecně;Verbesserung — Allgemeines;Which objective evidence demonstrates conformity and effective implementation of clause 10.1?;Který objektivní důkaz prokazuje shodu a účinné zavedení článku 10.1?;Welche objektiven Nachweise belegen Konformität und wirksame Umsetzung von Abschnitt 10.1?
45001-10-1-certification-2;45001-10-1;ISO 45001;ISO 45001:2018 + Amd 1:2024;10.1;10;medium;certification;Improvement — general;Zlepšování — obecně;Verbesserung — Allgemeines;Show how improvement — general is implemented and verified in a recent example.;Ukažte, jak je téma „Zlepšování — obecně“ zavedeno a ověřeno na aktuálním příkladu.;An einem aktuellen Beispiel zeigen, wie „Verbesserung — Allgemeines“ umgesetzt und verifiziert wird.
45001-10-1-certification-3;45001-10-1;ISO 45001;ISO 45001:2018 + Amd 1:2024;10.1;10;medium;certification;Improvement — general;Zlepšování — obecně;Verbesserung — Allgemeines;How does this control interact with related clauses, and how are gaps classified and corrected?;Jak toto řízení souvisí s navazujícími články a jak se klasifikují a řeší mezery?;Wie wirkt diese Steuerung mit verwandten Abschnitten zusammen und wie werden Lücken klassifiziert und behoben?
45001-10-2-internal-1;45001-10-2;ISO 45001;ISO 45001:2018 + Amd 1:2024;10.2;10;high;internal;Incident, nonconformity and corrective action;Incident, neshoda a nápravné opatření;Ereignis, Nichtkonformität und Korrekturmaßnahmen;Trace a high-potential incident to organizational root causes, worker participation, risk reassessment and verified action.;Sledujte incident s vysokým potenciálem k organizačním kořenovým příčinám, účasti pracovníků, přehodnocení rizik a ověřenému opatření.;Ein High-Potential-Ereignis bis zu organisatorischen Ursachen, Beschäftigtenbeteiligung, Risikoneubewertung und verifizierter Maßnahme verfolgen.
45001-10-2-internal-2;45001-10-2;ISO 45001;ISO 45001:2018 + Amd 1:2024;10.2;10;high;internal;Incident, nonconformity and corrective action;Incident, neshoda a nápravné opatření;Ereignis, Nichtkonformität und Korrekturmaßnahmen;How is incident, nonconformity and corrective action implemented in the selected process, and who owns the control?;Jak je v hodnoceném procesu zavedeno téma „Incident, neshoda a nápravné opatření“ a kdo vlastní příslušné řízení?;Wie ist „Ereignis, Nichtkonformität und Korrekturmaßnahmen“ im ausgewählten Prozess umgesetzt und wer verantwortet die Steuerung?
45001-10-2-internal-3;45001-10-2;ISO 45001;ISO 45001:2018 + Amd 1:2024;10.2;10;high;internal;Incident, nonconformity and corrective action;Incident, neshoda a nápravné opatření;Ereignis, Nichtkonformität und Korrekturmaßnahmen;Show a recent sample and explain how effectiveness, deviations and follow-up are evaluated.;Ukažte aktuální vzorek a vysvětlete, jak se hodnotí účinnost, odchylky a následná opatření.;Eine aktuelle Stichprobe zeigen und erläutern, wie Wirksamkeit, Abweichungen und Folgemaßnahmen bewertet werden.
45001-10-2-customer-1;45001-10-2;ISO 45001;ISO 45001:2018 + Amd 1:2024;10.2;10;high;customer;Incident, nonconformity and corrective action;Incident, neshoda a nápravné opatření;Ereignis, Nichtkonformität und Korrekturmaßnahmen;How does clause 10.2 protect customer, contractual or stakeholder expectations in this process?;Jak článek 10.2 chrání očekávání zákazníka, smluvní nebo jiné relevantní požadavky v tomto procesu?;Wie schützt Abschnitt 10.2 Kunden-, Vertrags- oder relevante Stakeholderanforderungen in diesem Prozess?
45001-10-2-customer-2;45001-10-2;ISO 45001;ISO 45001:2018 + Amd 1:2024;10.2;10;high;customer;Incident, nonconformity and corrective action;Incident, neshoda a nápravné opatření;Ereignis, Nichtkonformität und Korrekturmaßnahmen;Trace a high-potential incident to organizational root causes, worker participation, risk reassessment and verified action.;Sledujte incident s vysokým potenciálem k organizačním kořenovým příčinám, účasti pracovníků, přehodnocení rizik a ověřenému opatření.;Ein High-Potential-Ereignis bis zu organisatorischen Ursachen, Beschäftigtenbeteiligung, Risikoneubewertung und verifizierter Maßnahme verfolgen.
45001-10-2-customer-3;45001-10-2;ISO 45001;ISO 45001:2018 + Amd 1:2024;10.2;10;high;customer;Incident, nonconformity and corrective action;Incident, neshoda a nápravné opatření;Ereignis, Nichtkonformität und Korrekturmaßnahmen;Show one recent customer/project example and trace the requirement to objective evidence and escalation.;Ukažte jeden aktuální zákaznický/projektový příklad a sledujte požadavek k objektivnímu důkazu a eskalaci.;Ein aktuelles Kunden-/Projektbeispiel zeigen und die Anforderung bis zu objektivem Nachweis und Eskalation verfolgen.
45001-10-2-certification-1;45001-10-2;ISO 45001;ISO 45001:2018 + Amd 1:2024;10.2;10;high;certification;Incident, nonconformity and corrective action;Incident, neshoda a nápravné opatření;Ereignis, Nichtkonformität und Korrekturmaßnahmen;Which objective evidence demonstrates conformity and effective implementation of clause 10.2?;Který objektivní důkaz prokazuje shodu a účinné zavedení článku 10.2?;Welche objektiven Nachweise belegen Konformität und wirksame Umsetzung von Abschnitt 10.2?
45001-10-2-certification-2;45001-10-2;ISO 45001;ISO 45001:2018 + Amd 1:2024;10.2;10;high;certification;Incident, nonconformity and corrective action;Incident, neshoda a nápravné opatření;Ereignis, Nichtkonformität und Korrekturmaßnahmen;Trace a high-potential incident to organizational root causes, worker participation, risk reassessment and verified action.;Sledujte incident s vysokým potenciálem k organizačním kořenovým příčinám, účasti pracovníků, přehodnocení rizik a ověřenému opatření.;Ein High-Potential-Ereignis bis zu organisatorischen Ursachen, Beschäftigtenbeteiligung, Risikoneubewertung und verifizierter Maßnahme verfolgen.
45001-10-2-certification-3;45001-10-2;ISO 45001;ISO 45001:2018 + Amd 1:2024;10.2;10;high;certification;Incident, nonconformity and corrective action;Incident, neshoda a nápravné opatření;Ereignis, Nichtkonformität und Korrekturmaßnahmen;How does this control interact with related clauses, and how are gaps classified and corrected?;Jak toto řízení souvisí s navazujícími články a jak se klasifikují a řeší mezery?;Wie wirkt diese Steuerung mit verwandten Abschnitten zusammen und wie werden Lücken klassifiziert und behoben?
45001-10-3-internal-1;45001-10-3;ISO 45001;ISO 45001:2018 + Amd 1:2024;10.3;10;medium;internal;Continual improvement;Neustálé zlepšování;Fortlaufende Verbesserung;Which long-term trend demonstrates that the system is becoming more effective?;Který dlouhodobý trend prokazuje, že se systém stává účinnějším?;Welcher langfristige Trend zeigt, dass das System wirksamer wird?
45001-10-3-internal-2;45001-10-3;ISO 45001;ISO 45001:2018 + Amd 1:2024;10.3;10;medium;internal;Continual improvement;Neustálé zlepšování;Fortlaufende Verbesserung;How is continual improvement implemented in the selected process, and who owns the control?;Jak je v hodnoceném procesu zavedeno téma „Neustálé zlepšování“ a kdo vlastní příslušné řízení?;Wie ist „Fortlaufende Verbesserung“ im ausgewählten Prozess umgesetzt und wer verantwortet die Steuerung?
45001-10-3-internal-3;45001-10-3;ISO 45001;ISO 45001:2018 + Amd 1:2024;10.3;10;medium;internal;Continual improvement;Neustálé zlepšování;Fortlaufende Verbesserung;Show a recent sample and explain how effectiveness, deviations and follow-up are evaluated.;Ukažte aktuální vzorek a vysvětlete, jak se hodnotí účinnost, odchylky a následná opatření.;Eine aktuelle Stichprobe zeigen und erläutern, wie Wirksamkeit, Abweichungen und Folgemaßnahmen bewertet werden.
45001-10-3-customer-1;45001-10-3;ISO 45001;ISO 45001:2018 + Amd 1:2024;10.3;10;medium;customer;Continual improvement;Neustálé zlepšování;Fortlaufende Verbesserung;How does clause 10.3 protect customer, contractual or stakeholder expectations in this process?;Jak článek 10.3 chrání očekávání zákazníka, smluvní nebo jiné relevantní požadavky v tomto procesu?;Wie schützt Abschnitt 10.3 Kunden-, Vertrags- oder relevante Stakeholderanforderungen in diesem Prozess?
45001-10-3-customer-2;45001-10-3;ISO 45001;ISO 45001:2018 + Amd 1:2024;10.3;10;medium;customer;Continual improvement;Neustálé zlepšování;Fortlaufende Verbesserung;Which long-term trend demonstrates that the system is becoming more effective?;Který dlouhodobý trend prokazuje, že se systém stává účinnějším?;Welcher langfristige Trend zeigt, dass das System wirksamer wird?
45001-10-3-customer-3;45001-10-3;ISO 45001;ISO 45001:2018 + Amd 1:2024;10.3;10;medium;customer;Continual improvement;Neustálé zlepšování;Fortlaufende Verbesserung;Show one recent customer/project example and trace the requirement to objective evidence and escalation.;Ukažte jeden aktuální zákaznický/projektový příklad a sledujte požadavek k objektivnímu důkazu a eskalaci.;Ein aktuelles Kunden-/Projektbeispiel zeigen und die Anforderung bis zu objektivem Nachweis und Eskalation verfolgen.
45001-10-3-certification-1;45001-10-3;ISO 45001;ISO 45001:2018 + Amd 1:2024;10.3;10;medium;certification;Continual improvement;Neustálé zlepšování;Fortlaufende Verbesserung;Which objective evidence demonstrates conformity and effective implementation of clause 10.3?;Který objektivní důkaz prokazuje shodu a účinné zavedení článku 10.3?;Welche objektiven Nachweise belegen Konformität und wirksame Umsetzung von Abschnitt 10.3?
45001-10-3-certification-2;45001-10-3;ISO 45001;ISO 45001:2018 + Amd 1:2024;10.3;10;medium;certification;Continual improvement;Neustálé zlepšování;Fortlaufende Verbesserung;Which long-term trend demonstrates that the system is becoming more effective?;Který dlouhodobý trend prokazuje, že se systém stává účinnějším?;Welcher langfristige Trend zeigt, dass das System wirksamer wird?
45001-10-3-certification-3;45001-10-3;ISO 45001;ISO 45001:2018 + Amd 1:2024;10.3;10;medium;certification;Continual improvement;Neustálé zlepšování;Fortlaufende Verbesserung;How does this control interact with related clauses, and how are gaps classified and corrected?;Jak toto řízení souvisí s navazujícími články a jak se klasifikují a řeší mezery?;Wie wirkt diese Steuerung mit verwandten Abschnitten zusammen und wie werden Lücken klassifiziert und behoben?
50001-4-1-internal-1;50001-4-1;ISO 50001;ISO 50001:2018 + Amd 1:2024;4.1;4;high;internal;Understanding the organization and its context;Porozumění organizaci a jejímu kontextu;Verstehen der Organisation und ihres Kontextes;Which context issues have materially changed the system in the last twelve months?;Které okolnosti kontextu v posledních dvanácti měsících významně změnily systém?;Welche Kontextthemen haben das System in den letzten zwölf Monaten wesentlich verändert?
50001-4-1-internal-2;50001-4-1;ISO 50001;ISO 50001:2018 + Amd 1:2024;4.1;4;high;internal;Understanding the organization and its context;Porozumění organizaci a jejímu kontextu;Verstehen der Organisation und ihres Kontextes;How is understanding the organization and its context implemented in the selected process, and who owns the control?;Jak je v hodnoceném procesu zavedeno téma „Porozumění organizaci a jejímu kontextu“ a kdo vlastní příslušné řízení?;Wie ist „Verstehen der Organisation und ihres Kontextes“ im ausgewählten Prozess umgesetzt und wer verantwortet die Steuerung?
50001-4-1-internal-3;50001-4-1;ISO 50001;ISO 50001:2018 + Amd 1:2024;4.1;4;high;internal;Understanding the organization and its context;Porozumění organizaci a jejímu kontextu;Verstehen der Organisation und ihres Kontextes;Show a recent sample and explain how effectiveness, deviations and follow-up are evaluated.;Ukažte aktuální vzorek a vysvětlete, jak se hodnotí účinnost, odchylky a následná opatření.;Eine aktuelle Stichprobe zeigen und erläutern, wie Wirksamkeit, Abweichungen und Folgemaßnahmen bewertet werden.
50001-4-1-customer-1;50001-4-1;ISO 50001;ISO 50001:2018 + Amd 1:2024;4.1;4;high;customer;Understanding the organization and its context;Porozumění organizaci a jejímu kontextu;Verstehen der Organisation und ihres Kontextes;How does clause 4.1 protect customer, contractual or stakeholder expectations in this process?;Jak článek 4.1 chrání očekávání zákazníka, smluvní nebo jiné relevantní požadavky v tomto procesu?;Wie schützt Abschnitt 4.1 Kunden-, Vertrags- oder relevante Stakeholderanforderungen in diesem Prozess?
50001-4-1-customer-2;50001-4-1;ISO 50001;ISO 50001:2018 + Amd 1:2024;4.1;4;high;customer;Understanding the organization and its context;Porozumění organizaci a jejímu kontextu;Verstehen der Organisation und ihres Kontextes;Which context issues have materially changed the system in the last twelve months?;Které okolnosti kontextu v posledních dvanácti měsících významně změnily systém?;Welche Kontextthemen haben das System in den letzten zwölf Monaten wesentlich verändert?
50001-4-1-customer-3;50001-4-1;ISO 50001;ISO 50001:2018 + Amd 1:2024;4.1;4;high;customer;Understanding the organization and its context;Porozumění organizaci a jejímu kontextu;Verstehen der Organisation und ihres Kontextes;Show one recent customer/project example and trace the requirement to objective evidence and escalation.;Ukažte jeden aktuální zákaznický/projektový příklad a sledujte požadavek k objektivnímu důkazu a eskalaci.;Ein aktuelles Kunden-/Projektbeispiel zeigen und die Anforderung bis zu objektivem Nachweis und Eskalation verfolgen.
50001-4-1-certification-1;50001-4-1;ISO 50001;ISO 50001:2018 + Amd 1:2024;4.1;4;high;certification;Understanding the organization and its context;Porozumění organizaci a jejímu kontextu;Verstehen der Organisation und ihres Kontextes;Which objective evidence demonstrates conformity and effective implementation of clause 4.1?;Který objektivní důkaz prokazuje shodu a účinné zavedení článku 4.1?;Welche objektiven Nachweise belegen Konformität und wirksame Umsetzung von Abschnitt 4.1?
50001-4-1-certification-2;50001-4-1;ISO 50001;ISO 50001:2018 + Amd 1:2024;4.1;4;high;certification;Understanding the organization and its context;Porozumění organizaci a jejímu kontextu;Verstehen der Organisation und ihres Kontextes;Which context issues have materially changed the system in the last twelve months?;Které okolnosti kontextu v posledních dvanácti měsících významně změnily systém?;Welche Kontextthemen haben das System in den letzten zwölf Monaten wesentlich verändert?
50001-4-1-certification-3;50001-4-1;ISO 50001;ISO 50001:2018 + Amd 1:2024;4.1;4;high;certification;Understanding the organization and its context;Porozumění organizaci a jejímu kontextu;Verstehen der Organisation und ihres Kontextes;How does this control interact with related clauses, and how are gaps classified and corrected?;Jak toto řízení souvisí s navazujícími články a jak se klasifikují a řeší mezery?;Wie wirkt diese Steuerung mit verwandten Abschnitten zusammen und wie werden Lücken klassifiziert und behoben?
50001-4-2-internal-1;50001-4-2;ISO 50001;ISO 50001:2018 + Amd 1:2024;4.2;4;high;internal;Needs and expectations of interested parties;Potřeby a očekávání zainteresovaných stran;Erfordernisse und Erwartungen interessierter Parteien;Which stakeholder requirements are currently binding or strategically adopted, and where are they controlled?;Které požadavky zainteresovaných stran jsou nyní závazné nebo strategicky přijaté a kde jsou řízeny?;Welche Anforderungen interessierter Parteien sind derzeit verbindlich oder strategisch übernommen und wo werden sie gelenkt?
50001-4-2-internal-2;50001-4-2;ISO 50001;ISO 50001:2018 + Amd 1:2024;4.2;4;high;internal;Needs and expectations of interested parties;Potřeby a očekávání zainteresovaných stran;Erfordernisse und Erwartungen interessierter Parteien;How is needs and expectations of interested parties implemented in the selected process, and who owns the control?;Jak je v hodnoceném procesu zavedeno téma „Potřeby a očekávání zainteresovaných stran“ a kdo vlastní příslušné řízení?;Wie ist „Erfordernisse und Erwartungen interessierter Parteien“ im ausgewählten Prozess umgesetzt und wer verantwortet die Steuerung?
50001-4-2-internal-3;50001-4-2;ISO 50001;ISO 50001:2018 + Amd 1:2024;4.2;4;high;internal;Needs and expectations of interested parties;Potřeby a očekávání zainteresovaných stran;Erfordernisse und Erwartungen interessierter Parteien;Show a recent sample and explain how effectiveness, deviations and follow-up are evaluated.;Ukažte aktuální vzorek a vysvětlete, jak se hodnotí účinnost, odchylky a následná opatření.;Eine aktuelle Stichprobe zeigen und erläutern, wie Wirksamkeit, Abweichungen und Folgemaßnahmen bewertet werden.
50001-4-2-customer-1;50001-4-2;ISO 50001;ISO 50001:2018 + Amd 1:2024;4.2;4;high;customer;Needs and expectations of interested parties;Potřeby a očekávání zainteresovaných stran;Erfordernisse und Erwartungen interessierter Parteien;How does clause 4.2 protect customer, contractual or stakeholder expectations in this process?;Jak článek 4.2 chrání očekávání zákazníka, smluvní nebo jiné relevantní požadavky v tomto procesu?;Wie schützt Abschnitt 4.2 Kunden-, Vertrags- oder relevante Stakeholderanforderungen in diesem Prozess?
50001-4-2-customer-2;50001-4-2;ISO 50001;ISO 50001:2018 + Amd 1:2024;4.2;4;high;customer;Needs and expectations of interested parties;Potřeby a očekávání zainteresovaných stran;Erfordernisse und Erwartungen interessierter Parteien;Which stakeholder requirements are currently binding or strategically adopted, and where are they controlled?;Které požadavky zainteresovaných stran jsou nyní závazné nebo strategicky přijaté a kde jsou řízeny?;Welche Anforderungen interessierter Parteien sind derzeit verbindlich oder strategisch übernommen und wo werden sie gelenkt?
50001-4-2-customer-3;50001-4-2;ISO 50001;ISO 50001:2018 + Amd 1:2024;4.2;4;high;customer;Needs and expectations of interested parties;Potřeby a očekávání zainteresovaných stran;Erfordernisse und Erwartungen interessierter Parteien;Show one recent customer/project example and trace the requirement to objective evidence and escalation.;Ukažte jeden aktuální zákaznický/projektový příklad a sledujte požadavek k objektivnímu důkazu a eskalaci.;Ein aktuelles Kunden-/Projektbeispiel zeigen und die Anforderung bis zu objektivem Nachweis und Eskalation verfolgen.
50001-4-2-certification-1;50001-4-2;ISO 50001;ISO 50001:2018 + Amd 1:2024;4.2;4;high;certification;Needs and expectations of interested parties;Potřeby a očekávání zainteresovaných stran;Erfordernisse und Erwartungen interessierter Parteien;Which objective evidence demonstrates conformity and effective implementation of clause 4.2?;Který objektivní důkaz prokazuje shodu a účinné zavedení článku 4.2?;Welche objektiven Nachweise belegen Konformität und wirksame Umsetzung von Abschnitt 4.2?
50001-4-2-certification-2;50001-4-2;ISO 50001;ISO 50001:2018 + Amd 1:2024;4.2;4;high;certification;Needs and expectations of interested parties;Potřeby a očekávání zainteresovaných stran;Erfordernisse und Erwartungen interessierter Parteien;Which stakeholder requirements are currently binding or strategically adopted, and where are they controlled?;Které požadavky zainteresovaných stran jsou nyní závazné nebo strategicky přijaté a kde jsou řízeny?;Welche Anforderungen interessierter Parteien sind derzeit verbindlich oder strategisch übernommen und wo werden sie gelenkt?
50001-4-2-certification-3;50001-4-2;ISO 50001;ISO 50001:2018 + Amd 1:2024;4.2;4;high;certification;Needs and expectations of interested parties;Potřeby a očekávání zainteresovaných stran;Erfordernisse und Erwartungen interessierter Parteien;How does this control interact with related clauses, and how are gaps classified and corrected?;Jak toto řízení souvisí s navazujícími články a jak se klasifikují a řeší mezery?;Wie wirkt diese Steuerung mit verwandten Abschnitten zusammen und wie werden Lücken klassifiziert und behoben?
50001-4-3-internal-1;50001-4-3;ISO 50001;ISO 50001:2018 + Amd 1:2024;4.3;4;high;internal;Scope and boundaries of the EnMS;Rozsah a hranice EnMS;Anwendungsbereich und Grenzen des EnMS;Walk the EnMS boundary against utility meters, sub-metering, leases and operational control.;Projďte hranici EnMS vůči fakturačním měřidlům, podružnému měření, pronájmům a provoznímu řízení.;Die EnMS-Grenze anhand Versorgungszählern, Unterzählern, Mietverhältnissen und betrieblicher Steuerung prüfen.
50001-4-3-internal-2;50001-4-3;ISO 50001;ISO 50001:2018 + Amd 1:2024;4.3;4;high;internal;Scope and boundaries of the EnMS;Rozsah a hranice EnMS;Anwendungsbereich und Grenzen des EnMS;How is scope and boundaries of the enms implemented in the selected process, and who owns the control?;Jak je v hodnoceném procesu zavedeno téma „Rozsah a hranice EnMS“ a kdo vlastní příslušné řízení?;Wie ist „Anwendungsbereich und Grenzen des EnMS“ im ausgewählten Prozess umgesetzt und wer verantwortet die Steuerung?
50001-4-3-internal-3;50001-4-3;ISO 50001;ISO 50001:2018 + Amd 1:2024;4.3;4;high;internal;Scope and boundaries of the EnMS;Rozsah a hranice EnMS;Anwendungsbereich und Grenzen des EnMS;Show a recent sample and explain how effectiveness, deviations and follow-up are evaluated.;Ukažte aktuální vzorek a vysvětlete, jak se hodnotí účinnost, odchylky a následná opatření.;Eine aktuelle Stichprobe zeigen und erläutern, wie Wirksamkeit, Abweichungen und Folgemaßnahmen bewertet werden.
50001-4-3-customer-1;50001-4-3;ISO 50001;ISO 50001:2018 + Amd 1:2024;4.3;4;high;customer;Scope and boundaries of the EnMS;Rozsah a hranice EnMS;Anwendungsbereich und Grenzen des EnMS;How does clause 4.3 protect customer, contractual or stakeholder expectations in this process?;Jak článek 4.3 chrání očekávání zákazníka, smluvní nebo jiné relevantní požadavky v tomto procesu?;Wie schützt Abschnitt 4.3 Kunden-, Vertrags- oder relevante Stakeholderanforderungen in diesem Prozess?
50001-4-3-customer-2;50001-4-3;ISO 50001;ISO 50001:2018 + Amd 1:2024;4.3;4;high;customer;Scope and boundaries of the EnMS;Rozsah a hranice EnMS;Anwendungsbereich und Grenzen des EnMS;Walk the EnMS boundary against utility meters, sub-metering, leases and operational control.;Projďte hranici EnMS vůči fakturačním měřidlům, podružnému měření, pronájmům a provoznímu řízení.;Die EnMS-Grenze anhand Versorgungszählern, Unterzählern, Mietverhältnissen und betrieblicher Steuerung prüfen.
50001-4-3-customer-3;50001-4-3;ISO 50001;ISO 50001:2018 + Amd 1:2024;4.3;4;high;customer;Scope and boundaries of the EnMS;Rozsah a hranice EnMS;Anwendungsbereich und Grenzen des EnMS;Show one recent customer/project example and trace the requirement to objective evidence and escalation.;Ukažte jeden aktuální zákaznický/projektový příklad a sledujte požadavek k objektivnímu důkazu a eskalaci.;Ein aktuelles Kunden-/Projektbeispiel zeigen und die Anforderung bis zu objektivem Nachweis und Eskalation verfolgen.
50001-4-3-certification-1;50001-4-3;ISO 50001;ISO 50001:2018 + Amd 1:2024;4.3;4;high;certification;Scope and boundaries of the EnMS;Rozsah a hranice EnMS;Anwendungsbereich und Grenzen des EnMS;Which objective evidence demonstrates conformity and effective implementation of clause 4.3?;Který objektivní důkaz prokazuje shodu a účinné zavedení článku 4.3?;Welche objektiven Nachweise belegen Konformität und wirksame Umsetzung von Abschnitt 4.3?
50001-4-3-certification-2;50001-4-3;ISO 50001;ISO 50001:2018 + Amd 1:2024;4.3;4;high;certification;Scope and boundaries of the EnMS;Rozsah a hranice EnMS;Anwendungsbereich und Grenzen des EnMS;Walk the EnMS boundary against utility meters, sub-metering, leases and operational control.;Projďte hranici EnMS vůči fakturačním měřidlům, podružnému měření, pronájmům a provoznímu řízení.;Die EnMS-Grenze anhand Versorgungszählern, Unterzählern, Mietverhältnissen und betrieblicher Steuerung prüfen.
50001-4-3-certification-3;50001-4-3;ISO 50001;ISO 50001:2018 + Amd 1:2024;4.3;4;high;certification;Scope and boundaries of the EnMS;Rozsah a hranice EnMS;Anwendungsbereich und Grenzen des EnMS;How does this control interact with related clauses, and how are gaps classified and corrected?;Jak toto řízení souvisí s navazujícími články a jak se klasifikují a řeší mezery?;Wie wirkt diese Steuerung mit verwandten Abschnitten zusammen und wie werden Lücken klassifiziert und behoben?
50001-4-4-internal-1;50001-4-4;ISO 50001;ISO 50001:2018 + Amd 1:2024;4.4;4;high;internal;Energy management system;Systém managementu hospodaření s energií;Energiemanagementsystem;Select one core process and show its inputs, controls, outputs, indicators, risks and interactions.;Vyberte jeden hlavní proces a ukažte jeho vstupy, opatření, výstupy, ukazatele, rizika a vazby.;Einen Kernprozess auswählen und Eingaben, Kontrollen, Ergebnisse, Kennzahlen, Risiken und Wechselwirkungen zeigen.
50001-4-4-internal-2;50001-4-4;ISO 50001;ISO 50001:2018 + Amd 1:2024;4.4;4;high;internal;Energy management system;Systém managementu hospodaření s energií;Energiemanagementsystem;How is energy management system implemented in the selected process, and who owns the control?;Jak je v hodnoceném procesu zavedeno téma „Systém managementu hospodaření s energií“ a kdo vlastní příslušné řízení?;Wie ist „Energiemanagementsystem“ im ausgewählten Prozess umgesetzt und wer verantwortet die Steuerung?
50001-4-4-internal-3;50001-4-4;ISO 50001;ISO 50001:2018 + Amd 1:2024;4.4;4;high;internal;Energy management system;Systém managementu hospodaření s energií;Energiemanagementsystem;Show a recent sample and explain how effectiveness, deviations and follow-up are evaluated.;Ukažte aktuální vzorek a vysvětlete, jak se hodnotí účinnost, odchylky a následná opatření.;Eine aktuelle Stichprobe zeigen und erläutern, wie Wirksamkeit, Abweichungen und Folgemaßnahmen bewertet werden.
50001-4-4-customer-1;50001-4-4;ISO 50001;ISO 50001:2018 + Amd 1:2024;4.4;4;high;customer;Energy management system;Systém managementu hospodaření s energií;Energiemanagementsystem;How does clause 4.4 protect customer, contractual or stakeholder expectations in this process?;Jak článek 4.4 chrání očekávání zákazníka, smluvní nebo jiné relevantní požadavky v tomto procesu?;Wie schützt Abschnitt 4.4 Kunden-, Vertrags- oder relevante Stakeholderanforderungen in diesem Prozess?
50001-4-4-customer-2;50001-4-4;ISO 50001;ISO 50001:2018 + Amd 1:2024;4.4;4;high;customer;Energy management system;Systém managementu hospodaření s energií;Energiemanagementsystem;Select one core process and show its inputs, controls, outputs, indicators, risks and interactions.;Vyberte jeden hlavní proces a ukažte jeho vstupy, opatření, výstupy, ukazatele, rizika a vazby.;Einen Kernprozess auswählen und Eingaben, Kontrollen, Ergebnisse, Kennzahlen, Risiken und Wechselwirkungen zeigen.
50001-4-4-customer-3;50001-4-4;ISO 50001;ISO 50001:2018 + Amd 1:2024;4.4;4;high;customer;Energy management system;Systém managementu hospodaření s energií;Energiemanagementsystem;Show one recent customer/project example and trace the requirement to objective evidence and escalation.;Ukažte jeden aktuální zákaznický/projektový příklad a sledujte požadavek k objektivnímu důkazu a eskalaci.;Ein aktuelles Kunden-/Projektbeispiel zeigen und die Anforderung bis zu objektivem Nachweis und Eskalation verfolgen.
50001-4-4-certification-1;50001-4-4;ISO 50001;ISO 50001:2018 + Amd 1:2024;4.4;4;high;certification;Energy management system;Systém managementu hospodaření s energií;Energiemanagementsystem;Which objective evidence demonstrates conformity and effective implementation of clause 4.4?;Který objektivní důkaz prokazuje shodu a účinné zavedení článku 4.4?;Welche objektiven Nachweise belegen Konformität und wirksame Umsetzung von Abschnitt 4.4?
50001-4-4-certification-2;50001-4-4;ISO 50001;ISO 50001:2018 + Amd 1:2024;4.4;4;high;certification;Energy management system;Systém managementu hospodaření s energií;Energiemanagementsystem;Select one core process and show its inputs, controls, outputs, indicators, risks and interactions.;Vyberte jeden hlavní proces a ukažte jeho vstupy, opatření, výstupy, ukazatele, rizika a vazby.;Einen Kernprozess auswählen und Eingaben, Kontrollen, Ergebnisse, Kennzahlen, Risiken und Wechselwirkungen zeigen.
50001-4-4-certification-3;50001-4-4;ISO 50001;ISO 50001:2018 + Amd 1:2024;4.4;4;high;certification;Energy management system;Systém managementu hospodaření s energií;Energiemanagementsystem;How does this control interact with related clauses, and how are gaps classified and corrected?;Jak toto řízení souvisí s navazujícími články a jak se klasifikují a řeší mezery?;Wie wirkt diese Steuerung mit verwandten Abschnitten zusammen und wie werden Lücken klassifiziert und behoben?
50001-5-1-internal-1;50001-5-1;ISO 50001;ISO 50001:2018 + Amd 1:2024;5.1;5;high;internal;Leadership and commitment;Vedení a závazek;Führung und Verpflichtung;Which recent top-management decision demonstrates ownership of this management system?;Které nedávné rozhodnutí vrcholového vedení prokazuje vlastnictví tohoto systému?;Welche aktuelle Entscheidung der obersten Leitung belegt die Verantwortung für dieses Managementsystem?
50001-5-1-internal-2;50001-5-1;ISO 50001;ISO 50001:2018 + Amd 1:2024;5.1;5;high;internal;Leadership and commitment;Vedení a závazek;Führung und Verpflichtung;How is leadership and commitment implemented in the selected process, and who owns the control?;Jak je v hodnoceném procesu zavedeno téma „Vedení a závazek“ a kdo vlastní příslušné řízení?;Wie ist „Führung und Verpflichtung“ im ausgewählten Prozess umgesetzt und wer verantwortet die Steuerung?
50001-5-1-internal-3;50001-5-1;ISO 50001;ISO 50001:2018 + Amd 1:2024;5.1;5;high;internal;Leadership and commitment;Vedení a závazek;Führung und Verpflichtung;Show a recent sample and explain how effectiveness, deviations and follow-up are evaluated.;Ukažte aktuální vzorek a vysvětlete, jak se hodnotí účinnost, odchylky a následná opatření.;Eine aktuelle Stichprobe zeigen und erläutern, wie Wirksamkeit, Abweichungen und Folgemaßnahmen bewertet werden.
50001-5-1-customer-1;50001-5-1;ISO 50001;ISO 50001:2018 + Amd 1:2024;5.1;5;high;customer;Leadership and commitment;Vedení a závazek;Führung und Verpflichtung;How does clause 5.1 protect customer, contractual or stakeholder expectations in this process?;Jak článek 5.1 chrání očekávání zákazníka, smluvní nebo jiné relevantní požadavky v tomto procesu?;Wie schützt Abschnitt 5.1 Kunden-, Vertrags- oder relevante Stakeholderanforderungen in diesem Prozess?
50001-5-1-customer-2;50001-5-1;ISO 50001;ISO 50001:2018 + Amd 1:2024;5.1;5;high;customer;Leadership and commitment;Vedení a závazek;Führung und Verpflichtung;Which recent top-management decision demonstrates ownership of this management system?;Které nedávné rozhodnutí vrcholového vedení prokazuje vlastnictví tohoto systému?;Welche aktuelle Entscheidung der obersten Leitung belegt die Verantwortung für dieses Managementsystem?
50001-5-1-customer-3;50001-5-1;ISO 50001;ISO 50001:2018 + Amd 1:2024;5.1;5;high;customer;Leadership and commitment;Vedení a závazek;Führung und Verpflichtung;Show one recent customer/project example and trace the requirement to objective evidence and escalation.;Ukažte jeden aktuální zákaznický/projektový příklad a sledujte požadavek k objektivnímu důkazu a eskalaci.;Ein aktuelles Kunden-/Projektbeispiel zeigen und die Anforderung bis zu objektivem Nachweis und Eskalation verfolgen.
50001-5-1-certification-1;50001-5-1;ISO 50001;ISO 50001:2018 + Amd 1:2024;5.1;5;high;certification;Leadership and commitment;Vedení a závazek;Führung und Verpflichtung;Which objective evidence demonstrates conformity and effective implementation of clause 5.1?;Který objektivní důkaz prokazuje shodu a účinné zavedení článku 5.1?;Welche objektiven Nachweise belegen Konformität und wirksame Umsetzung von Abschnitt 5.1?
50001-5-1-certification-2;50001-5-1;ISO 50001;ISO 50001:2018 + Amd 1:2024;5.1;5;high;certification;Leadership and commitment;Vedení a závazek;Führung und Verpflichtung;Which recent top-management decision demonstrates ownership of this management system?;Které nedávné rozhodnutí vrcholového vedení prokazuje vlastnictví tohoto systému?;Welche aktuelle Entscheidung der obersten Leitung belegt die Verantwortung für dieses Managementsystem?
50001-5-1-certification-3;50001-5-1;ISO 50001;ISO 50001:2018 + Amd 1:2024;5.1;5;high;certification;Leadership and commitment;Vedení a závazek;Führung und Verpflichtung;How does this control interact with related clauses, and how are gaps classified and corrected?;Jak toto řízení souvisí s navazujícími články a jak se klasifikují a řeší mezery?;Wie wirkt diese Steuerung mit verwandten Abschnitten zusammen und wie werden Lücken klassifiziert und behoben?
50001-5-2-internal-1;50001-5-2;ISO 50001;ISO 50001:2018 + Amd 1:2024;5.2;5;high;internal;Energy policy;Energetická politika;Energiepolitik;Show a recent design, procurement or investment decision influenced by the energy policy.;Ukažte nedávné konstrukční, nákupní nebo investiční rozhodnutí ovlivněné energetickou politikou.;Eine aktuelle Auslegungs-, Beschaffungs- oder Investitionsentscheidung zeigen, die durch die Energiepolitik beeinflusst wurde.
50001-5-2-internal-2;50001-5-2;ISO 50001;ISO 50001:2018 + Amd 1:2024;5.2;5;high;internal;Energy policy;Energetická politika;Energiepolitik;How is energy policy implemented in the selected process, and who owns the control?;Jak je v hodnoceném procesu zavedeno téma „Energetická politika“ a kdo vlastní příslušné řízení?;Wie ist „Energiepolitik“ im ausgewählten Prozess umgesetzt und wer verantwortet die Steuerung?
50001-5-2-internal-3;50001-5-2;ISO 50001;ISO 50001:2018 + Amd 1:2024;5.2;5;high;internal;Energy policy;Energetická politika;Energiepolitik;Show a recent sample and explain how effectiveness, deviations and follow-up are evaluated.;Ukažte aktuální vzorek a vysvětlete, jak se hodnotí účinnost, odchylky a následná opatření.;Eine aktuelle Stichprobe zeigen und erläutern, wie Wirksamkeit, Abweichungen und Folgemaßnahmen bewertet werden.
50001-5-2-customer-1;50001-5-2;ISO 50001;ISO 50001:2018 + Amd 1:2024;5.2;5;high;customer;Energy policy;Energetická politika;Energiepolitik;How does clause 5.2 protect customer, contractual or stakeholder expectations in this process?;Jak článek 5.2 chrání očekávání zákazníka, smluvní nebo jiné relevantní požadavky v tomto procesu?;Wie schützt Abschnitt 5.2 Kunden-, Vertrags- oder relevante Stakeholderanforderungen in diesem Prozess?
50001-5-2-customer-2;50001-5-2;ISO 50001;ISO 50001:2018 + Amd 1:2024;5.2;5;high;customer;Energy policy;Energetická politika;Energiepolitik;Show a recent design, procurement or investment decision influenced by the energy policy.;Ukažte nedávné konstrukční, nákupní nebo investiční rozhodnutí ovlivněné energetickou politikou.;Eine aktuelle Auslegungs-, Beschaffungs- oder Investitionsentscheidung zeigen, die durch die Energiepolitik beeinflusst wurde.
50001-5-2-customer-3;50001-5-2;ISO 50001;ISO 50001:2018 + Amd 1:2024;5.2;5;high;customer;Energy policy;Energetická politika;Energiepolitik;Show one recent customer/project example and trace the requirement to objective evidence and escalation.;Ukažte jeden aktuální zákaznický/projektový příklad a sledujte požadavek k objektivnímu důkazu a eskalaci.;Ein aktuelles Kunden-/Projektbeispiel zeigen und die Anforderung bis zu objektivem Nachweis und Eskalation verfolgen.
50001-5-2-certification-1;50001-5-2;ISO 50001;ISO 50001:2018 + Amd 1:2024;5.2;5;high;certification;Energy policy;Energetická politika;Energiepolitik;Which objective evidence demonstrates conformity and effective implementation of clause 5.2?;Který objektivní důkaz prokazuje shodu a účinné zavedení článku 5.2?;Welche objektiven Nachweise belegen Konformität und wirksame Umsetzung von Abschnitt 5.2?
50001-5-2-certification-2;50001-5-2;ISO 50001;ISO 50001:2018 + Amd 1:2024;5.2;5;high;certification;Energy policy;Energetická politika;Energiepolitik;Show a recent design, procurement or investment decision influenced by the energy policy.;Ukažte nedávné konstrukční, nákupní nebo investiční rozhodnutí ovlivněné energetickou politikou.;Eine aktuelle Auslegungs-, Beschaffungs- oder Investitionsentscheidung zeigen, die durch die Energiepolitik beeinflusst wurde.
50001-5-2-certification-3;50001-5-2;ISO 50001;ISO 50001:2018 + Amd 1:2024;5.2;5;high;certification;Energy policy;Energetická politika;Energiepolitik;How does this control interact with related clauses, and how are gaps classified and corrected?;Jak toto řízení souvisí s navazujícími články a jak se klasifikují a řeší mezery?;Wie wirkt diese Steuerung mit verwandten Abschnitten zusammen und wie werden Lücken klassifiziert und behoben?
50001-5-3-internal-1;50001-5-3;ISO 50001;ISO 50001:2018 + Amd 1:2024;5.3;5;medium;internal;Roles, responsibilities and authorities;Role, odpovědnosti a pravomoci;Rollen, Verantwortlichkeiten und Befugnisse;Who may stop, approve or escalate the process when requirements are at risk?;Kdo může proces zastavit, schválit nebo eskalovat, pokud jsou požadavky ohroženy?;Wer darf den Prozess stoppen, freigeben oder eskalieren, wenn Anforderungen gefährdet sind?
50001-5-3-internal-2;50001-5-3;ISO 50001;ISO 50001:2018 + Amd 1:2024;5.3;5;medium;internal;Roles, responsibilities and authorities;Role, odpovědnosti a pravomoci;Rollen, Verantwortlichkeiten und Befugnisse;How is roles, responsibilities and authorities implemented in the selected process, and who owns the control?;Jak je v hodnoceném procesu zavedeno téma „Role, odpovědnosti a pravomoci“ a kdo vlastní příslušné řízení?;Wie ist „Rollen, Verantwortlichkeiten und Befugnisse“ im ausgewählten Prozess umgesetzt und wer verantwortet die Steuerung?
50001-5-3-internal-3;50001-5-3;ISO 50001;ISO 50001:2018 + Amd 1:2024;5.3;5;medium;internal;Roles, responsibilities and authorities;Role, odpovědnosti a pravomoci;Rollen, Verantwortlichkeiten und Befugnisse;Show a recent sample and explain how effectiveness, deviations and follow-up are evaluated.;Ukažte aktuální vzorek a vysvětlete, jak se hodnotí účinnost, odchylky a následná opatření.;Eine aktuelle Stichprobe zeigen und erläutern, wie Wirksamkeit, Abweichungen und Folgemaßnahmen bewertet werden.
50001-5-3-customer-1;50001-5-3;ISO 50001;ISO 50001:2018 + Amd 1:2024;5.3;5;medium;customer;Roles, responsibilities and authorities;Role, odpovědnosti a pravomoci;Rollen, Verantwortlichkeiten und Befugnisse;How does clause 5.3 protect customer, contractual or stakeholder expectations in this process?;Jak článek 5.3 chrání očekávání zákazníka, smluvní nebo jiné relevantní požadavky v tomto procesu?;Wie schützt Abschnitt 5.3 Kunden-, Vertrags- oder relevante Stakeholderanforderungen in diesem Prozess?
50001-5-3-customer-2;50001-5-3;ISO 50001;ISO 50001:2018 + Amd 1:2024;5.3;5;medium;customer;Roles, responsibilities and authorities;Role, odpovědnosti a pravomoci;Rollen, Verantwortlichkeiten und Befugnisse;Who may stop, approve or escalate the process when requirements are at risk?;Kdo může proces zastavit, schválit nebo eskalovat, pokud jsou požadavky ohroženy?;Wer darf den Prozess stoppen, freigeben oder eskalieren, wenn Anforderungen gefährdet sind?
50001-5-3-customer-3;50001-5-3;ISO 50001;ISO 50001:2018 + Amd 1:2024;5.3;5;medium;customer;Roles, responsibilities and authorities;Role, odpovědnosti a pravomoci;Rollen, Verantwortlichkeiten und Befugnisse;Show one recent customer/project example and trace the requirement to objective evidence and escalation.;Ukažte jeden aktuální zákaznický/projektový příklad a sledujte požadavek k objektivnímu důkazu a eskalaci.;Ein aktuelles Kunden-/Projektbeispiel zeigen und die Anforderung bis zu objektivem Nachweis und Eskalation verfolgen.
50001-5-3-certification-1;50001-5-3;ISO 50001;ISO 50001:2018 + Amd 1:2024;5.3;5;medium;certification;Roles, responsibilities and authorities;Role, odpovědnosti a pravomoci;Rollen, Verantwortlichkeiten und Befugnisse;Which objective evidence demonstrates conformity and effective implementation of clause 5.3?;Který objektivní důkaz prokazuje shodu a účinné zavedení článku 5.3?;Welche objektiven Nachweise belegen Konformität und wirksame Umsetzung von Abschnitt 5.3?
50001-5-3-certification-2;50001-5-3;ISO 50001;ISO 50001:2018 + Amd 1:2024;5.3;5;medium;certification;Roles, responsibilities and authorities;Role, odpovědnosti a pravomoci;Rollen, Verantwortlichkeiten und Befugnisse;Who may stop, approve or escalate the process when requirements are at risk?;Kdo může proces zastavit, schválit nebo eskalovat, pokud jsou požadavky ohroženy?;Wer darf den Prozess stoppen, freigeben oder eskalieren, wenn Anforderungen gefährdet sind?
50001-5-3-certification-3;50001-5-3;ISO 50001;ISO 50001:2018 + Amd 1:2024;5.3;5;medium;certification;Roles, responsibilities and authorities;Role, odpovědnosti a pravomoci;Rollen, Verantwortlichkeiten und Befugnisse;How does this control interact with related clauses, and how are gaps classified and corrected?;Jak toto řízení souvisí s navazujícími články a jak se klasifikují a řeší mezery?;Wie wirkt diese Steuerung mit verwandten Abschnitten zusammen und wie werden Lücken klassifiziert und behoben?
50001-6-1-internal-1;50001-6-1;ISO 50001;ISO 50001:2018 + Amd 1:2024;6.1;6;high;internal;Actions addressing risks and opportunities;Opatření k řešení rizik a příležitostí;Maßnahmen zum Umgang mit Risiken und Chancen;Show one high-priority risk from identification through action to effectiveness review.;Ukažte jedno prioritní riziko od identifikace přes opatření až po ověření účinnosti.;Ein prioritäres Risiko von der Identifizierung über Maßnahmen bis zur Wirksamkeitsprüfung zeigen.
50001-6-1-internal-2;50001-6-1;ISO 50001;ISO 50001:2018 + Amd 1:2024;6.1;6;high;internal;Actions addressing risks and opportunities;Opatření k řešení rizik a příležitostí;Maßnahmen zum Umgang mit Risiken und Chancen;How is actions addressing risks and opportunities implemented in the selected process, and who owns the control?;Jak je v hodnoceném procesu zavedeno téma „Opatření k řešení rizik a příležitostí“ a kdo vlastní příslušné řízení?;Wie ist „Maßnahmen zum Umgang mit Risiken und Chancen“ im ausgewählten Prozess umgesetzt und wer verantwortet die Steuerung?
50001-6-1-internal-3;50001-6-1;ISO 50001;ISO 50001:2018 + Amd 1:2024;6.1;6;high;internal;Actions addressing risks and opportunities;Opatření k řešení rizik a příležitostí;Maßnahmen zum Umgang mit Risiken und Chancen;Show a recent sample and explain how effectiveness, deviations and follow-up are evaluated.;Ukažte aktuální vzorek a vysvětlete, jak se hodnotí účinnost, odchylky a následná opatření.;Eine aktuelle Stichprobe zeigen und erläutern, wie Wirksamkeit, Abweichungen und Folgemaßnahmen bewertet werden.
50001-6-1-customer-1;50001-6-1;ISO 50001;ISO 50001:2018 + Amd 1:2024;6.1;6;high;customer;Actions addressing risks and opportunities;Opatření k řešení rizik a příležitostí;Maßnahmen zum Umgang mit Risiken und Chancen;How does clause 6.1 protect customer, contractual or stakeholder expectations in this process?;Jak článek 6.1 chrání očekávání zákazníka, smluvní nebo jiné relevantní požadavky v tomto procesu?;Wie schützt Abschnitt 6.1 Kunden-, Vertrags- oder relevante Stakeholderanforderungen in diesem Prozess?
50001-6-1-customer-2;50001-6-1;ISO 50001;ISO 50001:2018 + Amd 1:2024;6.1;6;high;customer;Actions addressing risks and opportunities;Opatření k řešení rizik a příležitostí;Maßnahmen zum Umgang mit Risiken und Chancen;Show one high-priority risk from identification through action to effectiveness review.;Ukažte jedno prioritní riziko od identifikace přes opatření až po ověření účinnosti.;Ein prioritäres Risiko von der Identifizierung über Maßnahmen bis zur Wirksamkeitsprüfung zeigen.
50001-6-1-customer-3;50001-6-1;ISO 50001;ISO 50001:2018 + Amd 1:2024;6.1;6;high;customer;Actions addressing risks and opportunities;Opatření k řešení rizik a příležitostí;Maßnahmen zum Umgang mit Risiken und Chancen;Show one recent customer/project example and trace the requirement to objective evidence and escalation.;Ukažte jeden aktuální zákaznický/projektový příklad a sledujte požadavek k objektivnímu důkazu a eskalaci.;Ein aktuelles Kunden-/Projektbeispiel zeigen und die Anforderung bis zu objektivem Nachweis und Eskalation verfolgen.
50001-6-1-certification-1;50001-6-1;ISO 50001;ISO 50001:2018 + Amd 1:2024;6.1;6;high;certification;Actions addressing risks and opportunities;Opatření k řešení rizik a příležitostí;Maßnahmen zum Umgang mit Risiken und Chancen;Which objective evidence demonstrates conformity and effective implementation of clause 6.1?;Který objektivní důkaz prokazuje shodu a účinné zavedení článku 6.1?;Welche objektiven Nachweise belegen Konformität und wirksame Umsetzung von Abschnitt 6.1?
50001-6-1-certification-2;50001-6-1;ISO 50001;ISO 50001:2018 + Amd 1:2024;6.1;6;high;certification;Actions addressing risks and opportunities;Opatření k řešení rizik a příležitostí;Maßnahmen zum Umgang mit Risiken und Chancen;Show one high-priority risk from identification through action to effectiveness review.;Ukažte jedno prioritní riziko od identifikace přes opatření až po ověření účinnosti.;Ein prioritäres Risiko von der Identifizierung über Maßnahmen bis zur Wirksamkeitsprüfung zeigen.
50001-6-1-certification-3;50001-6-1;ISO 50001;ISO 50001:2018 + Amd 1:2024;6.1;6;high;certification;Actions addressing risks and opportunities;Opatření k řešení rizik a příležitostí;Maßnahmen zum Umgang mit Risiken und Chancen;How does this control interact with related clauses, and how are gaps classified and corrected?;Jak toto řízení souvisí s navazujícími články a jak se klasifikují a řeší mezery?;Wie wirkt diese Steuerung mit verwandten Abschnitten zusammen und wie werden Lücken klassifiziert und behoben?
50001-6-2-internal-1;50001-6-2;ISO 50001;ISO 50001:2018 + Amd 1:2024;6.2;6;high;internal;Energy objectives, energy targets and action plans;Energetické cíle, cílové hodnoty a akční plány;Energieziele, Energiezielwerte und Aktionspläne;For one target, show baseline, relevant variables, normalization, action plan and verified energy-performance improvement.;U jedné cílové hodnoty ukažte výchozí stav, relevantní proměnné, normalizaci, akční plán a ověřené zlepšení energetické hospodárnosti.;Für einen Zielwert Ausgangsbasis, relevante Variablen, Normalisierung, Aktionsplan und verifizierte Verbesserung der energiebezogenen Leistung zeigen.
50001-6-2-internal-2;50001-6-2;ISO 50001;ISO 50001:2018 + Amd 1:2024;6.2;6;high;internal;Energy objectives, energy targets and action plans;Energetické cíle, cílové hodnoty a akční plány;Energieziele, Energiezielwerte und Aktionspläne;How is energy objectives, energy targets and action plans implemented in the selected process, and who owns the control?;Jak je v hodnoceném procesu zavedeno téma „Energetické cíle, cílové hodnoty a akční plány“ a kdo vlastní příslušné řízení?;Wie ist „Energieziele, Energiezielwerte und Aktionspläne“ im ausgewählten Prozess umgesetzt und wer verantwortet die Steuerung?
50001-6-2-internal-3;50001-6-2;ISO 50001;ISO 50001:2018 + Amd 1:2024;6.2;6;high;internal;Energy objectives, energy targets and action plans;Energetické cíle, cílové hodnoty a akční plány;Energieziele, Energiezielwerte und Aktionspläne;Show a recent sample and explain how effectiveness, deviations and follow-up are evaluated.;Ukažte aktuální vzorek a vysvětlete, jak se hodnotí účinnost, odchylky a následná opatření.;Eine aktuelle Stichprobe zeigen und erläutern, wie Wirksamkeit, Abweichungen und Folgemaßnahmen bewertet werden.
50001-6-2-customer-1;50001-6-2;ISO 50001;ISO 50001:2018 + Amd 1:2024;6.2;6;high;customer;Energy objectives, energy targets and action plans;Energetické cíle, cílové hodnoty a akční plány;Energieziele, Energiezielwerte und Aktionspläne;How does clause 6.2 protect customer, contractual or stakeholder expectations in this process?;Jak článek 6.2 chrání očekávání zákazníka, smluvní nebo jiné relevantní požadavky v tomto procesu?;Wie schützt Abschnitt 6.2 Kunden-, Vertrags- oder relevante Stakeholderanforderungen in diesem Prozess?
50001-6-2-customer-2;50001-6-2;ISO 50001;ISO 50001:2018 + Amd 1:2024;6.2;6;high;customer;Energy objectives, energy targets and action plans;Energetické cíle, cílové hodnoty a akční plány;Energieziele, Energiezielwerte und Aktionspläne;For one target, show baseline, relevant variables, normalization, action plan and verified energy-performance improvement.;U jedné cílové hodnoty ukažte výchozí stav, relevantní proměnné, normalizaci, akční plán a ověřené zlepšení energetické hospodárnosti.;Für einen Zielwert Ausgangsbasis, relevante Variablen, Normalisierung, Aktionsplan und verifizierte Verbesserung der energiebezogenen Leistung zeigen.
50001-6-2-customer-3;50001-6-2;ISO 50001;ISO 50001:2018 + Amd 1:2024;6.2;6;high;customer;Energy objectives, energy targets and action plans;Energetické cíle, cílové hodnoty a akční plány;Energieziele, Energiezielwerte und Aktionspläne;Show one recent customer/project example and trace the requirement to objective evidence and escalation.;Ukažte jeden aktuální zákaznický/projektový příklad a sledujte požadavek k objektivnímu důkazu a eskalaci.;Ein aktuelles Kunden-/Projektbeispiel zeigen und die Anforderung bis zu objektivem Nachweis und Eskalation verfolgen.
50001-6-2-certification-1;50001-6-2;ISO 50001;ISO 50001:2018 + Amd 1:2024;6.2;6;high;certification;Energy objectives, energy targets and action plans;Energetické cíle, cílové hodnoty a akční plány;Energieziele, Energiezielwerte und Aktionspläne;Which objective evidence demonstrates conformity and effective implementation of clause 6.2?;Který objektivní důkaz prokazuje shodu a účinné zavedení článku 6.2?;Welche objektiven Nachweise belegen Konformität und wirksame Umsetzung von Abschnitt 6.2?
50001-6-2-certification-2;50001-6-2;ISO 50001;ISO 50001:2018 + Amd 1:2024;6.2;6;high;certification;Energy objectives, energy targets and action plans;Energetické cíle, cílové hodnoty a akční plány;Energieziele, Energiezielwerte und Aktionspläne;For one target, show baseline, relevant variables, normalization, action plan and verified energy-performance improvement.;U jedné cílové hodnoty ukažte výchozí stav, relevantní proměnné, normalizaci, akční plán a ověřené zlepšení energetické hospodárnosti.;Für einen Zielwert Ausgangsbasis, relevante Variablen, Normalisierung, Aktionsplan und verifizierte Verbesserung der energiebezogenen Leistung zeigen.
50001-6-2-certification-3;50001-6-2;ISO 50001;ISO 50001:2018 + Amd 1:2024;6.2;6;high;certification;Energy objectives, energy targets and action plans;Energetické cíle, cílové hodnoty a akční plány;Energieziele, Energiezielwerte und Aktionspläne;How does this control interact with related clauses, and how are gaps classified and corrected?;Jak toto řízení souvisí s navazujícími články a jak se klasifikují a řeší mezery?;Wie wirkt diese Steuerung mit verwandten Abschnitten zusammen und wie werden Lücken klassifiziert und behoben?
50001-6-3-internal-1;50001-6-3;ISO 50001;ISO 50001:2018 + Amd 1:2024;6.3;6;high;internal;Energy review;Energetický přezkum;Energetische Bewertung;Trace one SEU from energy balance through relevant variables, operating criteria, opportunities and expected consumption.;Sledujte jedno SEU od energetické bilance přes relevantní proměnné, provozní kritéria, příležitosti až k očekávané spotřebě.;Einen wesentlichen Energieeinsatz von Energiebilanz über relevante Variablen, Betriebskriterien, Chancen bis zum erwarteten Verbrauch verfolgen.
50001-6-3-internal-2;50001-6-3;ISO 50001;ISO 50001:2018 + Amd 1:2024;6.3;6;high;internal;Energy review;Energetický přezkum;Energetische Bewertung;How is energy review implemented in the selected process, and who owns the control?;Jak je v hodnoceném procesu zavedeno téma „Energetický přezkum“ a kdo vlastní příslušné řízení?;Wie ist „Energetische Bewertung“ im ausgewählten Prozess umgesetzt und wer verantwortet die Steuerung?
50001-6-3-internal-3;50001-6-3;ISO 50001;ISO 50001:2018 + Amd 1:2024;6.3;6;high;internal;Energy review;Energetický přezkum;Energetische Bewertung;Show a recent sample and explain how effectiveness, deviations and follow-up are evaluated.;Ukažte aktuální vzorek a vysvětlete, jak se hodnotí účinnost, odchylky a následná opatření.;Eine aktuelle Stichprobe zeigen und erläutern, wie Wirksamkeit, Abweichungen und Folgemaßnahmen bewertet werden.
50001-6-3-customer-1;50001-6-3;ISO 50001;ISO 50001:2018 + Amd 1:2024;6.3;6;high;customer;Energy review;Energetický přezkum;Energetische Bewertung;How does clause 6.3 protect customer, contractual or stakeholder expectations in this process?;Jak článek 6.3 chrání očekávání zákazníka, smluvní nebo jiné relevantní požadavky v tomto procesu?;Wie schützt Abschnitt 6.3 Kunden-, Vertrags- oder relevante Stakeholderanforderungen in diesem Prozess?
50001-6-3-customer-2;50001-6-3;ISO 50001;ISO 50001:2018 + Amd 1:2024;6.3;6;high;customer;Energy review;Energetický přezkum;Energetische Bewertung;Trace one SEU from energy balance through relevant variables, operating criteria, opportunities and expected consumption.;Sledujte jedno SEU od energetické bilance přes relevantní proměnné, provozní kritéria, příležitosti až k očekávané spotřebě.;Einen wesentlichen Energieeinsatz von Energiebilanz über relevante Variablen, Betriebskriterien, Chancen bis zum erwarteten Verbrauch verfolgen.
50001-6-3-customer-3;50001-6-3;ISO 50001;ISO 50001:2018 + Amd 1:2024;6.3;6;high;customer;Energy review;Energetický přezkum;Energetische Bewertung;Show one recent customer/project example and trace the requirement to objective evidence and escalation.;Ukažte jeden aktuální zákaznický/projektový příklad a sledujte požadavek k objektivnímu důkazu a eskalaci.;Ein aktuelles Kunden-/Projektbeispiel zeigen und die Anforderung bis zu objektivem Nachweis und Eskalation verfolgen.
50001-6-3-certification-1;50001-6-3;ISO 50001;ISO 50001:2018 + Amd 1:2024;6.3;6;high;certification;Energy review;Energetický přezkum;Energetische Bewertung;Which objective evidence demonstrates conformity and effective implementation of clause 6.3?;Který objektivní důkaz prokazuje shodu a účinné zavedení článku 6.3?;Welche objektiven Nachweise belegen Konformität und wirksame Umsetzung von Abschnitt 6.3?
50001-6-3-certification-2;50001-6-3;ISO 50001;ISO 50001:2018 + Amd 1:2024;6.3;6;high;certification;Energy review;Energetický přezkum;Energetische Bewertung;Trace one SEU from energy balance through relevant variables, operating criteria, opportunities and expected consumption.;Sledujte jedno SEU od energetické bilance přes relevantní proměnné, provozní kritéria, příležitosti až k očekávané spotřebě.;Einen wesentlichen Energieeinsatz von Energiebilanz über relevante Variablen, Betriebskriterien, Chancen bis zum erwarteten Verbrauch verfolgen.
50001-6-3-certification-3;50001-6-3;ISO 50001;ISO 50001:2018 + Amd 1:2024;6.3;6;high;certification;Energy review;Energetický přezkum;Energetische Bewertung;How does this control interact with related clauses, and how are gaps classified and corrected?;Jak toto řízení souvisí s navazujícími články a jak se klasifikují a řeší mezery?;Wie wirkt diese Steuerung mit verwandten Abschnitten zusammen und wie werden Lücken klassifiziert und behoben?
50001-6-4-internal-1;50001-6-4;ISO 50001;ISO 50001:2018 + Amd 1:2024;6.4;6;high;internal;Energy performance indicators (EnPIs);Ukazatele energetické hospodárnosti (EnPI);Energieleistungskennzahlen (EnPIs);For one EnPI, verify equation, units, boundaries, data quality, relevant variables, sensitivity and decision use.;U jednoho EnPI ověřte rovnici, jednotky, hranice, kvalitu dat, relevantní proměnné, citlivost a využití pro rozhodování.;Für einen EnPI Gleichung, Einheiten, Grenzen, Datenqualität, relevante Variablen, Sensitivität und Entscheidungsnutzung prüfen.
50001-6-4-internal-2;50001-6-4;ISO 50001;ISO 50001:2018 + Amd 1:2024;6.4;6;high;internal;Energy performance indicators (EnPIs);Ukazatele energetické hospodárnosti (EnPI);Energieleistungskennzahlen (EnPIs);How is energy performance indicators (enpis) implemented in the selected process, and who owns the control?;Jak je v hodnoceném procesu zavedeno téma „Ukazatele energetické hospodárnosti (EnPI)“ a kdo vlastní příslušné řízení?;Wie ist „Energieleistungskennzahlen (EnPIs)“ im ausgewählten Prozess umgesetzt und wer verantwortet die Steuerung?
50001-6-4-internal-3;50001-6-4;ISO 50001;ISO 50001:2018 + Amd 1:2024;6.4;6;high;internal;Energy performance indicators (EnPIs);Ukazatele energetické hospodárnosti (EnPI);Energieleistungskennzahlen (EnPIs);Show a recent sample and explain how effectiveness, deviations and follow-up are evaluated.;Ukažte aktuální vzorek a vysvětlete, jak se hodnotí účinnost, odchylky a následná opatření.;Eine aktuelle Stichprobe zeigen und erläutern, wie Wirksamkeit, Abweichungen und Folgemaßnahmen bewertet werden.
50001-6-4-customer-1;50001-6-4;ISO 50001;ISO 50001:2018 + Amd 1:2024;6.4;6;high;customer;Energy performance indicators (EnPIs);Ukazatele energetické hospodárnosti (EnPI);Energieleistungskennzahlen (EnPIs);How does clause 6.4 protect customer, contractual or stakeholder expectations in this process?;Jak článek 6.4 chrání očekávání zákazníka, smluvní nebo jiné relevantní požadavky v tomto procesu?;Wie schützt Abschnitt 6.4 Kunden-, Vertrags- oder relevante Stakeholderanforderungen in diesem Prozess?
50001-6-4-customer-2;50001-6-4;ISO 50001;ISO 50001:2018 + Amd 1:2024;6.4;6;high;customer;Energy performance indicators (EnPIs);Ukazatele energetické hospodárnosti (EnPI);Energieleistungskennzahlen (EnPIs);For one EnPI, verify equation, units, boundaries, data quality, relevant variables, sensitivity and decision use.;U jednoho EnPI ověřte rovnici, jednotky, hranice, kvalitu dat, relevantní proměnné, citlivost a využití pro rozhodování.;Für einen EnPI Gleichung, Einheiten, Grenzen, Datenqualität, relevante Variablen, Sensitivität und Entscheidungsnutzung prüfen.
50001-6-4-customer-3;50001-6-4;ISO 50001;ISO 50001:2018 + Amd 1:2024;6.4;6;high;customer;Energy performance indicators (EnPIs);Ukazatele energetické hospodárnosti (EnPI);Energieleistungskennzahlen (EnPIs);Show one recent customer/project example and trace the requirement to objective evidence and escalation.;Ukažte jeden aktuální zákaznický/projektový příklad a sledujte požadavek k objektivnímu důkazu a eskalaci.;Ein aktuelles Kunden-/Projektbeispiel zeigen und die Anforderung bis zu objektivem Nachweis und Eskalation verfolgen.
50001-6-4-certification-1;50001-6-4;ISO 50001;ISO 50001:2018 + Amd 1:2024;6.4;6;high;certification;Energy performance indicators (EnPIs);Ukazatele energetické hospodárnosti (EnPI);Energieleistungskennzahlen (EnPIs);Which objective evidence demonstrates conformity and effective implementation of clause 6.4?;Který objektivní důkaz prokazuje shodu a účinné zavedení článku 6.4?;Welche objektiven Nachweise belegen Konformität und wirksame Umsetzung von Abschnitt 6.4?
50001-6-4-certification-2;50001-6-4;ISO 50001;ISO 50001:2018 + Amd 1:2024;6.4;6;high;certification;Energy performance indicators (EnPIs);Ukazatele energetické hospodárnosti (EnPI);Energieleistungskennzahlen (EnPIs);For one EnPI, verify equation, units, boundaries, data quality, relevant variables, sensitivity and decision use.;U jednoho EnPI ověřte rovnici, jednotky, hranice, kvalitu dat, relevantní proměnné, citlivost a využití pro rozhodování.;Für einen EnPI Gleichung, Einheiten, Grenzen, Datenqualität, relevante Variablen, Sensitivität und Entscheidungsnutzung prüfen.
50001-6-4-certification-3;50001-6-4;ISO 50001;ISO 50001:2018 + Amd 1:2024;6.4;6;high;certification;Energy performance indicators (EnPIs);Ukazatele energetické hospodárnosti (EnPI);Energieleistungskennzahlen (EnPIs);How does this control interact with related clauses, and how are gaps classified and corrected?;Jak toto řízení souvisí s navazujícími články a jak se klasifikují a řeší mezery?;Wie wirkt diese Steuerung mit verwandten Abschnitten zusammen und wie werden Lücken klassifiziert und behoben?
50001-6-5-internal-1;50001-6-5;ISO 50001;ISO 50001:2018 + Amd 1:2024;6.5;6;high;internal;Energy baseline (EnB);Energetická základna (EnB);Energetische Ausgangsbasis (EnB);Why was the baseline period selected, and what rules prevent unjustified rebasing?;Proč bylo zvoleno období základny a jaká pravidla brání neodůvodněnému přenastavení?;Warum wurde der Basiszeitraum gewählt und welche Regeln verhindern unbegründete Neufestlegung?
50001-6-5-internal-2;50001-6-5;ISO 50001;ISO 50001:2018 + Amd 1:2024;6.5;6;high;internal;Energy baseline (EnB);Energetická základna (EnB);Energetische Ausgangsbasis (EnB);How is energy baseline (enb) implemented in the selected process, and who owns the control?;Jak je v hodnoceném procesu zavedeno téma „Energetická základna (EnB)“ a kdo vlastní příslušné řízení?;Wie ist „Energetische Ausgangsbasis (EnB)“ im ausgewählten Prozess umgesetzt und wer verantwortet die Steuerung?
50001-6-5-internal-3;50001-6-5;ISO 50001;ISO 50001:2018 + Amd 1:2024;6.5;6;high;internal;Energy baseline (EnB);Energetická základna (EnB);Energetische Ausgangsbasis (EnB);Show a recent sample and explain how effectiveness, deviations and follow-up are evaluated.;Ukažte aktuální vzorek a vysvětlete, jak se hodnotí účinnost, odchylky a následná opatření.;Eine aktuelle Stichprobe zeigen und erläutern, wie Wirksamkeit, Abweichungen und Folgemaßnahmen bewertet werden.
50001-6-5-customer-1;50001-6-5;ISO 50001;ISO 50001:2018 + Amd 1:2024;6.5;6;high;customer;Energy baseline (EnB);Energetická základna (EnB);Energetische Ausgangsbasis (EnB);How does clause 6.5 protect customer, contractual or stakeholder expectations in this process?;Jak článek 6.5 chrání očekávání zákazníka, smluvní nebo jiné relevantní požadavky v tomto procesu?;Wie schützt Abschnitt 6.5 Kunden-, Vertrags- oder relevante Stakeholderanforderungen in diesem Prozess?
50001-6-5-customer-2;50001-6-5;ISO 50001;ISO 50001:2018 + Amd 1:2024;6.5;6;high;customer;Energy baseline (EnB);Energetická základna (EnB);Energetische Ausgangsbasis (EnB);Why was the baseline period selected, and what rules prevent unjustified rebasing?;Proč bylo zvoleno období základny a jaká pravidla brání neodůvodněnému přenastavení?;Warum wurde der Basiszeitraum gewählt und welche Regeln verhindern unbegründete Neufestlegung?
50001-6-5-customer-3;50001-6-5;ISO 50001;ISO 50001:2018 + Amd 1:2024;6.5;6;high;customer;Energy baseline (EnB);Energetická základna (EnB);Energetische Ausgangsbasis (EnB);Show one recent customer/project example and trace the requirement to objective evidence and escalation.;Ukažte jeden aktuální zákaznický/projektový příklad a sledujte požadavek k objektivnímu důkazu a eskalaci.;Ein aktuelles Kunden-/Projektbeispiel zeigen und die Anforderung bis zu objektivem Nachweis und Eskalation verfolgen.
50001-6-5-certification-1;50001-6-5;ISO 50001;ISO 50001:2018 + Amd 1:2024;6.5;6;high;certification;Energy baseline (EnB);Energetická základna (EnB);Energetische Ausgangsbasis (EnB);Which objective evidence demonstrates conformity and effective implementation of clause 6.5?;Který objektivní důkaz prokazuje shodu a účinné zavedení článku 6.5?;Welche objektiven Nachweise belegen Konformität und wirksame Umsetzung von Abschnitt 6.5?
50001-6-5-certification-2;50001-6-5;ISO 50001;ISO 50001:2018 + Amd 1:2024;6.5;6;high;certification;Energy baseline (EnB);Energetická základna (EnB);Energetische Ausgangsbasis (EnB);Why was the baseline period selected, and what rules prevent unjustified rebasing?;Proč bylo zvoleno období základny a jaká pravidla brání neodůvodněnému přenastavení?;Warum wurde der Basiszeitraum gewählt und welche Regeln verhindern unbegründete Neufestlegung?
50001-6-5-certification-3;50001-6-5;ISO 50001;ISO 50001:2018 + Amd 1:2024;6.5;6;high;certification;Energy baseline (EnB);Energetická základna (EnB);Energetische Ausgangsbasis (EnB);How does this control interact with related clauses, and how are gaps classified and corrected?;Jak toto řízení souvisí s navazujícími články a jak se klasifikují a řeší mezery?;Wie wirkt diese Steuerung mit verwandten Abschnitten zusammen und wie werden Lücken klassifiziert und behoben?
50001-6-6-internal-1;50001-6-6;ISO 50001;ISO 50001:2018 + Amd 1:2024;6.6;6;high;internal;Planning for collection of energy data;Plánování sběru energetických dat;Planung der Sammlung von Energiedaten;Trace one energy data point from meter/sensor through validation and calculation to an EnPI and management decision.;Sledujte jeden energetický údaj od měřidla/senzoru přes validaci a výpočet až k EnPI a rozhodnutí vedení.;Einen Energiedatenpunkt vom Zähler/Sensor über Validierung und Berechnung bis zum EnPI und zur Managemententscheidung verfolgen.
50001-6-6-internal-2;50001-6-6;ISO 50001;ISO 50001:2018 + Amd 1:2024;6.6;6;high;internal;Planning for collection of energy data;Plánování sběru energetických dat;Planung der Sammlung von Energiedaten;How is planning for collection of energy data implemented in the selected process, and who owns the control?;Jak je v hodnoceném procesu zavedeno téma „Plánování sběru energetických dat“ a kdo vlastní příslušné řízení?;Wie ist „Planung der Sammlung von Energiedaten“ im ausgewählten Prozess umgesetzt und wer verantwortet die Steuerung?
50001-6-6-internal-3;50001-6-6;ISO 50001;ISO 50001:2018 + Amd 1:2024;6.6;6;high;internal;Planning for collection of energy data;Plánování sběru energetických dat;Planung der Sammlung von Energiedaten;Show a recent sample and explain how effectiveness, deviations and follow-up are evaluated.;Ukažte aktuální vzorek a vysvětlete, jak se hodnotí účinnost, odchylky a následná opatření.;Eine aktuelle Stichprobe zeigen und erläutern, wie Wirksamkeit, Abweichungen und Folgemaßnahmen bewertet werden.
50001-6-6-customer-1;50001-6-6;ISO 50001;ISO 50001:2018 + Amd 1:2024;6.6;6;high;customer;Planning for collection of energy data;Plánování sběru energetických dat;Planung der Sammlung von Energiedaten;How does clause 6.6 protect customer, contractual or stakeholder expectations in this process?;Jak článek 6.6 chrání očekávání zákazníka, smluvní nebo jiné relevantní požadavky v tomto procesu?;Wie schützt Abschnitt 6.6 Kunden-, Vertrags- oder relevante Stakeholderanforderungen in diesem Prozess?
50001-6-6-customer-2;50001-6-6;ISO 50001;ISO 50001:2018 + Amd 1:2024;6.6;6;high;customer;Planning for collection of energy data;Plánování sběru energetických dat;Planung der Sammlung von Energiedaten;Trace one energy data point from meter/sensor through validation and calculation to an EnPI and management decision.;Sledujte jeden energetický údaj od měřidla/senzoru přes validaci a výpočet až k EnPI a rozhodnutí vedení.;Einen Energiedatenpunkt vom Zähler/Sensor über Validierung und Berechnung bis zum EnPI und zur Managemententscheidung verfolgen.
50001-6-6-customer-3;50001-6-6;ISO 50001;ISO 50001:2018 + Amd 1:2024;6.6;6;high;customer;Planning for collection of energy data;Plánování sběru energetických dat;Planung der Sammlung von Energiedaten;Show one recent customer/project example and trace the requirement to objective evidence and escalation.;Ukažte jeden aktuální zákaznický/projektový příklad a sledujte požadavek k objektivnímu důkazu a eskalaci.;Ein aktuelles Kunden-/Projektbeispiel zeigen und die Anforderung bis zu objektivem Nachweis und Eskalation verfolgen.
50001-6-6-certification-1;50001-6-6;ISO 50001;ISO 50001:2018 + Amd 1:2024;6.6;6;high;certification;Planning for collection of energy data;Plánování sběru energetických dat;Planung der Sammlung von Energiedaten;Which objective evidence demonstrates conformity and effective implementation of clause 6.6?;Který objektivní důkaz prokazuje shodu a účinné zavedení článku 6.6?;Welche objektiven Nachweise belegen Konformität und wirksame Umsetzung von Abschnitt 6.6?
50001-6-6-certification-2;50001-6-6;ISO 50001;ISO 50001:2018 + Amd 1:2024;6.6;6;high;certification;Planning for collection of energy data;Plánování sběru energetických dat;Planung der Sammlung von Energiedaten;Trace one energy data point from meter/sensor through validation and calculation to an EnPI and management decision.;Sledujte jeden energetický údaj od měřidla/senzoru přes validaci a výpočet až k EnPI a rozhodnutí vedení.;Einen Energiedatenpunkt vom Zähler/Sensor über Validierung und Berechnung bis zum EnPI und zur Managemententscheidung verfolgen.
50001-6-6-certification-3;50001-6-6;ISO 50001;ISO 50001:2018 + Amd 1:2024;6.6;6;high;certification;Planning for collection of energy data;Plánování sběru energetických dat;Planung der Sammlung von Energiedaten;How does this control interact with related clauses, and how are gaps classified and corrected?;Jak toto řízení souvisí s navazujícími články a jak se klasifikují a řeší mezery?;Wie wirkt diese Steuerung mit verwandten Abschnitten zusammen und wie werden Lücken klassifiziert und behoben?
50001-7-1-internal-1;50001-7-1;ISO 50001;ISO 50001:2018 + Amd 1:2024;7.1;7;medium;internal;Resources;Zdroje;Ressourcen;Where is the largest resource constraint and how is its risk controlled?;Kde je největší omezení zdrojů a jak je jeho riziko řízeno?;Wo besteht der größte Ressourcenengpass und wie wird dessen Risiko gelenkt?
50001-7-1-internal-2;50001-7-1;ISO 50001;ISO 50001:2018 + Amd 1:2024;7.1;7;medium;internal;Resources;Zdroje;Ressourcen;How is resources implemented in the selected process, and who owns the control?;Jak je v hodnoceném procesu zavedeno téma „Zdroje“ a kdo vlastní příslušné řízení?;Wie ist „Ressourcen“ im ausgewählten Prozess umgesetzt und wer verantwortet die Steuerung?
50001-7-1-internal-3;50001-7-1;ISO 50001;ISO 50001:2018 + Amd 1:2024;7.1;7;medium;internal;Resources;Zdroje;Ressourcen;Show a recent sample and explain how effectiveness, deviations and follow-up are evaluated.;Ukažte aktuální vzorek a vysvětlete, jak se hodnotí účinnost, odchylky a následná opatření.;Eine aktuelle Stichprobe zeigen und erläutern, wie Wirksamkeit, Abweichungen und Folgemaßnahmen bewertet werden.
50001-7-1-customer-1;50001-7-1;ISO 50001;ISO 50001:2018 + Amd 1:2024;7.1;7;medium;customer;Resources;Zdroje;Ressourcen;How does clause 7.1 protect customer, contractual or stakeholder expectations in this process?;Jak článek 7.1 chrání očekávání zákazníka, smluvní nebo jiné relevantní požadavky v tomto procesu?;Wie schützt Abschnitt 7.1 Kunden-, Vertrags- oder relevante Stakeholderanforderungen in diesem Prozess?
50001-7-1-customer-2;50001-7-1;ISO 50001;ISO 50001:2018 + Amd 1:2024;7.1;7;medium;customer;Resources;Zdroje;Ressourcen;Where is the largest resource constraint and how is its risk controlled?;Kde je největší omezení zdrojů a jak je jeho riziko řízeno?;Wo besteht der größte Ressourcenengpass und wie wird dessen Risiko gelenkt?
50001-7-1-customer-3;50001-7-1;ISO 50001;ISO 50001:2018 + Amd 1:2024;7.1;7;medium;customer;Resources;Zdroje;Ressourcen;Show one recent customer/project example and trace the requirement to objective evidence and escalation.;Ukažte jeden aktuální zákaznický/projektový příklad a sledujte požadavek k objektivnímu důkazu a eskalaci.;Ein aktuelles Kunden-/Projektbeispiel zeigen und die Anforderung bis zu objektivem Nachweis und Eskalation verfolgen.
50001-7-1-certification-1;50001-7-1;ISO 50001;ISO 50001:2018 + Amd 1:2024;7.1;7;medium;certification;Resources;Zdroje;Ressourcen;Which objective evidence demonstrates conformity and effective implementation of clause 7.1?;Který objektivní důkaz prokazuje shodu a účinné zavedení článku 7.1?;Welche objektiven Nachweise belegen Konformität und wirksame Umsetzung von Abschnitt 7.1?
50001-7-1-certification-2;50001-7-1;ISO 50001;ISO 50001:2018 + Amd 1:2024;7.1;7;medium;certification;Resources;Zdroje;Ressourcen;Where is the largest resource constraint and how is its risk controlled?;Kde je největší omezení zdrojů a jak je jeho riziko řízeno?;Wo besteht der größte Ressourcenengpass und wie wird dessen Risiko gelenkt?
50001-7-1-certification-3;50001-7-1;ISO 50001;ISO 50001:2018 + Amd 1:2024;7.1;7;medium;certification;Resources;Zdroje;Ressourcen;How does this control interact with related clauses, and how are gaps classified and corrected?;Jak toto řízení souvisí s navazujícími články a jak se klasifikují a řeší mezery?;Wie wirkt diese Steuerung mit verwandten Abschnitten zusammen und wie werden Lücken klassifiziert und behoben?
50001-7-2-internal-1;50001-7-2;ISO 50001;ISO 50001:2018 + Amd 1:2024;7.2;7;high;internal;Competence;Kompetence;Kompetenz;How was competence verified for one high-risk role, and who authorizes independent work?;Jak byla ověřena kompetence pro jednu vysoce rizikovou roli a kdo povoluje samostatnou práci?;Wie wurde die Kompetenz für eine Hochrisikorolle geprüft und wer autorisiert selbstständige Arbeit?
50001-7-2-internal-2;50001-7-2;ISO 50001;ISO 50001:2018 + Amd 1:2024;7.2;7;high;internal;Competence;Kompetence;Kompetenz;How is competence implemented in the selected process, and who owns the control?;Jak je v hodnoceném procesu zavedeno téma „Kompetence“ a kdo vlastní příslušné řízení?;Wie ist „Kompetenz“ im ausgewählten Prozess umgesetzt und wer verantwortet die Steuerung?
50001-7-2-internal-3;50001-7-2;ISO 50001;ISO 50001:2018 + Amd 1:2024;7.2;7;high;internal;Competence;Kompetence;Kompetenz;Show a recent sample and explain how effectiveness, deviations and follow-up are evaluated.;Ukažte aktuální vzorek a vysvětlete, jak se hodnotí účinnost, odchylky a následná opatření.;Eine aktuelle Stichprobe zeigen und erläutern, wie Wirksamkeit, Abweichungen und Folgemaßnahmen bewertet werden.
50001-7-2-customer-1;50001-7-2;ISO 50001;ISO 50001:2018 + Amd 1:2024;7.2;7;high;customer;Competence;Kompetence;Kompetenz;How does clause 7.2 protect customer, contractual or stakeholder expectations in this process?;Jak článek 7.2 chrání očekávání zákazníka, smluvní nebo jiné relevantní požadavky v tomto procesu?;Wie schützt Abschnitt 7.2 Kunden-, Vertrags- oder relevante Stakeholderanforderungen in diesem Prozess?
50001-7-2-customer-2;50001-7-2;ISO 50001;ISO 50001:2018 + Amd 1:2024;7.2;7;high;customer;Competence;Kompetence;Kompetenz;How was competence verified for one high-risk role, and who authorizes independent work?;Jak byla ověřena kompetence pro jednu vysoce rizikovou roli a kdo povoluje samostatnou práci?;Wie wurde die Kompetenz für eine Hochrisikorolle geprüft und wer autorisiert selbstständige Arbeit?
50001-7-2-customer-3;50001-7-2;ISO 50001;ISO 50001:2018 + Amd 1:2024;7.2;7;high;customer;Competence;Kompetence;Kompetenz;Show one recent customer/project example and trace the requirement to objective evidence and escalation.;Ukažte jeden aktuální zákaznický/projektový příklad a sledujte požadavek k objektivnímu důkazu a eskalaci.;Ein aktuelles Kunden-/Projektbeispiel zeigen und die Anforderung bis zu objektivem Nachweis und Eskalation verfolgen.
50001-7-2-certification-1;50001-7-2;ISO 50001;ISO 50001:2018 + Amd 1:2024;7.2;7;high;certification;Competence;Kompetence;Kompetenz;Which objective evidence demonstrates conformity and effective implementation of clause 7.2?;Který objektivní důkaz prokazuje shodu a účinné zavedení článku 7.2?;Welche objektiven Nachweise belegen Konformität und wirksame Umsetzung von Abschnitt 7.2?
50001-7-2-certification-2;50001-7-2;ISO 50001;ISO 50001:2018 + Amd 1:2024;7.2;7;high;certification;Competence;Kompetence;Kompetenz;How was competence verified for one high-risk role, and who authorizes independent work?;Jak byla ověřena kompetence pro jednu vysoce rizikovou roli a kdo povoluje samostatnou práci?;Wie wurde die Kompetenz für eine Hochrisikorolle geprüft und wer autorisiert selbstständige Arbeit?
50001-7-2-certification-3;50001-7-2;ISO 50001;ISO 50001:2018 + Amd 1:2024;7.2;7;high;certification;Competence;Kompetence;Kompetenz;How does this control interact with related clauses, and how are gaps classified and corrected?;Jak toto řízení souvisí s navazujícími články a jak se klasifikují a řeší mezery?;Wie wirkt diese Steuerung mit verwandten Abschnitten zusammen und wie werden Lücken klassifiziert und behoben?
50001-7-3-internal-1;50001-7-3;ISO 50001;ISO 50001:2018 + Amd 1:2024;7.3;7;medium;internal;Awareness;Povědomí;Bewusstsein;Ask a person at the point of work to explain the key requirement, risk and escalation route.;Požádejte pracovníka na pracovišti, aby vysvětlil klíčový požadavek, riziko a způsob eskalace.;Eine Person am Arbeitsplatz bitten, Kernanforderung, Risiko und Eskalationsweg zu erklären.
50001-7-3-internal-2;50001-7-3;ISO 50001;ISO 50001:2018 + Amd 1:2024;7.3;7;medium;internal;Awareness;Povědomí;Bewusstsein;How is awareness implemented in the selected process, and who owns the control?;Jak je v hodnoceném procesu zavedeno téma „Povědomí“ a kdo vlastní příslušné řízení?;Wie ist „Bewusstsein“ im ausgewählten Prozess umgesetzt und wer verantwortet die Steuerung?
50001-7-3-internal-3;50001-7-3;ISO 50001;ISO 50001:2018 + Amd 1:2024;7.3;7;medium;internal;Awareness;Povědomí;Bewusstsein;Show a recent sample and explain how effectiveness, deviations and follow-up are evaluated.;Ukažte aktuální vzorek a vysvětlete, jak se hodnotí účinnost, odchylky a následná opatření.;Eine aktuelle Stichprobe zeigen und erläutern, wie Wirksamkeit, Abweichungen und Folgemaßnahmen bewertet werden.
50001-7-3-customer-1;50001-7-3;ISO 50001;ISO 50001:2018 + Amd 1:2024;7.3;7;medium;customer;Awareness;Povědomí;Bewusstsein;How does clause 7.3 protect customer, contractual or stakeholder expectations in this process?;Jak článek 7.3 chrání očekávání zákazníka, smluvní nebo jiné relevantní požadavky v tomto procesu?;Wie schützt Abschnitt 7.3 Kunden-, Vertrags- oder relevante Stakeholderanforderungen in diesem Prozess?
50001-7-3-customer-2;50001-7-3;ISO 50001;ISO 50001:2018 + Amd 1:2024;7.3;7;medium;customer;Awareness;Povědomí;Bewusstsein;Ask a person at the point of work to explain the key requirement, risk and escalation route.;Požádejte pracovníka na pracovišti, aby vysvětlil klíčový požadavek, riziko a způsob eskalace.;Eine Person am Arbeitsplatz bitten, Kernanforderung, Risiko und Eskalationsweg zu erklären.
50001-7-3-customer-3;50001-7-3;ISO 50001;ISO 50001:2018 + Amd 1:2024;7.3;7;medium;customer;Awareness;Povědomí;Bewusstsein;Show one recent customer/project example and trace the requirement to objective evidence and escalation.;Ukažte jeden aktuální zákaznický/projektový příklad a sledujte požadavek k objektivnímu důkazu a eskalaci.;Ein aktuelles Kunden-/Projektbeispiel zeigen und die Anforderung bis zu objektivem Nachweis und Eskalation verfolgen.
50001-7-3-certification-1;50001-7-3;ISO 50001;ISO 50001:2018 + Amd 1:2024;7.3;7;medium;certification;Awareness;Povědomí;Bewusstsein;Which objective evidence demonstrates conformity and effective implementation of clause 7.3?;Který objektivní důkaz prokazuje shodu a účinné zavedení článku 7.3?;Welche objektiven Nachweise belegen Konformität und wirksame Umsetzung von Abschnitt 7.3?
50001-7-3-certification-2;50001-7-3;ISO 50001;ISO 50001:2018 + Amd 1:2024;7.3;7;medium;certification;Awareness;Povědomí;Bewusstsein;Ask a person at the point of work to explain the key requirement, risk and escalation route.;Požádejte pracovníka na pracovišti, aby vysvětlil klíčový požadavek, riziko a způsob eskalace.;Eine Person am Arbeitsplatz bitten, Kernanforderung, Risiko und Eskalationsweg zu erklären.
50001-7-3-certification-3;50001-7-3;ISO 50001;ISO 50001:2018 + Amd 1:2024;7.3;7;medium;certification;Awareness;Povědomí;Bewusstsein;How does this control interact with related clauses, and how are gaps classified and corrected?;Jak toto řízení souvisí s navazujícími články a jak se klasifikují a řeší mezery?;Wie wirkt diese Steuerung mit verwandten Abschnitten zusammen und wie werden Lücken klassifiziert und behoben?
50001-7-4-internal-1;50001-7-4;ISO 50001;ISO 50001:2018 + Amd 1:2024;7.4;7;medium;internal;Communication;Komunikace;Kommunikation;Trace one important message from decision through communication to confirmed understanding or response.;Sledujte jedno důležité sdělení od rozhodnutí přes komunikaci až po potvrzené porozumění nebo reakci.;Eine wichtige Mitteilung von der Entscheidung über Kommunikation bis zum bestätigten Verständnis bzw. zur Reaktion verfolgen.
50001-7-4-internal-2;50001-7-4;ISO 50001;ISO 50001:2018 + Amd 1:2024;7.4;7;medium;internal;Communication;Komunikace;Kommunikation;How is communication implemented in the selected process, and who owns the control?;Jak je v hodnoceném procesu zavedeno téma „Komunikace“ a kdo vlastní příslušné řízení?;Wie ist „Kommunikation“ im ausgewählten Prozess umgesetzt und wer verantwortet die Steuerung?
50001-7-4-internal-3;50001-7-4;ISO 50001;ISO 50001:2018 + Amd 1:2024;7.4;7;medium;internal;Communication;Komunikace;Kommunikation;Show a recent sample and explain how effectiveness, deviations and follow-up are evaluated.;Ukažte aktuální vzorek a vysvětlete, jak se hodnotí účinnost, odchylky a následná opatření.;Eine aktuelle Stichprobe zeigen und erläutern, wie Wirksamkeit, Abweichungen und Folgemaßnahmen bewertet werden.
50001-7-4-customer-1;50001-7-4;ISO 50001;ISO 50001:2018 + Amd 1:2024;7.4;7;medium;customer;Communication;Komunikace;Kommunikation;How does clause 7.4 protect customer, contractual or stakeholder expectations in this process?;Jak článek 7.4 chrání očekávání zákazníka, smluvní nebo jiné relevantní požadavky v tomto procesu?;Wie schützt Abschnitt 7.4 Kunden-, Vertrags- oder relevante Stakeholderanforderungen in diesem Prozess?
50001-7-4-customer-2;50001-7-4;ISO 50001;ISO 50001:2018 + Amd 1:2024;7.4;7;medium;customer;Communication;Komunikace;Kommunikation;Trace one important message from decision through communication to confirmed understanding or response.;Sledujte jedno důležité sdělení od rozhodnutí přes komunikaci až po potvrzené porozumění nebo reakci.;Eine wichtige Mitteilung von der Entscheidung über Kommunikation bis zum bestätigten Verständnis bzw. zur Reaktion verfolgen.
50001-7-4-customer-3;50001-7-4;ISO 50001;ISO 50001:2018 + Amd 1:2024;7.4;7;medium;customer;Communication;Komunikace;Kommunikation;Show one recent customer/project example and trace the requirement to objective evidence and escalation.;Ukažte jeden aktuální zákaznický/projektový příklad a sledujte požadavek k objektivnímu důkazu a eskalaci.;Ein aktuelles Kunden-/Projektbeispiel zeigen und die Anforderung bis zu objektivem Nachweis und Eskalation verfolgen.
50001-7-4-certification-1;50001-7-4;ISO 50001;ISO 50001:2018 + Amd 1:2024;7.4;7;medium;certification;Communication;Komunikace;Kommunikation;Which objective evidence demonstrates conformity and effective implementation of clause 7.4?;Který objektivní důkaz prokazuje shodu a účinné zavedení článku 7.4?;Welche objektiven Nachweise belegen Konformität und wirksame Umsetzung von Abschnitt 7.4?
50001-7-4-certification-2;50001-7-4;ISO 50001;ISO 50001:2018 + Amd 1:2024;7.4;7;medium;certification;Communication;Komunikace;Kommunikation;Trace one important message from decision through communication to confirmed understanding or response.;Sledujte jedno důležité sdělení od rozhodnutí přes komunikaci až po potvrzené porozumění nebo reakci.;Eine wichtige Mitteilung von der Entscheidung über Kommunikation bis zum bestätigten Verständnis bzw. zur Reaktion verfolgen.
50001-7-4-certification-3;50001-7-4;ISO 50001;ISO 50001:2018 + Amd 1:2024;7.4;7;medium;certification;Communication;Komunikace;Kommunikation;How does this control interact with related clauses, and how are gaps classified and corrected?;Jak toto řízení souvisí s navazujícími články a jak se klasifikují a řeší mezery?;Wie wirkt diese Steuerung mit verwandten Abschnitten zusammen und wie werden Lücken klassifiziert und behoben?
50001-7-5-1-internal-1;50001-7-5-1;ISO 50001;ISO 50001:2018 + Amd 1:2024;7.5.1;7;medium;internal;Documented information — general;Dokumentované informace — obecně;Dokumentierte Information — Allgemeines;Which documented information is essential to prevent inconsistent or unsafe performance?;Které dokumentované informace jsou nezbytné k zabránění nekonzistentnímu nebo nebezpečnému výkonu?;Welche dokumentierte Information ist wesentlich, um inkonsistente oder unsichere Leistung zu verhindern?
50001-7-5-1-internal-2;50001-7-5-1;ISO 50001;ISO 50001:2018 + Amd 1:2024;7.5.1;7;medium;internal;Documented information — general;Dokumentované informace — obecně;Dokumentierte Information — Allgemeines;How is documented information — general implemented in the selected process, and who owns the control?;Jak je v hodnoceném procesu zavedeno téma „Dokumentované informace — obecně“ a kdo vlastní příslušné řízení?;Wie ist „Dokumentierte Information — Allgemeines“ im ausgewählten Prozess umgesetzt und wer verantwortet die Steuerung?
50001-7-5-1-internal-3;50001-7-5-1;ISO 50001;ISO 50001:2018 + Amd 1:2024;7.5.1;7;medium;internal;Documented information — general;Dokumentované informace — obecně;Dokumentierte Information — Allgemeines;Show a recent sample and explain how effectiveness, deviations and follow-up are evaluated.;Ukažte aktuální vzorek a vysvětlete, jak se hodnotí účinnost, odchylky a následná opatření.;Eine aktuelle Stichprobe zeigen und erläutern, wie Wirksamkeit, Abweichungen und Folgemaßnahmen bewertet werden.
50001-7-5-1-customer-1;50001-7-5-1;ISO 50001;ISO 50001:2018 + Amd 1:2024;7.5.1;7;medium;customer;Documented information — general;Dokumentované informace — obecně;Dokumentierte Information — Allgemeines;How does clause 7.5.1 protect customer, contractual or stakeholder expectations in this process?;Jak článek 7.5.1 chrání očekávání zákazníka, smluvní nebo jiné relevantní požadavky v tomto procesu?;Wie schützt Abschnitt 7.5.1 Kunden-, Vertrags- oder relevante Stakeholderanforderungen in diesem Prozess?
50001-7-5-1-customer-2;50001-7-5-1;ISO 50001;ISO 50001:2018 + Amd 1:2024;7.5.1;7;medium;customer;Documented information — general;Dokumentované informace — obecně;Dokumentierte Information — Allgemeines;Which documented information is essential to prevent inconsistent or unsafe performance?;Které dokumentované informace jsou nezbytné k zabránění nekonzistentnímu nebo nebezpečnému výkonu?;Welche dokumentierte Information ist wesentlich, um inkonsistente oder unsichere Leistung zu verhindern?
50001-7-5-1-customer-3;50001-7-5-1;ISO 50001;ISO 50001:2018 + Amd 1:2024;7.5.1;7;medium;customer;Documented information — general;Dokumentované informace — obecně;Dokumentierte Information — Allgemeines;Show one recent customer/project example and trace the requirement to objective evidence and escalation.;Ukažte jeden aktuální zákaznický/projektový příklad a sledujte požadavek k objektivnímu důkazu a eskalaci.;Ein aktuelles Kunden-/Projektbeispiel zeigen und die Anforderung bis zu objektivem Nachweis und Eskalation verfolgen.
50001-7-5-1-certification-1;50001-7-5-1;ISO 50001;ISO 50001:2018 + Amd 1:2024;7.5.1;7;medium;certification;Documented information — general;Dokumentované informace — obecně;Dokumentierte Information — Allgemeines;Which objective evidence demonstrates conformity and effective implementation of clause 7.5.1?;Který objektivní důkaz prokazuje shodu a účinné zavedení článku 7.5.1?;Welche objektiven Nachweise belegen Konformität und wirksame Umsetzung von Abschnitt 7.5.1?
50001-7-5-1-certification-2;50001-7-5-1;ISO 50001;ISO 50001:2018 + Amd 1:2024;7.5.1;7;medium;certification;Documented information — general;Dokumentované informace — obecně;Dokumentierte Information — Allgemeines;Which documented information is essential to prevent inconsistent or unsafe performance?;Které dokumentované informace jsou nezbytné k zabránění nekonzistentnímu nebo nebezpečnému výkonu?;Welche dokumentierte Information ist wesentlich, um inkonsistente oder unsichere Leistung zu verhindern?
50001-7-5-1-certification-3;50001-7-5-1;ISO 50001;ISO 50001:2018 + Amd 1:2024;7.5.1;7;medium;certification;Documented information — general;Dokumentované informace — obecně;Dokumentierte Information — Allgemeines;How does this control interact with related clauses, and how are gaps classified and corrected?;Jak toto řízení souvisí s navazujícími články a jak se klasifikují a řeší mezery?;Wie wirkt diese Steuerung mit verwandten Abschnitten zusammen und wie werden Lücken klassifiziert und behoben?
50001-7-5-2-internal-1;50001-7-5-2;ISO 50001;ISO 50001:2018 + Amd 1:2024;7.5.2;7;medium;internal;Creating and updating documented information;Vytváření a aktualizace dokumentovaných informací;Erstellen und Aktualisieren dokumentierter Information;Select one recently revised document and verify need, review, approval, communication and effective date.;Vyberte nedávno revidovaný dokument a ověřte potřebu, přezkum, schválení, komunikaci a datum účinnosti.;Ein kürzlich revidiertes Dokument auswählen und Bedarf, Prüfung, Freigabe, Kommunikation und Gültigkeitsdatum verifizieren.
50001-7-5-2-internal-2;50001-7-5-2;ISO 50001;ISO 50001:2018 + Amd 1:2024;7.5.2;7;medium;internal;Creating and updating documented information;Vytváření a aktualizace dokumentovaných informací;Erstellen und Aktualisieren dokumentierter Information;How is creating and updating documented information implemented in the selected process, and who owns the control?;Jak je v hodnoceném procesu zavedeno téma „Vytváření a aktualizace dokumentovaných informací“ a kdo vlastní příslušné řízení?;Wie ist „Erstellen und Aktualisieren dokumentierter Information“ im ausgewählten Prozess umgesetzt und wer verantwortet die Steuerung?
50001-7-5-2-internal-3;50001-7-5-2;ISO 50001;ISO 50001:2018 + Amd 1:2024;7.5.2;7;medium;internal;Creating and updating documented information;Vytváření a aktualizace dokumentovaných informací;Erstellen und Aktualisieren dokumentierter Information;Show a recent sample and explain how effectiveness, deviations and follow-up are evaluated.;Ukažte aktuální vzorek a vysvětlete, jak se hodnotí účinnost, odchylky a následná opatření.;Eine aktuelle Stichprobe zeigen und erläutern, wie Wirksamkeit, Abweichungen und Folgemaßnahmen bewertet werden.
50001-7-5-2-customer-1;50001-7-5-2;ISO 50001;ISO 50001:2018 + Amd 1:2024;7.5.2;7;medium;customer;Creating and updating documented information;Vytváření a aktualizace dokumentovaných informací;Erstellen und Aktualisieren dokumentierter Information;How does clause 7.5.2 protect customer, contractual or stakeholder expectations in this process?;Jak článek 7.5.2 chrání očekávání zákazníka, smluvní nebo jiné relevantní požadavky v tomto procesu?;Wie schützt Abschnitt 7.5.2 Kunden-, Vertrags- oder relevante Stakeholderanforderungen in diesem Prozess?
50001-7-5-2-customer-2;50001-7-5-2;ISO 50001;ISO 50001:2018 + Amd 1:2024;7.5.2;7;medium;customer;Creating and updating documented information;Vytváření a aktualizace dokumentovaných informací;Erstellen und Aktualisieren dokumentierter Information;Select one recently revised document and verify need, review, approval, communication and effective date.;Vyberte nedávno revidovaný dokument a ověřte potřebu, přezkum, schválení, komunikaci a datum účinnosti.;Ein kürzlich revidiertes Dokument auswählen und Bedarf, Prüfung, Freigabe, Kommunikation und Gültigkeitsdatum verifizieren.
50001-7-5-2-customer-3;50001-7-5-2;ISO 50001;ISO 50001:2018 + Amd 1:2024;7.5.2;7;medium;customer;Creating and updating documented information;Vytváření a aktualizace dokumentovaných informací;Erstellen und Aktualisieren dokumentierter Information;Show one recent customer/project example and trace the requirement to objective evidence and escalation.;Ukažte jeden aktuální zákaznický/projektový příklad a sledujte požadavek k objektivnímu důkazu a eskalaci.;Ein aktuelles Kunden-/Projektbeispiel zeigen und die Anforderung bis zu objektivem Nachweis und Eskalation verfolgen.
50001-7-5-2-certification-1;50001-7-5-2;ISO 50001;ISO 50001:2018 + Amd 1:2024;7.5.2;7;medium;certification;Creating and updating documented information;Vytváření a aktualizace dokumentovaných informací;Erstellen und Aktualisieren dokumentierter Information;Which objective evidence demonstrates conformity and effective implementation of clause 7.5.2?;Který objektivní důkaz prokazuje shodu a účinné zavedení článku 7.5.2?;Welche objektiven Nachweise belegen Konformität und wirksame Umsetzung von Abschnitt 7.5.2?
50001-7-5-2-certification-2;50001-7-5-2;ISO 50001;ISO 50001:2018 + Amd 1:2024;7.5.2;7;medium;certification;Creating and updating documented information;Vytváření a aktualizace dokumentovaných informací;Erstellen und Aktualisieren dokumentierter Information;Select one recently revised document and verify need, review, approval, communication and effective date.;Vyberte nedávno revidovaný dokument a ověřte potřebu, přezkum, schválení, komunikaci a datum účinnosti.;Ein kürzlich revidiertes Dokument auswählen und Bedarf, Prüfung, Freigabe, Kommunikation und Gültigkeitsdatum verifizieren.
50001-7-5-2-certification-3;50001-7-5-2;ISO 50001;ISO 50001:2018 + Amd 1:2024;7.5.2;7;medium;certification;Creating and updating documented information;Vytváření a aktualizace dokumentovaných informací;Erstellen und Aktualisieren dokumentierter Information;How does this control interact with related clauses, and how are gaps classified and corrected?;Jak toto řízení souvisí s navazujícími články a jak se klasifikují a řeší mezery?;Wie wirkt diese Steuerung mit verwandten Abschnitten zusammen und wie werden Lücken klassifiziert und behoben?
50001-7-5-3-internal-1;50001-7-5-3;ISO 50001;ISO 50001:2018 + Amd 1:2024;7.5.3;7;high;internal;Control of documented information;Řízení dokumentovaných informací;Lenkung dokumentierter Information;At the point of work, verify that the user can access only the current approved information.;Na pracovišti ověřte, že uživatel má přístup pouze k aktuální schválené informaci.;Am Arbeitsplatz prüfen, dass nur auf aktuelle freigegebene Informationen zugegriffen wird.
50001-7-5-3-internal-2;50001-7-5-3;ISO 50001;ISO 50001:2018 + Amd 1:2024;7.5.3;7;high;internal;Control of documented information;Řízení dokumentovaných informací;Lenkung dokumentierter Information;How is control of documented information implemented in the selected process, and who owns the control?;Jak je v hodnoceném procesu zavedeno téma „Řízení dokumentovaných informací“ a kdo vlastní příslušné řízení?;Wie ist „Lenkung dokumentierter Information“ im ausgewählten Prozess umgesetzt und wer verantwortet die Steuerung?
50001-7-5-3-internal-3;50001-7-5-3;ISO 50001;ISO 50001:2018 + Amd 1:2024;7.5.3;7;high;internal;Control of documented information;Řízení dokumentovaných informací;Lenkung dokumentierter Information;Show a recent sample and explain how effectiveness, deviations and follow-up are evaluated.;Ukažte aktuální vzorek a vysvětlete, jak se hodnotí účinnost, odchylky a následná opatření.;Eine aktuelle Stichprobe zeigen und erläutern, wie Wirksamkeit, Abweichungen und Folgemaßnahmen bewertet werden.
50001-7-5-3-customer-1;50001-7-5-3;ISO 50001;ISO 50001:2018 + Amd 1:2024;7.5.3;7;high;customer;Control of documented information;Řízení dokumentovaných informací;Lenkung dokumentierter Information;How does clause 7.5.3 protect customer, contractual or stakeholder expectations in this process?;Jak článek 7.5.3 chrání očekávání zákazníka, smluvní nebo jiné relevantní požadavky v tomto procesu?;Wie schützt Abschnitt 7.5.3 Kunden-, Vertrags- oder relevante Stakeholderanforderungen in diesem Prozess?
50001-7-5-3-customer-2;50001-7-5-3;ISO 50001;ISO 50001:2018 + Amd 1:2024;7.5.3;7;high;customer;Control of documented information;Řízení dokumentovaných informací;Lenkung dokumentierter Information;At the point of work, verify that the user can access only the current approved information.;Na pracovišti ověřte, že uživatel má přístup pouze k aktuální schválené informaci.;Am Arbeitsplatz prüfen, dass nur auf aktuelle freigegebene Informationen zugegriffen wird.
50001-7-5-3-customer-3;50001-7-5-3;ISO 50001;ISO 50001:2018 + Amd 1:2024;7.5.3;7;high;customer;Control of documented information;Řízení dokumentovaných informací;Lenkung dokumentierter Information;Show one recent customer/project example and trace the requirement to objective evidence and escalation.;Ukažte jeden aktuální zákaznický/projektový příklad a sledujte požadavek k objektivnímu důkazu a eskalaci.;Ein aktuelles Kunden-/Projektbeispiel zeigen und die Anforderung bis zu objektivem Nachweis und Eskalation verfolgen.
50001-7-5-3-certification-1;50001-7-5-3;ISO 50001;ISO 50001:2018 + Amd 1:2024;7.5.3;7;high;certification;Control of documented information;Řízení dokumentovaných informací;Lenkung dokumentierter Information;Which objective evidence demonstrates conformity and effective implementation of clause 7.5.3?;Který objektivní důkaz prokazuje shodu a účinné zavedení článku 7.5.3?;Welche objektiven Nachweise belegen Konformität und wirksame Umsetzung von Abschnitt 7.5.3?
50001-7-5-3-certification-2;50001-7-5-3;ISO 50001;ISO 50001:2018 + Amd 1:2024;7.5.3;7;high;certification;Control of documented information;Řízení dokumentovaných informací;Lenkung dokumentierter Information;At the point of work, verify that the user can access only the current approved information.;Na pracovišti ověřte, že uživatel má přístup pouze k aktuální schválené informaci.;Am Arbeitsplatz prüfen, dass nur auf aktuelle freigegebene Informationen zugegriffen wird.
50001-7-5-3-certification-3;50001-7-5-3;ISO 50001;ISO 50001:2018 + Amd 1:2024;7.5.3;7;high;certification;Control of documented information;Řízení dokumentovaných informací;Lenkung dokumentierter Information;How does this control interact with related clauses, and how are gaps classified and corrected?;Jak toto řízení souvisí s navazujícími články a jak se klasifikují a řeší mezery?;Wie wirkt diese Steuerung mit verwandten Abschnitten zusammen und wie werden Lücken klassifiziert und behoben?
50001-8-1-internal-1;50001-8-1;ISO 50001;ISO 50001:2018 + Amd 1:2024;8.1;8;high;internal;Operational planning and control;Plánování a řízení provozu;Betriebliche Planung und Steuerung;Observe one SEU and compare actual settings, schedule and maintenance with defined efficient operating criteria and expected consumption.;Pozorujte jedno SEU a porovnejte skutečná nastavení, harmonogram a údržbu s definovanými energeticky účinnými kritérii a očekávanou spotřebou.;Einen SEU beobachten und tatsächliche Einstellungen, Zeitplan und Instandhaltung mit definierten effizienten Betriebskriterien und erwartetem Verbrauch vergleichen.
50001-8-1-internal-2;50001-8-1;ISO 50001;ISO 50001:2018 + Amd 1:2024;8.1;8;high;internal;Operational planning and control;Plánování a řízení provozu;Betriebliche Planung und Steuerung;How is operational planning and control implemented in the selected process, and who owns the control?;Jak je v hodnoceném procesu zavedeno téma „Plánování a řízení provozu“ a kdo vlastní příslušné řízení?;Wie ist „Betriebliche Planung und Steuerung“ im ausgewählten Prozess umgesetzt und wer verantwortet die Steuerung?
50001-8-1-internal-3;50001-8-1;ISO 50001;ISO 50001:2018 + Amd 1:2024;8.1;8;high;internal;Operational planning and control;Plánování a řízení provozu;Betriebliche Planung und Steuerung;Show a recent sample and explain how effectiveness, deviations and follow-up are evaluated.;Ukažte aktuální vzorek a vysvětlete, jak se hodnotí účinnost, odchylky a následná opatření.;Eine aktuelle Stichprobe zeigen und erläutern, wie Wirksamkeit, Abweichungen und Folgemaßnahmen bewertet werden.
50001-8-1-customer-1;50001-8-1;ISO 50001;ISO 50001:2018 + Amd 1:2024;8.1;8;high;customer;Operational planning and control;Plánování a řízení provozu;Betriebliche Planung und Steuerung;How does clause 8.1 protect customer, contractual or stakeholder expectations in this process?;Jak článek 8.1 chrání očekávání zákazníka, smluvní nebo jiné relevantní požadavky v tomto procesu?;Wie schützt Abschnitt 8.1 Kunden-, Vertrags- oder relevante Stakeholderanforderungen in diesem Prozess?
50001-8-1-customer-2;50001-8-1;ISO 50001;ISO 50001:2018 + Amd 1:2024;8.1;8;high;customer;Operational planning and control;Plánování a řízení provozu;Betriebliche Planung und Steuerung;Observe one SEU and compare actual settings, schedule and maintenance with defined efficient operating criteria and expected consumption.;Pozorujte jedno SEU a porovnejte skutečná nastavení, harmonogram a údržbu s definovanými energeticky účinnými kritérii a očekávanou spotřebou.;Einen SEU beobachten und tatsächliche Einstellungen, Zeitplan und Instandhaltung mit definierten effizienten Betriebskriterien und erwartetem Verbrauch vergleichen.
50001-8-1-customer-3;50001-8-1;ISO 50001;ISO 50001:2018 + Amd 1:2024;8.1;8;high;customer;Operational planning and control;Plánování a řízení provozu;Betriebliche Planung und Steuerung;Show one recent customer/project example and trace the requirement to objective evidence and escalation.;Ukažte jeden aktuální zákaznický/projektový příklad a sledujte požadavek k objektivnímu důkazu a eskalaci.;Ein aktuelles Kunden-/Projektbeispiel zeigen und die Anforderung bis zu objektivem Nachweis und Eskalation verfolgen.
50001-8-1-certification-1;50001-8-1;ISO 50001;ISO 50001:2018 + Amd 1:2024;8.1;8;high;certification;Operational planning and control;Plánování a řízení provozu;Betriebliche Planung und Steuerung;Which objective evidence demonstrates conformity and effective implementation of clause 8.1?;Který objektivní důkaz prokazuje shodu a účinné zavedení článku 8.1?;Welche objektiven Nachweise belegen Konformität und wirksame Umsetzung von Abschnitt 8.1?
50001-8-1-certification-2;50001-8-1;ISO 50001;ISO 50001:2018 + Amd 1:2024;8.1;8;high;certification;Operational planning and control;Plánování a řízení provozu;Betriebliche Planung und Steuerung;Observe one SEU and compare actual settings, schedule and maintenance with defined efficient operating criteria and expected consumption.;Pozorujte jedno SEU a porovnejte skutečná nastavení, harmonogram a údržbu s definovanými energeticky účinnými kritérii a očekávanou spotřebou.;Einen SEU beobachten und tatsächliche Einstellungen, Zeitplan und Instandhaltung mit definierten effizienten Betriebskriterien und erwartetem Verbrauch vergleichen.
50001-8-1-certification-3;50001-8-1;ISO 50001;ISO 50001:2018 + Amd 1:2024;8.1;8;high;certification;Operational planning and control;Plánování a řízení provozu;Betriebliche Planung und Steuerung;How does this control interact with related clauses, and how are gaps classified and corrected?;Jak toto řízení souvisí s navazujícími články a jak se klasifikují a řeší mezery?;Wie wirkt diese Steuerung mit verwandten Abschnitten zusammen und wie werden Lücken klassifiziert und behoben?
50001-8-2-internal-1;50001-8-2;ISO 50001;ISO 50001:2018 + Amd 1:2024;8.2;8;high;internal;Design;Návrh;Auslegung;Show a recent capital project where energy-performance alternatives were evaluated before design approval.;Ukažte nedávný investiční projekt, kde byly před schválením návrhu vyhodnoceny alternativy energetické hospodárnosti.;Ein aktuelles Investitionsprojekt zeigen, bei dem Energieleistungsalternativen vor Auslegungsfreigabe bewertet wurden.
50001-8-2-internal-2;50001-8-2;ISO 50001;ISO 50001:2018 + Amd 1:2024;8.2;8;high;internal;Design;Návrh;Auslegung;How is design implemented in the selected process, and who owns the control?;Jak je v hodnoceném procesu zavedeno téma „Návrh“ a kdo vlastní příslušné řízení?;Wie ist „Auslegung“ im ausgewählten Prozess umgesetzt und wer verantwortet die Steuerung?
50001-8-2-internal-3;50001-8-2;ISO 50001;ISO 50001:2018 + Amd 1:2024;8.2;8;high;internal;Design;Návrh;Auslegung;Show a recent sample and explain how effectiveness, deviations and follow-up are evaluated.;Ukažte aktuální vzorek a vysvětlete, jak se hodnotí účinnost, odchylky a následná opatření.;Eine aktuelle Stichprobe zeigen und erläutern, wie Wirksamkeit, Abweichungen und Folgemaßnahmen bewertet werden.
50001-8-2-customer-1;50001-8-2;ISO 50001;ISO 50001:2018 + Amd 1:2024;8.2;8;high;customer;Design;Návrh;Auslegung;How does clause 8.2 protect customer, contractual or stakeholder expectations in this process?;Jak článek 8.2 chrání očekávání zákazníka, smluvní nebo jiné relevantní požadavky v tomto procesu?;Wie schützt Abschnitt 8.2 Kunden-, Vertrags- oder relevante Stakeholderanforderungen in diesem Prozess?
50001-8-2-customer-2;50001-8-2;ISO 50001;ISO 50001:2018 + Amd 1:2024;8.2;8;high;customer;Design;Návrh;Auslegung;Show a recent capital project where energy-performance alternatives were evaluated before design approval.;Ukažte nedávný investiční projekt, kde byly před schválením návrhu vyhodnoceny alternativy energetické hospodárnosti.;Ein aktuelles Investitionsprojekt zeigen, bei dem Energieleistungsalternativen vor Auslegungsfreigabe bewertet wurden.
50001-8-2-customer-3;50001-8-2;ISO 50001;ISO 50001:2018 + Amd 1:2024;8.2;8;high;customer;Design;Návrh;Auslegung;Show one recent customer/project example and trace the requirement to objective evidence and escalation.;Ukažte jeden aktuální zákaznický/projektový příklad a sledujte požadavek k objektivnímu důkazu a eskalaci.;Ein aktuelles Kunden-/Projektbeispiel zeigen und die Anforderung bis zu objektivem Nachweis und Eskalation verfolgen.
50001-8-2-certification-1;50001-8-2;ISO 50001;ISO 50001:2018 + Amd 1:2024;8.2;8;high;certification;Design;Návrh;Auslegung;Which objective evidence demonstrates conformity and effective implementation of clause 8.2?;Který objektivní důkaz prokazuje shodu a účinné zavedení článku 8.2?;Welche objektiven Nachweise belegen Konformität und wirksame Umsetzung von Abschnitt 8.2?
50001-8-2-certification-2;50001-8-2;ISO 50001;ISO 50001:2018 + Amd 1:2024;8.2;8;high;certification;Design;Návrh;Auslegung;Show a recent capital project where energy-performance alternatives were evaluated before design approval.;Ukažte nedávný investiční projekt, kde byly před schválením návrhu vyhodnoceny alternativy energetické hospodárnosti.;Ein aktuelles Investitionsprojekt zeigen, bei dem Energieleistungsalternativen vor Auslegungsfreigabe bewertet wurden.
50001-8-2-certification-3;50001-8-2;ISO 50001;ISO 50001:2018 + Amd 1:2024;8.2;8;high;certification;Design;Návrh;Auslegung;How does this control interact with related clauses, and how are gaps classified and corrected?;Jak toto řízení souvisí s navazujícími články a jak se klasifikují a řeší mezery?;Wie wirkt diese Steuerung mit verwandten Abschnitten zusammen und wie werden Lücken klassifiziert und behoben?
50001-8-3-internal-1;50001-8-3;ISO 50001;ISO 50001:2018 + Amd 1:2024;8.3;8;high;internal;Procurement;Nákup;Beschaffung;Compare bids for one energy-significant purchase and show how lifetime energy performance affected the award.;Porovnejte nabídky u jednoho energeticky významného nákupu a ukažte, jak výkonnost během životnosti ovlivnila výběr.;Angebote für eine energierelevante Beschaffung vergleichen und zeigen, wie Lebensdauer-Energieleistung die Vergabe beeinflusste.
50001-8-3-internal-2;50001-8-3;ISO 50001;ISO 50001:2018 + Amd 1:2024;8.3;8;high;internal;Procurement;Nákup;Beschaffung;How is procurement implemented in the selected process, and who owns the control?;Jak je v hodnoceném procesu zavedeno téma „Nákup“ a kdo vlastní příslušné řízení?;Wie ist „Beschaffung“ im ausgewählten Prozess umgesetzt und wer verantwortet die Steuerung?
50001-8-3-internal-3;50001-8-3;ISO 50001;ISO 50001:2018 + Amd 1:2024;8.3;8;high;internal;Procurement;Nákup;Beschaffung;Show a recent sample and explain how effectiveness, deviations and follow-up are evaluated.;Ukažte aktuální vzorek a vysvětlete, jak se hodnotí účinnost, odchylky a následná opatření.;Eine aktuelle Stichprobe zeigen und erläutern, wie Wirksamkeit, Abweichungen und Folgemaßnahmen bewertet werden.
50001-8-3-customer-1;50001-8-3;ISO 50001;ISO 50001:2018 + Amd 1:2024;8.3;8;high;customer;Procurement;Nákup;Beschaffung;How does clause 8.3 protect customer, contractual or stakeholder expectations in this process?;Jak článek 8.3 chrání očekávání zákazníka, smluvní nebo jiné relevantní požadavky v tomto procesu?;Wie schützt Abschnitt 8.3 Kunden-, Vertrags- oder relevante Stakeholderanforderungen in diesem Prozess?
50001-8-3-customer-2;50001-8-3;ISO 50001;ISO 50001:2018 + Amd 1:2024;8.3;8;high;customer;Procurement;Nákup;Beschaffung;Compare bids for one energy-significant purchase and show how lifetime energy performance affected the award.;Porovnejte nabídky u jednoho energeticky významného nákupu a ukažte, jak výkonnost během životnosti ovlivnila výběr.;Angebote für eine energierelevante Beschaffung vergleichen und zeigen, wie Lebensdauer-Energieleistung die Vergabe beeinflusste.
50001-8-3-customer-3;50001-8-3;ISO 50001;ISO 50001:2018 + Amd 1:2024;8.3;8;high;customer;Procurement;Nákup;Beschaffung;Show one recent customer/project example and trace the requirement to objective evidence and escalation.;Ukažte jeden aktuální zákaznický/projektový příklad a sledujte požadavek k objektivnímu důkazu a eskalaci.;Ein aktuelles Kunden-/Projektbeispiel zeigen und die Anforderung bis zu objektivem Nachweis und Eskalation verfolgen.
50001-8-3-certification-1;50001-8-3;ISO 50001;ISO 50001:2018 + Amd 1:2024;8.3;8;high;certification;Procurement;Nákup;Beschaffung;Which objective evidence demonstrates conformity and effective implementation of clause 8.3?;Který objektivní důkaz prokazuje shodu a účinné zavedení článku 8.3?;Welche objektiven Nachweise belegen Konformität und wirksame Umsetzung von Abschnitt 8.3?
50001-8-3-certification-2;50001-8-3;ISO 50001;ISO 50001:2018 + Amd 1:2024;8.3;8;high;certification;Procurement;Nákup;Beschaffung;Compare bids for one energy-significant purchase and show how lifetime energy performance affected the award.;Porovnejte nabídky u jednoho energeticky významného nákupu a ukažte, jak výkonnost během životnosti ovlivnila výběr.;Angebote für eine energierelevante Beschaffung vergleichen und zeigen, wie Lebensdauer-Energieleistung die Vergabe beeinflusste.
50001-8-3-certification-3;50001-8-3;ISO 50001;ISO 50001:2018 + Amd 1:2024;8.3;8;high;certification;Procurement;Nákup;Beschaffung;How does this control interact with related clauses, and how are gaps classified and corrected?;Jak toto řízení souvisí s navazujícími články a jak se klasifikují a řeší mezery?;Wie wirkt diese Steuerung mit verwandten Abschnitten zusammen und wie werden Lücken klassifiziert und behoben?
50001-9-1-1-internal-1;50001-9-1-1;ISO 50001;ISO 50001:2018 + Amd 1:2024;9.1.1;9;high;internal;Monitoring, measurement, analysis and evaluation of energy performance and the EnMS;Monitorování, měření, analýza a hodnocení energetické hospodárnosti a EnMS;Überwachung, Messung, Analyse und Bewertung von energiebezogener Leistung und EnMS;For the latest reporting period, reconcile energy bills, metering data, EnPIs, expected consumption, deviations and claimed improvement.;Za poslední vykazované období sesouhlaste faktury za energie, měřená data, EnPI, očekávanou spotřebu, odchylky a deklarované zlepšení.;Für den letzten Berichtszeitraum Energierechnungen, Messdaten, EnPIs, erwarteten Verbrauch, Abweichungen und beanspruchte Verbesserung abstimmen.
50001-9-1-1-internal-2;50001-9-1-1;ISO 50001;ISO 50001:2018 + Amd 1:2024;9.1.1;9;high;internal;Monitoring, measurement, analysis and evaluation of energy performance and the EnMS;Monitorování, měření, analýza a hodnocení energetické hospodárnosti a EnMS;Überwachung, Messung, Analyse und Bewertung von energiebezogener Leistung und EnMS;How is monitoring, measurement, analysis and evaluation of energy performance and the enms implemented in the selected process, and who owns the control?;Jak je v hodnoceném procesu zavedeno téma „Monitorování, měření, analýza a hodnocení energetické hospodárnosti a EnMS“ a kdo vlastní příslušné řízení?;Wie ist „Überwachung, Messung, Analyse und Bewertung von energiebezogener Leistung und EnMS“ im ausgewählten Prozess umgesetzt und wer verantwortet die Steuerung?
50001-9-1-1-internal-3;50001-9-1-1;ISO 50001;ISO 50001:2018 + Amd 1:2024;9.1.1;9;high;internal;Monitoring, measurement, analysis and evaluation of energy performance and the EnMS;Monitorování, měření, analýza a hodnocení energetické hospodárnosti a EnMS;Überwachung, Messung, Analyse und Bewertung von energiebezogener Leistung und EnMS;Show a recent sample and explain how effectiveness, deviations and follow-up are evaluated.;Ukažte aktuální vzorek a vysvětlete, jak se hodnotí účinnost, odchylky a následná opatření.;Eine aktuelle Stichprobe zeigen und erläutern, wie Wirksamkeit, Abweichungen und Folgemaßnahmen bewertet werden.
50001-9-1-1-customer-1;50001-9-1-1;ISO 50001;ISO 50001:2018 + Amd 1:2024;9.1.1;9;high;customer;Monitoring, measurement, analysis and evaluation of energy performance and the EnMS;Monitorování, měření, analýza a hodnocení energetické hospodárnosti a EnMS;Überwachung, Messung, Analyse und Bewertung von energiebezogener Leistung und EnMS;How does clause 9.1.1 protect customer, contractual or stakeholder expectations in this process?;Jak článek 9.1.1 chrání očekávání zákazníka, smluvní nebo jiné relevantní požadavky v tomto procesu?;Wie schützt Abschnitt 9.1.1 Kunden-, Vertrags- oder relevante Stakeholderanforderungen in diesem Prozess?
50001-9-1-1-customer-2;50001-9-1-1;ISO 50001;ISO 50001:2018 + Amd 1:2024;9.1.1;9;high;customer;Monitoring, measurement, analysis and evaluation of energy performance and the EnMS;Monitorování, měření, analýza a hodnocení energetické hospodárnosti a EnMS;Überwachung, Messung, Analyse und Bewertung von energiebezogener Leistung und EnMS;For the latest reporting period, reconcile energy bills, metering data, EnPIs, expected consumption, deviations and claimed improvement.;Za poslední vykazované období sesouhlaste faktury za energie, měřená data, EnPI, očekávanou spotřebu, odchylky a deklarované zlepšení.;Für den letzten Berichtszeitraum Energierechnungen, Messdaten, EnPIs, erwarteten Verbrauch, Abweichungen und beanspruchte Verbesserung abstimmen.
50001-9-1-1-customer-3;50001-9-1-1;ISO 50001;ISO 50001:2018 + Amd 1:2024;9.1.1;9;high;customer;Monitoring, measurement, analysis and evaluation of energy performance and the EnMS;Monitorování, měření, analýza a hodnocení energetické hospodárnosti a EnMS;Überwachung, Messung, Analyse und Bewertung von energiebezogener Leistung und EnMS;Show one recent customer/project example and trace the requirement to objective evidence and escalation.;Ukažte jeden aktuální zákaznický/projektový příklad a sledujte požadavek k objektivnímu důkazu a eskalaci.;Ein aktuelles Kunden-/Projektbeispiel zeigen und die Anforderung bis zu objektivem Nachweis und Eskalation verfolgen.
50001-9-1-1-certification-1;50001-9-1-1;ISO 50001;ISO 50001:2018 + Amd 1:2024;9.1.1;9;high;certification;Monitoring, measurement, analysis and evaluation of energy performance and the EnMS;Monitorování, měření, analýza a hodnocení energetické hospodárnosti a EnMS;Überwachung, Messung, Analyse und Bewertung von energiebezogener Leistung und EnMS;Which objective evidence demonstrates conformity and effective implementation of clause 9.1.1?;Který objektivní důkaz prokazuje shodu a účinné zavedení článku 9.1.1?;Welche objektiven Nachweise belegen Konformität und wirksame Umsetzung von Abschnitt 9.1.1?
50001-9-1-1-certification-2;50001-9-1-1;ISO 50001;ISO 50001:2018 + Amd 1:2024;9.1.1;9;high;certification;Monitoring, measurement, analysis and evaluation of energy performance and the EnMS;Monitorování, měření, analýza a hodnocení energetické hospodárnosti a EnMS;Überwachung, Messung, Analyse und Bewertung von energiebezogener Leistung und EnMS;For the latest reporting period, reconcile energy bills, metering data, EnPIs, expected consumption, deviations and claimed improvement.;Za poslední vykazované období sesouhlaste faktury za energie, měřená data, EnPI, očekávanou spotřebu, odchylky a deklarované zlepšení.;Für den letzten Berichtszeitraum Energierechnungen, Messdaten, EnPIs, erwarteten Verbrauch, Abweichungen und beanspruchte Verbesserung abstimmen.
50001-9-1-1-certification-3;50001-9-1-1;ISO 50001;ISO 50001:2018 + Amd 1:2024;9.1.1;9;high;certification;Monitoring, measurement, analysis and evaluation of energy performance and the EnMS;Monitorování, měření, analýza a hodnocení energetické hospodárnosti a EnMS;Überwachung, Messung, Analyse und Bewertung von energiebezogener Leistung und EnMS;How does this control interact with related clauses, and how are gaps classified and corrected?;Jak toto řízení souvisí s navazujícími články a jak se klasifikují a řeší mezery?;Wie wirkt diese Steuerung mit verwandten Abschnitten zusammen und wie werden Lücken klassifiziert und behoben?
50001-9-1-2-internal-1;50001-9-1-2;ISO 50001;ISO 50001:2018 + Amd 1:2024;9.1.2;9;high;internal;Evaluation of compliance;Hodnocení souladu;Bewertung der Einhaltung von Verpflichtungen;Select one high-risk legal obligation and trace it to current evidence of fulfilment and follow-up.;Vyberte jednu vysoce rizikovou právní povinnost a sledujte ji k aktuálnímu důkazu plnění a následným opatřením.;Eine rechtliche Hochrisiko-Verpflichtung bis zum aktuellen Erfüllungsnachweis und zur Nachverfolgung verfolgen.
50001-9-1-2-internal-2;50001-9-1-2;ISO 50001;ISO 50001:2018 + Amd 1:2024;9.1.2;9;high;internal;Evaluation of compliance;Hodnocení souladu;Bewertung der Einhaltung von Verpflichtungen;How is evaluation of compliance implemented in the selected process, and who owns the control?;Jak je v hodnoceném procesu zavedeno téma „Hodnocení souladu“ a kdo vlastní příslušné řízení?;Wie ist „Bewertung der Einhaltung von Verpflichtungen“ im ausgewählten Prozess umgesetzt und wer verantwortet die Steuerung?
50001-9-1-2-internal-3;50001-9-1-2;ISO 50001;ISO 50001:2018 + Amd 1:2024;9.1.2;9;high;internal;Evaluation of compliance;Hodnocení souladu;Bewertung der Einhaltung von Verpflichtungen;Show a recent sample and explain how effectiveness, deviations and follow-up are evaluated.;Ukažte aktuální vzorek a vysvětlete, jak se hodnotí účinnost, odchylky a následná opatření.;Eine aktuelle Stichprobe zeigen und erläutern, wie Wirksamkeit, Abweichungen und Folgemaßnahmen bewertet werden.
50001-9-1-2-customer-1;50001-9-1-2;ISO 50001;ISO 50001:2018 + Amd 1:2024;9.1.2;9;high;customer;Evaluation of compliance;Hodnocení souladu;Bewertung der Einhaltung von Verpflichtungen;How does clause 9.1.2 protect customer, contractual or stakeholder expectations in this process?;Jak článek 9.1.2 chrání očekávání zákazníka, smluvní nebo jiné relevantní požadavky v tomto procesu?;Wie schützt Abschnitt 9.1.2 Kunden-, Vertrags- oder relevante Stakeholderanforderungen in diesem Prozess?
50001-9-1-2-customer-2;50001-9-1-2;ISO 50001;ISO 50001:2018 + Amd 1:2024;9.1.2;9;high;customer;Evaluation of compliance;Hodnocení souladu;Bewertung der Einhaltung von Verpflichtungen;Select one high-risk legal obligation and trace it to current evidence of fulfilment and follow-up.;Vyberte jednu vysoce rizikovou právní povinnost a sledujte ji k aktuálnímu důkazu plnění a následným opatřením.;Eine rechtliche Hochrisiko-Verpflichtung bis zum aktuellen Erfüllungsnachweis und zur Nachverfolgung verfolgen.
50001-9-1-2-customer-3;50001-9-1-2;ISO 50001;ISO 50001:2018 + Amd 1:2024;9.1.2;9;high;customer;Evaluation of compliance;Hodnocení souladu;Bewertung der Einhaltung von Verpflichtungen;Show one recent customer/project example and trace the requirement to objective evidence and escalation.;Ukažte jeden aktuální zákaznický/projektový příklad a sledujte požadavek k objektivnímu důkazu a eskalaci.;Ein aktuelles Kunden-/Projektbeispiel zeigen und die Anforderung bis zu objektivem Nachweis und Eskalation verfolgen.
50001-9-1-2-certification-1;50001-9-1-2;ISO 50001;ISO 50001:2018 + Amd 1:2024;9.1.2;9;high;certification;Evaluation of compliance;Hodnocení souladu;Bewertung der Einhaltung von Verpflichtungen;Which objective evidence demonstrates conformity and effective implementation of clause 9.1.2?;Který objektivní důkaz prokazuje shodu a účinné zavedení článku 9.1.2?;Welche objektiven Nachweise belegen Konformität und wirksame Umsetzung von Abschnitt 9.1.2?
50001-9-1-2-certification-2;50001-9-1-2;ISO 50001;ISO 50001:2018 + Amd 1:2024;9.1.2;9;high;certification;Evaluation of compliance;Hodnocení souladu;Bewertung der Einhaltung von Verpflichtungen;Select one high-risk legal obligation and trace it to current evidence of fulfilment and follow-up.;Vyberte jednu vysoce rizikovou právní povinnost a sledujte ji k aktuálnímu důkazu plnění a následným opatřením.;Eine rechtliche Hochrisiko-Verpflichtung bis zum aktuellen Erfüllungsnachweis und zur Nachverfolgung verfolgen.
50001-9-1-2-certification-3;50001-9-1-2;ISO 50001;ISO 50001:2018 + Amd 1:2024;9.1.2;9;high;certification;Evaluation of compliance;Hodnocení souladu;Bewertung der Einhaltung von Verpflichtungen;How does this control interact with related clauses, and how are gaps classified and corrected?;Jak toto řízení souvisí s navazujícími články a jak se klasifikují a řeší mezery?;Wie wirkt diese Steuerung mit verwandten Abschnitten zusammen und wie werden Lücken klassifiziert und behoben?
50001-9-2-1-internal-1;50001-9-2-1;ISO 50001;ISO 50001:2018 + Amd 1:2024;9.2.1;9;high;internal;Internal audit — general;Interní audit — obecně;Internes Audit — Allgemeines;How did the last audit test effectiveness beyond document conformity?;Jak poslední audit ověřoval účinnost nad rámec shody dokumentace?;Wie prüfte das letzte Audit Wirksamkeit über Dokumentenkonformität hinaus?
50001-9-2-1-internal-2;50001-9-2-1;ISO 50001;ISO 50001:2018 + Amd 1:2024;9.2.1;9;high;internal;Internal audit — general;Interní audit — obecně;Internes Audit — Allgemeines;How is internal audit — general implemented in the selected process, and who owns the control?;Jak je v hodnoceném procesu zavedeno téma „Interní audit — obecně“ a kdo vlastní příslušné řízení?;Wie ist „Internes Audit — Allgemeines“ im ausgewählten Prozess umgesetzt und wer verantwortet die Steuerung?
50001-9-2-1-internal-3;50001-9-2-1;ISO 50001;ISO 50001:2018 + Amd 1:2024;9.2.1;9;high;internal;Internal audit — general;Interní audit — obecně;Internes Audit — Allgemeines;Show a recent sample and explain how effectiveness, deviations and follow-up are evaluated.;Ukažte aktuální vzorek a vysvětlete, jak se hodnotí účinnost, odchylky a následná opatření.;Eine aktuelle Stichprobe zeigen und erläutern, wie Wirksamkeit, Abweichungen und Folgemaßnahmen bewertet werden.
50001-9-2-1-customer-1;50001-9-2-1;ISO 50001;ISO 50001:2018 + Amd 1:2024;9.2.1;9;high;customer;Internal audit — general;Interní audit — obecně;Internes Audit — Allgemeines;How does clause 9.2.1 protect customer, contractual or stakeholder expectations in this process?;Jak článek 9.2.1 chrání očekávání zákazníka, smluvní nebo jiné relevantní požadavky v tomto procesu?;Wie schützt Abschnitt 9.2.1 Kunden-, Vertrags- oder relevante Stakeholderanforderungen in diesem Prozess?
50001-9-2-1-customer-2;50001-9-2-1;ISO 50001;ISO 50001:2018 + Amd 1:2024;9.2.1;9;high;customer;Internal audit — general;Interní audit — obecně;Internes Audit — Allgemeines;How did the last audit test effectiveness beyond document conformity?;Jak poslední audit ověřoval účinnost nad rámec shody dokumentace?;Wie prüfte das letzte Audit Wirksamkeit über Dokumentenkonformität hinaus?
50001-9-2-1-customer-3;50001-9-2-1;ISO 50001;ISO 50001:2018 + Amd 1:2024;9.2.1;9;high;customer;Internal audit — general;Interní audit — obecně;Internes Audit — Allgemeines;Show one recent customer/project example and trace the requirement to objective evidence and escalation.;Ukažte jeden aktuální zákaznický/projektový příklad a sledujte požadavek k objektivnímu důkazu a eskalaci.;Ein aktuelles Kunden-/Projektbeispiel zeigen und die Anforderung bis zu objektivem Nachweis und Eskalation verfolgen.
50001-9-2-1-certification-1;50001-9-2-1;ISO 50001;ISO 50001:2018 + Amd 1:2024;9.2.1;9;high;certification;Internal audit — general;Interní audit — obecně;Internes Audit — Allgemeines;Which objective evidence demonstrates conformity and effective implementation of clause 9.2.1?;Který objektivní důkaz prokazuje shodu a účinné zavedení článku 9.2.1?;Welche objektiven Nachweise belegen Konformität und wirksame Umsetzung von Abschnitt 9.2.1?
50001-9-2-1-certification-2;50001-9-2-1;ISO 50001;ISO 50001:2018 + Amd 1:2024;9.2.1;9;high;certification;Internal audit — general;Interní audit — obecně;Internes Audit — Allgemeines;How did the last audit test effectiveness beyond document conformity?;Jak poslední audit ověřoval účinnost nad rámec shody dokumentace?;Wie prüfte das letzte Audit Wirksamkeit über Dokumentenkonformität hinaus?
50001-9-2-1-certification-3;50001-9-2-1;ISO 50001;ISO 50001:2018 + Amd 1:2024;9.2.1;9;high;certification;Internal audit — general;Interní audit — obecně;Internes Audit — Allgemeines;How does this control interact with related clauses, and how are gaps classified and corrected?;Jak toto řízení souvisí s navazujícími články a jak se klasifikují a řeší mezery?;Wie wirkt diese Steuerung mit verwandten Abschnitten zusammen und wie werden Lücken klassifiziert und behoben?
50001-9-2-2-internal-1;50001-9-2-2;ISO 50001;ISO 50001:2018 + Amd 1:2024;9.2.2;9;high;internal;Internal audit programme;Program interních auditů;Internes Auditprogramm;Why were these processes and frequencies selected, and what changed after previous findings?;Proč byly zvoleny právě tyto procesy a četnosti a co se změnilo po předchozích zjištěních?;Warum wurden diese Prozesse und Häufigkeiten gewählt und was änderte sich nach früheren Feststellungen?
50001-9-2-2-internal-2;50001-9-2-2;ISO 50001;ISO 50001:2018 + Amd 1:2024;9.2.2;9;high;internal;Internal audit programme;Program interních auditů;Internes Auditprogramm;How is internal audit programme implemented in the selected process, and who owns the control?;Jak je v hodnoceném procesu zavedeno téma „Program interních auditů“ a kdo vlastní příslušné řízení?;Wie ist „Internes Auditprogramm“ im ausgewählten Prozess umgesetzt und wer verantwortet die Steuerung?
50001-9-2-2-internal-3;50001-9-2-2;ISO 50001;ISO 50001:2018 + Amd 1:2024;9.2.2;9;high;internal;Internal audit programme;Program interních auditů;Internes Auditprogramm;Show a recent sample and explain how effectiveness, deviations and follow-up are evaluated.;Ukažte aktuální vzorek a vysvětlete, jak se hodnotí účinnost, odchylky a následná opatření.;Eine aktuelle Stichprobe zeigen und erläutern, wie Wirksamkeit, Abweichungen und Folgemaßnahmen bewertet werden.
50001-9-2-2-customer-1;50001-9-2-2;ISO 50001;ISO 50001:2018 + Amd 1:2024;9.2.2;9;high;customer;Internal audit programme;Program interních auditů;Internes Auditprogramm;How does clause 9.2.2 protect customer, contractual or stakeholder expectations in this process?;Jak článek 9.2.2 chrání očekávání zákazníka, smluvní nebo jiné relevantní požadavky v tomto procesu?;Wie schützt Abschnitt 9.2.2 Kunden-, Vertrags- oder relevante Stakeholderanforderungen in diesem Prozess?
50001-9-2-2-customer-2;50001-9-2-2;ISO 50001;ISO 50001:2018 + Amd 1:2024;9.2.2;9;high;customer;Internal audit programme;Program interních auditů;Internes Auditprogramm;Why were these processes and frequencies selected, and what changed after previous findings?;Proč byly zvoleny právě tyto procesy a četnosti a co se změnilo po předchozích zjištěních?;Warum wurden diese Prozesse und Häufigkeiten gewählt und was änderte sich nach früheren Feststellungen?
50001-9-2-2-customer-3;50001-9-2-2;ISO 50001;ISO 50001:2018 + Amd 1:2024;9.2.2;9;high;customer;Internal audit programme;Program interních auditů;Internes Auditprogramm;Show one recent customer/project example and trace the requirement to objective evidence and escalation.;Ukažte jeden aktuální zákaznický/projektový příklad a sledujte požadavek k objektivnímu důkazu a eskalaci.;Ein aktuelles Kunden-/Projektbeispiel zeigen und die Anforderung bis zu objektivem Nachweis und Eskalation verfolgen.
50001-9-2-2-certification-1;50001-9-2-2;ISO 50001;ISO 50001:2018 + Amd 1:2024;9.2.2;9;high;certification;Internal audit programme;Program interních auditů;Internes Auditprogramm;Which objective evidence demonstrates conformity and effective implementation of clause 9.2.2?;Který objektivní důkaz prokazuje shodu a účinné zavedení článku 9.2.2?;Welche objektiven Nachweise belegen Konformität und wirksame Umsetzung von Abschnitt 9.2.2?
50001-9-2-2-certification-2;50001-9-2-2;ISO 50001;ISO 50001:2018 + Amd 1:2024;9.2.2;9;high;certification;Internal audit programme;Program interních auditů;Internes Auditprogramm;Why were these processes and frequencies selected, and what changed after previous findings?;Proč byly zvoleny právě tyto procesy a četnosti a co se změnilo po předchozích zjištěních?;Warum wurden diese Prozesse und Häufigkeiten gewählt und was änderte sich nach früheren Feststellungen?
50001-9-2-2-certification-3;50001-9-2-2;ISO 50001;ISO 50001:2018 + Amd 1:2024;9.2.2;9;high;certification;Internal audit programme;Program interních auditů;Internes Auditprogramm;How does this control interact with related clauses, and how are gaps classified and corrected?;Jak toto řízení souvisí s navazujícími články a jak se klasifikují a řeší mezery?;Wie wirkt diese Steuerung mit verwandten Abschnitten zusammen und wie werden Lücken klassifiziert und behoben?
50001-9-3-1-internal-1;50001-9-3-1;ISO 50001;ISO 50001:2018 + Amd 1:2024;9.3.1;9;high;internal;Management review — general;Přezkoumání vedením — obecně;Managementbewertung — Allgemeines;What strategic decision resulted from the latest management review?;Jaké strategické rozhodnutí vyplynulo z posledního přezkoumání vedením?;Welche strategische Entscheidung ergab sich aus der letzten Managementbewertung?
50001-9-3-1-internal-2;50001-9-3-1;ISO 50001;ISO 50001:2018 + Amd 1:2024;9.3.1;9;high;internal;Management review — general;Přezkoumání vedením — obecně;Managementbewertung — Allgemeines;How is management review — general implemented in the selected process, and who owns the control?;Jak je v hodnoceném procesu zavedeno téma „Přezkoumání vedením — obecně“ a kdo vlastní příslušné řízení?;Wie ist „Managementbewertung — Allgemeines“ im ausgewählten Prozess umgesetzt und wer verantwortet die Steuerung?
50001-9-3-1-internal-3;50001-9-3-1;ISO 50001;ISO 50001:2018 + Amd 1:2024;9.3.1;9;high;internal;Management review — general;Přezkoumání vedením — obecně;Managementbewertung — Allgemeines;Show a recent sample and explain how effectiveness, deviations and follow-up are evaluated.;Ukažte aktuální vzorek a vysvětlete, jak se hodnotí účinnost, odchylky a následná opatření.;Eine aktuelle Stichprobe zeigen und erläutern, wie Wirksamkeit, Abweichungen und Folgemaßnahmen bewertet werden.
50001-9-3-1-customer-1;50001-9-3-1;ISO 50001;ISO 50001:2018 + Amd 1:2024;9.3.1;9;high;customer;Management review — general;Přezkoumání vedením — obecně;Managementbewertung — Allgemeines;How does clause 9.3.1 protect customer, contractual or stakeholder expectations in this process?;Jak článek 9.3.1 chrání očekávání zákazníka, smluvní nebo jiné relevantní požadavky v tomto procesu?;Wie schützt Abschnitt 9.3.1 Kunden-, Vertrags- oder relevante Stakeholderanforderungen in diesem Prozess?
50001-9-3-1-customer-2;50001-9-3-1;ISO 50001;ISO 50001:2018 + Amd 1:2024;9.3.1;9;high;customer;Management review — general;Přezkoumání vedením — obecně;Managementbewertung — Allgemeines;What strategic decision resulted from the latest management review?;Jaké strategické rozhodnutí vyplynulo z posledního přezkoumání vedením?;Welche strategische Entscheidung ergab sich aus der letzten Managementbewertung?
50001-9-3-1-customer-3;50001-9-3-1;ISO 50001;ISO 50001:2018 + Amd 1:2024;9.3.1;9;high;customer;Management review — general;Přezkoumání vedením — obecně;Managementbewertung — Allgemeines;Show one recent customer/project example and trace the requirement to objective evidence and escalation.;Ukažte jeden aktuální zákaznický/projektový příklad a sledujte požadavek k objektivnímu důkazu a eskalaci.;Ein aktuelles Kunden-/Projektbeispiel zeigen und die Anforderung bis zu objektivem Nachweis und Eskalation verfolgen.
50001-9-3-1-certification-1;50001-9-3-1;ISO 50001;ISO 50001:2018 + Amd 1:2024;9.3.1;9;high;certification;Management review — general;Přezkoumání vedením — obecně;Managementbewertung — Allgemeines;Which objective evidence demonstrates conformity and effective implementation of clause 9.3.1?;Který objektivní důkaz prokazuje shodu a účinné zavedení článku 9.3.1?;Welche objektiven Nachweise belegen Konformität und wirksame Umsetzung von Abschnitt 9.3.1?
50001-9-3-1-certification-2;50001-9-3-1;ISO 50001;ISO 50001:2018 + Amd 1:2024;9.3.1;9;high;certification;Management review — general;Přezkoumání vedením — obecně;Managementbewertung — Allgemeines;What strategic decision resulted from the latest management review?;Jaké strategické rozhodnutí vyplynulo z posledního přezkoumání vedením?;Welche strategische Entscheidung ergab sich aus der letzten Managementbewertung?
50001-9-3-1-certification-3;50001-9-3-1;ISO 50001;ISO 50001:2018 + Amd 1:2024;9.3.1;9;high;certification;Management review — general;Přezkoumání vedením — obecně;Managementbewertung — Allgemeines;How does this control interact with related clauses, and how are gaps classified and corrected?;Jak toto řízení souvisí s navazujícími články a jak se klasifikují a řeší mezery?;Wie wirkt diese Steuerung mit verwandten Abschnitten zusammen und wie werden Lücken klassifiziert und behoben?
50001-9-3-2-internal-1;50001-9-3-2;ISO 50001;ISO 50001:2018 + Amd 1:2024;9.3.2;9;high;internal;Management review inputs;Vstupy přezkoumání vedením;Eingaben der Managementbewertung;Which evidence proves energy-performance improvement rather than lower activity or favorable weather?;Který důkaz prokazuje zlepšení energetické hospodárnosti, nikoli nižší aktivitu nebo příznivé počasí?;Welcher Nachweis belegt Verbesserung der energiebezogenen Leistung statt geringerer Aktivität oder günstigen Wetters?
50001-9-3-2-internal-2;50001-9-3-2;ISO 50001;ISO 50001:2018 + Amd 1:2024;9.3.2;9;high;internal;Management review inputs;Vstupy přezkoumání vedením;Eingaben der Managementbewertung;How is management review inputs implemented in the selected process, and who owns the control?;Jak je v hodnoceném procesu zavedeno téma „Vstupy přezkoumání vedením“ a kdo vlastní příslušné řízení?;Wie ist „Eingaben der Managementbewertung“ im ausgewählten Prozess umgesetzt und wer verantwortet die Steuerung?
50001-9-3-2-internal-3;50001-9-3-2;ISO 50001;ISO 50001:2018 + Amd 1:2024;9.3.2;9;high;internal;Management review inputs;Vstupy přezkoumání vedením;Eingaben der Managementbewertung;Show a recent sample and explain how effectiveness, deviations and follow-up are evaluated.;Ukažte aktuální vzorek a vysvětlete, jak se hodnotí účinnost, odchylky a následná opatření.;Eine aktuelle Stichprobe zeigen und erläutern, wie Wirksamkeit, Abweichungen und Folgemaßnahmen bewertet werden.
50001-9-3-2-customer-1;50001-9-3-2;ISO 50001;ISO 50001:2018 + Amd 1:2024;9.3.2;9;high;customer;Management review inputs;Vstupy přezkoumání vedením;Eingaben der Managementbewertung;How does clause 9.3.2 protect customer, contractual or stakeholder expectations in this process?;Jak článek 9.3.2 chrání očekávání zákazníka, smluvní nebo jiné relevantní požadavky v tomto procesu?;Wie schützt Abschnitt 9.3.2 Kunden-, Vertrags- oder relevante Stakeholderanforderungen in diesem Prozess?
50001-9-3-2-customer-2;50001-9-3-2;ISO 50001;ISO 50001:2018 + Amd 1:2024;9.3.2;9;high;customer;Management review inputs;Vstupy přezkoumání vedením;Eingaben der Managementbewertung;Which evidence proves energy-performance improvement rather than lower activity or favorable weather?;Který důkaz prokazuje zlepšení energetické hospodárnosti, nikoli nižší aktivitu nebo příznivé počasí?;Welcher Nachweis belegt Verbesserung der energiebezogenen Leistung statt geringerer Aktivität oder günstigen Wetters?
50001-9-3-2-customer-3;50001-9-3-2;ISO 50001;ISO 50001:2018 + Amd 1:2024;9.3.2;9;high;customer;Management review inputs;Vstupy přezkoumání vedením;Eingaben der Managementbewertung;Show one recent customer/project example and trace the requirement to objective evidence and escalation.;Ukažte jeden aktuální zákaznický/projektový příklad a sledujte požadavek k objektivnímu důkazu a eskalaci.;Ein aktuelles Kunden-/Projektbeispiel zeigen und die Anforderung bis zu objektivem Nachweis und Eskalation verfolgen.
50001-9-3-2-certification-1;50001-9-3-2;ISO 50001;ISO 50001:2018 + Amd 1:2024;9.3.2;9;high;certification;Management review inputs;Vstupy přezkoumání vedením;Eingaben der Managementbewertung;Which objective evidence demonstrates conformity and effective implementation of clause 9.3.2?;Který objektivní důkaz prokazuje shodu a účinné zavedení článku 9.3.2?;Welche objektiven Nachweise belegen Konformität und wirksame Umsetzung von Abschnitt 9.3.2?
50001-9-3-2-certification-2;50001-9-3-2;ISO 50001;ISO 50001:2018 + Amd 1:2024;9.3.2;9;high;certification;Management review inputs;Vstupy přezkoumání vedením;Eingaben der Managementbewertung;Which evidence proves energy-performance improvement rather than lower activity or favorable weather?;Který důkaz prokazuje zlepšení energetické hospodárnosti, nikoli nižší aktivitu nebo příznivé počasí?;Welcher Nachweis belegt Verbesserung der energiebezogenen Leistung statt geringerer Aktivität oder günstigen Wetters?
50001-9-3-2-certification-3;50001-9-3-2;ISO 50001;ISO 50001:2018 + Amd 1:2024;9.3.2;9;high;certification;Management review inputs;Vstupy přezkoumání vedením;Eingaben der Managementbewertung;How does this control interact with related clauses, and how are gaps classified and corrected?;Jak toto řízení souvisí s navazujícími články a jak se klasifikují a řeší mezery?;Wie wirkt diese Steuerung mit verwandten Abschnitten zusammen und wie werden Lücken klassifiziert und behoben?
50001-9-3-3-internal-1;50001-9-3-3;ISO 50001;ISO 50001:2018 + Amd 1:2024;9.3.3;9;high;internal;Management review outputs;Výstupy přezkoumání vedením;Ergebnisse der Managementbewertung;Select one energy-performance decision and verify authorization, resources, implementation and measured result.;Vyberte jedno rozhodnutí o energetické hospodárnosti a ověřte schválení, zdroje, realizaci a měřený výsledek.;Eine Energieleistungsentscheidung auswählen und Freigabe, Ressourcen, Umsetzung und gemessenes Ergebnis prüfen.
50001-9-3-3-internal-2;50001-9-3-3;ISO 50001;ISO 50001:2018 + Amd 1:2024;9.3.3;9;high;internal;Management review outputs;Výstupy přezkoumání vedením;Ergebnisse der Managementbewertung;How is management review outputs implemented in the selected process, and who owns the control?;Jak je v hodnoceném procesu zavedeno téma „Výstupy přezkoumání vedením“ a kdo vlastní příslušné řízení?;Wie ist „Ergebnisse der Managementbewertung“ im ausgewählten Prozess umgesetzt und wer verantwortet die Steuerung?
50001-9-3-3-internal-3;50001-9-3-3;ISO 50001;ISO 50001:2018 + Amd 1:2024;9.3.3;9;high;internal;Management review outputs;Výstupy přezkoumání vedením;Ergebnisse der Managementbewertung;Show a recent sample and explain how effectiveness, deviations and follow-up are evaluated.;Ukažte aktuální vzorek a vysvětlete, jak se hodnotí účinnost, odchylky a následná opatření.;Eine aktuelle Stichprobe zeigen und erläutern, wie Wirksamkeit, Abweichungen und Folgemaßnahmen bewertet werden.
50001-9-3-3-customer-1;50001-9-3-3;ISO 50001;ISO 50001:2018 + Amd 1:2024;9.3.3;9;high;customer;Management review outputs;Výstupy přezkoumání vedením;Ergebnisse der Managementbewertung;How does clause 9.3.3 protect customer, contractual or stakeholder expectations in this process?;Jak článek 9.3.3 chrání očekávání zákazníka, smluvní nebo jiné relevantní požadavky v tomto procesu?;Wie schützt Abschnitt 9.3.3 Kunden-, Vertrags- oder relevante Stakeholderanforderungen in diesem Prozess?
50001-9-3-3-customer-2;50001-9-3-3;ISO 50001;ISO 50001:2018 + Amd 1:2024;9.3.3;9;high;customer;Management review outputs;Výstupy přezkoumání vedením;Ergebnisse der Managementbewertung;Select one energy-performance decision and verify authorization, resources, implementation and measured result.;Vyberte jedno rozhodnutí o energetické hospodárnosti a ověřte schválení, zdroje, realizaci a měřený výsledek.;Eine Energieleistungsentscheidung auswählen und Freigabe, Ressourcen, Umsetzung und gemessenes Ergebnis prüfen.
50001-9-3-3-customer-3;50001-9-3-3;ISO 50001;ISO 50001:2018 + Amd 1:2024;9.3.3;9;high;customer;Management review outputs;Výstupy přezkoumání vedením;Ergebnisse der Managementbewertung;Show one recent customer/project example and trace the requirement to objective evidence and escalation.;Ukažte jeden aktuální zákaznický/projektový příklad a sledujte požadavek k objektivnímu důkazu a eskalaci.;Ein aktuelles Kunden-/Projektbeispiel zeigen und die Anforderung bis zu objektivem Nachweis und Eskalation verfolgen.
50001-9-3-3-certification-1;50001-9-3-3;ISO 50001;ISO 50001:2018 + Amd 1:2024;9.3.3;9;high;certification;Management review outputs;Výstupy přezkoumání vedením;Ergebnisse der Managementbewertung;Which objective evidence demonstrates conformity and effective implementation of clause 9.3.3?;Který objektivní důkaz prokazuje shodu a účinné zavedení článku 9.3.3?;Welche objektiven Nachweise belegen Konformität und wirksame Umsetzung von Abschnitt 9.3.3?
50001-9-3-3-certification-2;50001-9-3-3;ISO 50001;ISO 50001:2018 + Amd 1:2024;9.3.3;9;high;certification;Management review outputs;Výstupy přezkoumání vedením;Ergebnisse der Managementbewertung;Select one energy-performance decision and verify authorization, resources, implementation and measured result.;Vyberte jedno rozhodnutí o energetické hospodárnosti a ověřte schválení, zdroje, realizaci a měřený výsledek.;Eine Energieleistungsentscheidung auswählen und Freigabe, Ressourcen, Umsetzung und gemessenes Ergebnis prüfen.
50001-9-3-3-certification-3;50001-9-3-3;ISO 50001;ISO 50001:2018 + Amd 1:2024;9.3.3;9;high;certification;Management review outputs;Výstupy přezkoumání vedením;Ergebnisse der Managementbewertung;How does this control interact with related clauses, and how are gaps classified and corrected?;Jak toto řízení souvisí s navazujícími články a jak se klasifikují a řeší mezery?;Wie wirkt diese Steuerung mit verwandten Abschnitten zusammen und wie werden Lücken klassifiziert und behoben?
50001-10-1-internal-1;50001-10-1;ISO 50001;ISO 50001:2018 + Amd 1:2024;10.1;10;high;internal;Nonconformity and corrective action;Neshoda a nápravné opatření;Nichtkonformität und Korrekturmaßnahmen;Trace one significant nonconformity from containment through systemic root cause to effectiveness verification.;Sledujte jednu významnou neshodu od omezení dopadu přes systémovou kořenovou příčinu až po ověření účinnosti.;Eine wesentliche Nichtkonformität von Eindämmung über systemische Ursache bis zur Wirksamkeitsprüfung verfolgen.
50001-10-1-internal-2;50001-10-1;ISO 50001;ISO 50001:2018 + Amd 1:2024;10.1;10;high;internal;Nonconformity and corrective action;Neshoda a nápravné opatření;Nichtkonformität und Korrekturmaßnahmen;How is nonconformity and corrective action implemented in the selected process, and who owns the control?;Jak je v hodnoceném procesu zavedeno téma „Neshoda a nápravné opatření“ a kdo vlastní příslušné řízení?;Wie ist „Nichtkonformität und Korrekturmaßnahmen“ im ausgewählten Prozess umgesetzt und wer verantwortet die Steuerung?
50001-10-1-internal-3;50001-10-1;ISO 50001;ISO 50001:2018 + Amd 1:2024;10.1;10;high;internal;Nonconformity and corrective action;Neshoda a nápravné opatření;Nichtkonformität und Korrekturmaßnahmen;Show a recent sample and explain how effectiveness, deviations and follow-up are evaluated.;Ukažte aktuální vzorek a vysvětlete, jak se hodnotí účinnost, odchylky a následná opatření.;Eine aktuelle Stichprobe zeigen und erläutern, wie Wirksamkeit, Abweichungen und Folgemaßnahmen bewertet werden.
50001-10-1-customer-1;50001-10-1;ISO 50001;ISO 50001:2018 + Amd 1:2024;10.1;10;high;customer;Nonconformity and corrective action;Neshoda a nápravné opatření;Nichtkonformität und Korrekturmaßnahmen;How does clause 10.1 protect customer, contractual or stakeholder expectations in this process?;Jak článek 10.1 chrání očekávání zákazníka, smluvní nebo jiné relevantní požadavky v tomto procesu?;Wie schützt Abschnitt 10.1 Kunden-, Vertrags- oder relevante Stakeholderanforderungen in diesem Prozess?
50001-10-1-customer-2;50001-10-1;ISO 50001;ISO 50001:2018 + Amd 1:2024;10.1;10;high;customer;Nonconformity and corrective action;Neshoda a nápravné opatření;Nichtkonformität und Korrekturmaßnahmen;Trace one significant nonconformity from containment through systemic root cause to effectiveness verification.;Sledujte jednu významnou neshodu od omezení dopadu přes systémovou kořenovou příčinu až po ověření účinnosti.;Eine wesentliche Nichtkonformität von Eindämmung über systemische Ursache bis zur Wirksamkeitsprüfung verfolgen.
50001-10-1-customer-3;50001-10-1;ISO 50001;ISO 50001:2018 + Amd 1:2024;10.1;10;high;customer;Nonconformity and corrective action;Neshoda a nápravné opatření;Nichtkonformität und Korrekturmaßnahmen;Show one recent customer/project example and trace the requirement to objective evidence and escalation.;Ukažte jeden aktuální zákaznický/projektový příklad a sledujte požadavek k objektivnímu důkazu a eskalaci.;Ein aktuelles Kunden-/Projektbeispiel zeigen und die Anforderung bis zu objektivem Nachweis und Eskalation verfolgen.
50001-10-1-certification-1;50001-10-1;ISO 50001;ISO 50001:2018 + Amd 1:2024;10.1;10;high;certification;Nonconformity and corrective action;Neshoda a nápravné opatření;Nichtkonformität und Korrekturmaßnahmen;Which objective evidence demonstrates conformity and effective implementation of clause 10.1?;Který objektivní důkaz prokazuje shodu a účinné zavedení článku 10.1?;Welche objektiven Nachweise belegen Konformität und wirksame Umsetzung von Abschnitt 10.1?
50001-10-1-certification-2;50001-10-1;ISO 50001;ISO 50001:2018 + Amd 1:2024;10.1;10;high;certification;Nonconformity and corrective action;Neshoda a nápravné opatření;Nichtkonformität und Korrekturmaßnahmen;Trace one significant nonconformity from containment through systemic root cause to effectiveness verification.;Sledujte jednu významnou neshodu od omezení dopadu přes systémovou kořenovou příčinu až po ověření účinnosti.;Eine wesentliche Nichtkonformität von Eindämmung über systemische Ursache bis zur Wirksamkeitsprüfung verfolgen.
50001-10-1-certification-3;50001-10-1;ISO 50001;ISO 50001:2018 + Amd 1:2024;10.1;10;high;certification;Nonconformity and corrective action;Neshoda a nápravné opatření;Nichtkonformität und Korrekturmaßnahmen;How does this control interact with related clauses, and how are gaps classified and corrected?;Jak toto řízení souvisí s navazujícími články a jak se klasifikují a řeší mezery?;Wie wirkt diese Steuerung mit verwandten Abschnitten zusammen und wie werden Lücken klassifiziert und behoben?
50001-10-2-internal-1;50001-10-2;ISO 50001;ISO 50001:2018 + Amd 1:2024;10.2;10;medium;internal;Continual improvement;Neustálé zlepšování;Fortlaufende Verbesserung;Which long-term trend demonstrates that the system is becoming more effective?;Který dlouhodobý trend prokazuje, že se systém stává účinnějším?;Welcher langfristige Trend zeigt, dass das System wirksamer wird?
50001-10-2-internal-2;50001-10-2;ISO 50001;ISO 50001:2018 + Amd 1:2024;10.2;10;medium;internal;Continual improvement;Neustálé zlepšování;Fortlaufende Verbesserung;How is continual improvement implemented in the selected process, and who owns the control?;Jak je v hodnoceném procesu zavedeno téma „Neustálé zlepšování“ a kdo vlastní příslušné řízení?;Wie ist „Fortlaufende Verbesserung“ im ausgewählten Prozess umgesetzt und wer verantwortet die Steuerung?
50001-10-2-internal-3;50001-10-2;ISO 50001;ISO 50001:2018 + Amd 1:2024;10.2;10;medium;internal;Continual improvement;Neustálé zlepšování;Fortlaufende Verbesserung;Show a recent sample and explain how effectiveness, deviations and follow-up are evaluated.;Ukažte aktuální vzorek a vysvětlete, jak se hodnotí účinnost, odchylky a následná opatření.;Eine aktuelle Stichprobe zeigen und erläutern, wie Wirksamkeit, Abweichungen und Folgemaßnahmen bewertet werden.
50001-10-2-customer-1;50001-10-2;ISO 50001;ISO 50001:2018 + Amd 1:2024;10.2;10;medium;customer;Continual improvement;Neustálé zlepšování;Fortlaufende Verbesserung;How does clause 10.2 protect customer, contractual or stakeholder expectations in this process?;Jak článek 10.2 chrání očekávání zákazníka, smluvní nebo jiné relevantní požadavky v tomto procesu?;Wie schützt Abschnitt 10.2 Kunden-, Vertrags- oder relevante Stakeholderanforderungen in diesem Prozess?
50001-10-2-customer-2;50001-10-2;ISO 50001;ISO 50001:2018 + Amd 1:2024;10.2;10;medium;customer;Continual improvement;Neustálé zlepšování;Fortlaufende Verbesserung;Which long-term trend demonstrates that the system is becoming more effective?;Který dlouhodobý trend prokazuje, že se systém stává účinnějším?;Welcher langfristige Trend zeigt, dass das System wirksamer wird?
50001-10-2-customer-3;50001-10-2;ISO 50001;ISO 50001:2018 + Amd 1:2024;10.2;10;medium;customer;Continual improvement;Neustálé zlepšování;Fortlaufende Verbesserung;Show one recent customer/project example and trace the requirement to objective evidence and escalation.;Ukažte jeden aktuální zákaznický/projektový příklad a sledujte požadavek k objektivnímu důkazu a eskalaci.;Ein aktuelles Kunden-/Projektbeispiel zeigen und die Anforderung bis zu objektivem Nachweis und Eskalation verfolgen.
50001-10-2-certification-1;50001-10-2;ISO 50001;ISO 50001:2018 + Amd 1:2024;10.2;10;medium;certification;Continual improvement;Neustálé zlepšování;Fortlaufende Verbesserung;Which objective evidence demonstrates conformity and effective implementation of clause 10.2?;Který objektivní důkaz prokazuje shodu a účinné zavedení článku 10.2?;Welche objektiven Nachweise belegen Konformität und wirksame Umsetzung von Abschnitt 10.2?
50001-10-2-certification-2;50001-10-2;ISO 50001;ISO 50001:2018 + Amd 1:2024;10.2;10;medium;certification;Continual improvement;Neustálé zlepšování;Fortlaufende Verbesserung;Which long-term trend demonstrates that the system is becoming more effective?;Který dlouhodobý trend prokazuje, že se systém stává účinnějším?;Welcher langfristige Trend zeigt, dass das System wirksamer wird?
50001-10-2-certification-3;50001-10-2;ISO 50001;ISO 50001:2018 + Amd 1:2024;10.2;10;medium;certification;Continual improvement;Neustálé zlepšování;Fortlaufende Verbesserung;How does this control interact with related clauses, and how are gaps classified and corrected?;Jak toto řízení souvisí s navazujícími články a jak se klasifikují a řeší mezery?;Wie wirkt diese Steuerung mit verwandten Abschnitten zusammen und wie werden Lücken klassifiziert und behoben?
