id;standard;edition;clause;chapter;priority;topic;new_2026;transition;title_en;title_cs;title_de;requirement_en;requirement_cs;requirement_de;explanation_en;explanation_cs;explanation_de;evidence_en;evidence_cs;evidence_de;pitfalls_en;pitfalls_cs;pitfalls_de
9001-4-1;ISO 9001;ISO 9001:2015 + Amd 1:2024;4.1;4;high;context;0;0;Understanding the organization and its context;Porozumění organizaci a jejímu kontextu;Verstehen der Organisation und ihres Kontextes;Identify internal and external issues that can affect the ability of the QMS to achieve its intended results, keep the analysis current and determine whether climate change is relevant.;Určete vnitřní a vnější okolnosti, které mohou ovlivnit schopnost SMK dosahovat zamýšlených výsledků, udržujte analýzu aktuální a stanovte relevanci změny klimatu.;"Interne und externe Themen bestimmen, die die Fähigkeit des QMS zur Erreichung seiner beabsichtigten Ergebnisse beeinflussen können; die Analyse aktuell halten und die Relevanz des Klimawandels beurteilen.";Context is a decision input, not a stand-alone SWOT. It should shape scope, risks, objectives, controls, resources and management review.;Kontext je vstupem pro rozhodování, nikoli samostatnou SWOT. Má ovlivňovat rozsah, rizika, cíle, opatření, zdroje a přezkoumání vedením.;Der Kontext ist eine Entscheidungsgrundlage, keine isolierte SWOT. Er soll Geltungsbereich, Risiken, Ziele, Kontrollen, Ressourcen und Managementreview beeinflussen.;Context/SWOT/PESTLE register linked to strategic risks | Documented conclusion on climate-change relevance | Evidence of periodic and event-driven review;Registr kontextu/SWOT/PESTLE propojený se strategickými riziky | Zdokumentovaný závěr o relevanci změny klimatu | Důkaz pravidelného i událostmi vyvolaného přezkumu;Kontext-/SWOT-/PESTLE-Register mit Verknüpfung zu strategischen Risiken | Dokumentierte Schlussfolgerung zur Relevanz des Klimawandels | Nachweis regelmäßiger und anlassbezogener Überprüfung;Generic SWOT with no link to the management system | Climate relevance not concluded | Analysis not updated after significant change;Obecná SWOT bez vazby na systém managementu | Chybí závěr o relevanci klimatu | Analýza není aktualizována po významné změně;Allgemeine SWOT ohne Bezug zum Managementsystem | Keine Schlussfolgerung zur Klimarelevanz | Keine Aktualisierung nach wesentlichen Änderungen
9001-4-2;ISO 9001;ISO 9001:2015 + Amd 1:2024;4.2;4;high;stakeholders;0;0;Needs and expectations of interested parties;Potřeby a očekávání zainteresovaných stran;Erfordernisse und Erwartungen interessierter Parteien;Identify relevant interested parties, determine which of their needs and expectations become requirements for the QMS, and monitor changes, including relevant climate-related expectations.;Určete relevantní zainteresované strany, stanovte, které jejich potřeby a očekávání se stávají požadavky pro SMK, a sledujte změny včetně relevantních klimatických očekávání.;Relevante interessierte Parteien bestimmen, festlegen, welche ihrer Erfordernisse und Erwartungen zu Anforderungen an das QMS werden, und Änderungen einschließlich relevanter klimabezogener Erwartungen überwachen.;The organization must distinguish general interest from binding, contractual or strategically adopted requirements and assign ownership for monitoring them.;Organizace musí odlišit obecný zájem od závazných, smluvních nebo strategicky přijatých požadavků a určit odpovědnost za jejich sledování.;Die Organisation muss allgemeine Interessen von verbindlichen, vertraglichen oder strategisch übernommenen Anforderungen unterscheiden und Verantwortlichkeiten für deren Überwachung festlegen.;Interested-party matrix with needs, obligations and owners | Customer, regulator, worker, community and supplier inputs | Review of changes in relevant expectations;Matice zainteresovaných stran s potřebami, závazky a vlastníky | Vstupy zákazníků, úřadů, pracovníků, komunit a dodavatelů | Přezkum změn relevantních očekávání;Interessentenmatrix mit Bedürfnissen, Verpflichtungen und Verantwortlichen | Eingaben von Kunden, Behörden, Beschäftigten, Öffentlichkeit und Lieferanten | Überprüfung geänderter relevanter Erwartungen;List of parties without deciding which needs are requirements | Customer-specific or legal expectations omitted | No owner or review cycle;Pouhý seznam stran bez určení, které potřeby jsou požadavky | Opomenutí specifických požadavků zákazníků nebo právních požadavků | Chybí vlastník nebo cyklus přezkumu;Liste ohne Entscheidung, welche Bedürfnisse Anforderungen sind | Kunden- oder Rechtsanforderungen fehlen | Kein Verantwortlicher oder Review-Zyklus
9001-4-3;ISO 9001;ISO 9001:2015 + Amd 1:2024;4.3;4;high;scope;0;0;Scope of the management system;Rozsah systému managementu;Geltungsbereich des Managementsystems;Define and maintain the boundaries and applicability of the QMS, considering context, interested-party requirements, activities, products, services and the organization’s authority and control.;Vymezte a udržujte hranice a použitelnost SMK s ohledem na kontext, požadavky zainteresovaných stran, činnosti, produkty, služby a pravomoc i řízení organizace.;Grenzen und Anwendbarkeit des QMS unter Berücksichtigung von Kontext, Anforderungen interessierter Parteien, Tätigkeiten, Produkten, Dienstleistungen sowie Befugnis und Einfluss der Organisation festlegen und aufrechterhalten.;The scope determines what must be implemented and audited. It must match operational reality and must not be used to exclude relevant activities or impacts.;Rozsah určuje, co musí být zavedeno a auditováno. Musí odpovídat provozní realitě a nesmí sloužit k vyloučení relevantních činností nebo dopadů.;Der Geltungsbereich bestimmt, was umgesetzt und auditiert werden muss. Er muss der Betriebsrealität entsprechen und darf relevante Tätigkeiten oder Auswirkungen nicht ausblenden.;Approved scope statement with sites, activities, products and boundaries | Justification of applicability and exclusions where permitted | Consistency between scope, certificates and actual operations;Schválené vymezení rozsahu s lokalitami, činnostmi, produkty a hranicemi | Odůvodnění použitelnosti a povolených výjimek | Soulad mezi rozsahem, certifikáty a skutečnými činnostmi;Freigegebene Geltungsbereichsbeschreibung mit Standorten, Tätigkeiten, Produkten und Grenzen | Begründung von Anwendbarkeit und zulässigen Nichtanwendungen | Übereinstimmung zwischen Geltungsbereich, Zertifikaten und tatsächlichem Betrieb;Scope is broader or narrower than actual control | Sites or activities omitted without justification | Certificate wording differs from operational reality;Rozsah je širší nebo užší než skutečné řízení | Lokality nebo činnosti jsou vynechány bez odůvodnění | Text certifikátu neodpovídá provozní realitě;Geltungsbereich passt nicht zur tatsächlichen Lenkung | Standorte oder Tätigkeiten ohne Begründung ausgelassen | Zertifikatstext entspricht nicht der Betriebsrealität
9001-4-4;ISO 9001;ISO 9001:2015 + Amd 1:2024;4.4;4;high;processes;0;0;Quality management system and its processes;Systém managementu kvality a jeho procesy;Qualitätsmanagementsystem und seine Prozesse;Establish, implement, maintain and continually improve the QMS, including the necessary processes, their interactions, criteria, responsibilities, resources and retained evidence.;Zaveďte, uplatňujte, udržujte a neustále zlepšujte SMK, včetně potřebných procesů, jejich vazeb, kritérií, odpovědností, zdrojů a uchovávaných důkazů.;Das QMS einschließlich notwendiger Prozesse, Wechselwirkungen, Kriterien, Verantwortlichkeiten, Ressourcen und aufbewahrter Nachweise einführen, verwirklichen, aufrechterhalten und fortlaufend verbessern.;"A management system is the controlled network of decisions and processes that produces intended results; a collection of documents alone is insufficient.";"Systém managementu je řízená síť rozhodnutí a procesů, která vytváří zamýšlené výsledky; samotná sbírka dokumentů nestačí.";"Ein Managementsystem ist ein gelenktes Netz von Entscheidungen und Prozessen, das beabsichtigte Ergebnisse erzeugt; eine reine Dokumentensammlung genügt nicht.";Process architecture with inputs, outputs, owners and interactions | Criteria, methods, indicators and responsibilities | Records showing processes are controlled and improved;Procesní architektura se vstupy, výstupy, vlastníky a vazbami | Kritéria, metody, ukazatele a odpovědnosti | Záznamy prokazující řízení a zlepšování procesů;Prozessarchitektur mit Eingaben, Ergebnissen, Verantwortlichen und Wechselwirkungen | Kriterien, Methoden, Kennzahlen und Verantwortlichkeiten | Aufzeichnungen zur Lenkung und Verbesserung der Prozesse;Process map exists but owners and interactions are unclear | Indicators do not measure intended results | Outsourced processes are not included;Procesní mapa existuje, ale nejsou jasní vlastníci a vazby | Ukazatele neměří zamýšlené výsledky | Externí procesy nejsou zahrnuty;Prozesskarte ohne klare Verantwortliche und Wechselwirkungen | Kennzahlen messen nicht die beabsichtigten Ergebnisse | Ausgelagerte Prozesse fehlen
9001-5-1-1;ISO 9001;ISO 9001:2015 + Amd 1:2024;5.1.1;5;high;leadership;0;0;Leadership and commitment — general;Vedení a závazek — obecně;Führung und Verpflichtung — Allgemeines;Top management remains accountable for the effectiveness of the QMS, integrates its requirements into business processes, provides resources, supports roles and promotes achievement of intended results and improvement.;Vrcholové vedení zůstává odpovědné za účinnost SMK, integruje jeho požadavky do podnikových procesů, poskytuje zdroje, podporuje role a prosazuje dosažení zamýšlených výsledků a zlepšování.;Die oberste Leitung bleibt für die Wirksamkeit des QMS verantwortlich, integriert Anforderungen in Geschäftsprozesse, stellt Ressourcen bereit, unterstützt Rollen und fördert beabsichtigte Ergebnisse sowie Verbesserung.;Accountability cannot be delegated to the management-system coordinator. Auditors look for decisions, trade-offs and visible involvement by top management.;Odpovědnost nelze delegovat na koordinátora systému. Auditoři hledají rozhodnutí, řešení střetů priorit a viditelnou účast vrcholového vedení.;Verantwortung kann nicht an den Managementsystem-Koordinator delegiert werden. Auditoren erwarten Entscheidungen, Prioritätenabwägungen und sichtbare Beteiligung der obersten Leitung.;Management decisions, resource approvals and follow-up | Objectives integrated into business and operational reviews | Visible management participation in audits, reviews and communications;Rozhodnutí vedení, schválení zdrojů a následné sledování | Cíle integrované do obchodních a provozních přezkumů | Viditelná účast vedení na auditech, přezkumech a komunikaci;Managemententscheidungen, Ressourcenfreigaben und Nachverfolgung | Integration der Ziele in Geschäfts- und Betriebsreviews | Sichtbare Beteiligung der Leitung an Audits, Reviews und Kommunikation;System delegated entirely to one coordinator | Objectives and resources not addressed in business decisions | Management cannot explain significant risks or results;Systém je zcela delegován na jednoho koordinátora | Cíle a zdroje nejsou součástí obchodních rozhodnutí | Vedení neumí vysvětlit významná rizika nebo výsledky;System vollständig an einen Koordinator delegiert | Ziele und Ressourcen fehlen in Geschäftsentscheidungen | Leitung kann wesentliche Risiken oder Ergebnisse nicht erläutern
9001-5-1-2;ISO 9001;ISO 9001:2015 + Amd 1:2024;5.1.2;5;high;customer;0;0;Customer focus;Zaměření na zákazníka;Kundenorientierung;Top management ensures customer and applicable statutory/regulatory requirements are determined and met, risks affecting conformity and satisfaction are addressed, and the focus on enhancing satisfaction is maintained.;Vrcholové vedení zajišťuje určení a plnění požadavků zákazníka i použitelných právních a regulačních požadavků, řešení rizik ovlivňujících shodu a spokojenost a trvalé zaměření na zvyšování spokojenosti.;Die oberste Leitung stellt sicher, dass Kunden- sowie anwendbare gesetzliche und behördliche Anforderungen bestimmt und erfüllt, Risiken für Konformität und Zufriedenheit behandelt und der Fokus auf Steigerung der Kundenzufriedenheit aufrechterhalten werden.;Customer focus is demonstrated by how priorities, changes, concessions, complaints and delivery risks are decided—not only by a satisfaction survey.;Zaměření na zákazníka se prokazuje způsobem rozhodování o prioritách, změnách, výjimkách, reklamacích a rizicích dodání, nikoli pouze průzkumem spokojenosti.;Kundenorientierung zeigt sich in Entscheidungen zu Prioritäten, Änderungen, Sonderfreigaben, Reklamationen und Lieferrisiken, nicht nur in Zufriedenheitsumfragen.;Management decisions, resource approvals and follow-up | Objectives integrated into business and operational reviews | Visible management participation in audits, reviews and communications;Rozhodnutí vedení, schválení zdrojů a následné sledování | Cíle integrované do obchodních a provozních přezkumů | Viditelná účast vedení na auditech, přezkumech a komunikaci;Managemententscheidungen, Ressourcenfreigaben und Nachverfolgung | Integration der Ziele in Geschäfts- und Betriebsreviews | Sichtbare Beteiligung der Leitung an Audits, Reviews und Kommunikation;System delegated entirely to one coordinator | Objectives and resources not addressed in business decisions | Management cannot explain significant risks or results;Systém je zcela delegován na jednoho koordinátora | Cíle a zdroje nejsou součástí obchodních rozhodnutí | Vedení neumí vysvětlit významná rizika nebo výsledky;System vollständig an einen Koordinator delegiert | Ziele und Ressourcen fehlen in Geschäftsentscheidungen | Leitung kann wesentliche Risiken oder Ergebnisse nicht erläutern
9001-5-2-1;ISO 9001;ISO 9001:2015 + Amd 1:2024;5.2.1;5;medium;policy;0;0;Establishing the quality policy;Stanovení politiky kvality;Festlegen der Qualitätspolitik;Establish, maintain and communicate a policy appropriate to purpose and context that provides a framework for objectives and contains the relevant commitments of the standard.;Stanovte, udržujte a komunikujte politiku odpovídající účelu a kontextu, která poskytuje rámec pro cíle a obsahuje relevantní závazky normy.;Eine zu Zweck und Kontext passende Politik festlegen, aufrechterhalten und kommunizieren, die den Rahmen für Ziele bildet und die relevanten Verpflichtungen der Norm enthält.;The policy is a management commitment and decision framework. It should be understandable, available and visibly translated into priorities and behavior.;Politika je závazkem vedení a rámcem pro rozhodování. Má být srozumitelná, dostupná a viditelně převedená do priorit a chování.;Die Politik ist eine Führungsverpflichtung und Entscheidungsgrundlage. Sie muss verständlich, verfügbar und sichtbar in Prioritäten und Verhalten umgesetzt sein.;Current approved policy appropriate to context and purpose | Communication and awareness evidence | Commitments translated into objectives and controls;Aktuální schválená politika odpovídající kontextu a účelu | Důkazy komunikace a povědomí | Převedení závazků do cílů a opatření;Aktuelle, freigegebene und zum Kontext passende Politik | Nachweise zu Kommunikation und Bewusstsein | Überführung der Verpflichtungen in Ziele und Maßnahmen;Generic wording unrelated to risks and direction | Policy posted but not understood | Commitments are not converted into measurable priorities;Obecný text bez vazby na rizika a směřování | Politika je vyvěšena, ale není pochopena | Závazky nejsou převedeny do měřitelných priorit;Allgemeiner Text ohne Bezug zu Risiken und Ausrichtung | Politik ausgehängt, aber nicht verstanden | Verpflichtungen nicht in messbare Prioritäten überführt
9001-5-2-2;ISO 9001;ISO 9001:2015 + Amd 1:2024;5.2.2;5;medium;policy;0;0;Communicating the quality policy;Komunikace politiky kvality;Bekanntmachung der Qualitätspolitik;Maintain the quality policy as documented information, communicate and apply it within the organization, and make it available to relevant interested parties as appropriate.;Udržujte politiku kvality jako dokumentovanou informaci, komunikujte a uplatňujte ji v organizaci a podle potřeby ji zpřístupněte relevantním zainteresovaným stranám.;Die Qualitätspolitik als dokumentierte Information aufrechterhalten, innerhalb der Organisation kommunizieren und anwenden sowie relevanten interessierten Parteien soweit angemessen verfügbar machen.;"Availability is not enough; interviews and decisions should show that the policy is understood and used as a practical direction.";"Samotná dostupnost nestačí; rozhovory a rozhodnutí mají prokazovat, že politika je pochopena a používána jako praktický směr.";"Verfügbarkeit allein genügt nicht; Interviews und Entscheidungen müssen zeigen, dass die Politik verstanden und als praktische Ausrichtung genutzt wird.";Current approved policy appropriate to context and purpose | Communication and awareness evidence | Commitments translated into objectives and controls;Aktuální schválená politika odpovídající kontextu a účelu | Důkazy komunikace a povědomí | Převedení závazků do cílů a opatření;Aktuelle, freigegebene und zum Kontext passende Politik | Nachweise zu Kommunikation und Bewusstsein | Überführung der Verpflichtungen in Ziele und Maßnahmen;Generic wording unrelated to risks and direction | Policy posted but not understood | Commitments are not converted into measurable priorities;Obecný text bez vazby na rizika a směřování | Politika je vyvěšena, ale není pochopena | Závazky nejsou převedeny do měřitelných priorit;Allgemeiner Text ohne Bezug zu Risiken und Ausrichtung | Politik ausgehängt, aber nicht verstanden | Verpflichtungen nicht in messbare Prioritäten überführt
9001-5-3;ISO 9001;ISO 9001:2015 + Amd 1:2024;5.3;5;medium;roles;0;0;Roles, responsibilities and authorities;Role, odpovědnosti a pravomoci;Rollen, Verantwortlichkeiten und Befugnisse;Assign, communicate and ensure understanding of responsibilities and authorities needed for the QMS, including reporting on performance and maintaining system integrity during change.;Přidělte, komunikujte a zajistěte porozumění odpovědnostem a pravomocem potřebným pro SMK, včetně reportování výkonnosti a zachování integrity systému při změnách.;Erforderliche Verantwortlichkeiten und Befugnisse für das QMS zuweisen, kommunizieren und deren Verständnis sicherstellen, einschließlich Leistungsberichterstattung und Erhalt der Systemintegrität bei Änderungen.;Clear authority prevents gaps, duplication and stalled escalation. Process ownership should include decision rights and accountability for results.;Jasná pravomoc předchází mezerám, duplicitám a zablokované eskalaci. Vlastnictví procesu má zahrnovat rozhodovací práva a odpovědnost za výsledky.;Klare Befugnisse verhindern Lücken, Doppelarbeit und blockierte Eskalationen. Prozessverantwortung umfasst Entscheidungsrechte und Ergebnisverantwortung.;Organization chart, role descriptions and delegated authorities | Named process/system owners and deputies | Evidence that assigned responsibilities are understood and exercised;Organigram, popisy rolí a delegované pravomoci | Jmenovaní vlastníci procesů/systému a zástupci | Důkaz, že přidělené odpovědnosti jsou pochopeny a vykonávány;Organigramm, Rollenbeschreibungen und delegierte Befugnisse | Benannte Prozess-/Systemverantwortliche und Stellvertretungen | Nachweis, dass zugewiesene Verantwortungen verstanden und wahrgenommen werden;Titles exist but decision rights are unclear | Deputies are missing for critical responsibilities | Role descriptions conflict with actual practice;Role existují, ale rozhodovací pravomoci nejsou jasné | Chybí zástupci pro kritické odpovědnosti | Popisy rolí neodpovídají praxi;Rollen vorhanden, aber Entscheidungsbefugnisse unklar | Keine Stellvertretung für kritische Aufgaben | Rollenbeschreibungen widersprechen der Praxis
9001-6-1;ISO 9001;ISO 9001:2015 + Amd 1:2024;6.1;6;high;risk;0;0;Actions addressing risks and opportunities;Opatření k řešení rizik a příležitostí;Maßnahmen zum Umgang mit Risiken und Chancen;"Determine risks and opportunities that need action to assure intended results, prevent or reduce undesired effects and drive improvement; integrate actions into processes and evaluate effectiveness.";"Určete rizika a příležitosti vyžadující opatření pro zajištění zamýšlených výsledků, prevenci či omezení nežádoucích účinků a podporu zlepšování; opatření integrujte do procesů a hodnoťte jejich účinnost.";"Risiken und Chancen bestimmen, die Maßnahmen erfordern, um beabsichtigte Ergebnisse zu sichern, unerwünschte Auswirkungen zu verhindern oder zu verringern und Verbesserung zu fördern; Maßnahmen in Prozesse integrieren und Wirksamkeit bewerten.";Risk-based thinking connects context to operational control. The method may be proportionate, but decisions and effectiveness need to be demonstrable.;Myšlení založené na rizicích propojuje kontext s provozním řízením. Metoda může být přiměřená, ale rozhodnutí a účinnost musí být prokazatelné.;Risikobasiertes Denken verbindet Kontext und operative Lenkung. Die Methode darf angemessen sein, Entscheidungen und Wirksamkeit müssen jedoch nachweisbar sein.;Risk and opportunity register with criteria, actions and owners | Traceability from context/aspects/hazards to controls and objectives | Effectiveness review and residual-risk decisions;Registr rizik a příležitostí s kritérii, opatřeními a vlastníky | Návaznost od kontextu/aspektů/nebezpečí k opatřením a cílům | Přezkum účinnosti a rozhodnutí o zbytkovém riziku;Risiko- und Chancenregister mit Kriterien, Maßnahmen und Verantwortlichen | Rückverfolgbarkeit von Kontext/Aspekten/Gefährdungen zu Maßnahmen und Zielen | Wirksamkeitsprüfung und Entscheidungen zum Restrisiko;Register is a static list with no actions or effectiveness check | Scoring is inconsistent or hides severe risks | Opportunities and systemic risks are ignored;Registr je statický seznam bez opatření a ověření účinnosti | Hodnocení je nekonzistentní nebo skrývá závažná rizika | Příležitosti a systémová rizika jsou opomenuty;Statisches Register ohne Maßnahmen oder Wirksamkeitsprüfung | Inkonsistente Bewertung oder Verdeckung schwerer Risiken | Chancen und systemische Risiken werden ignoriert
9001-6-2-1;ISO 9001;ISO 9001:2015 + Amd 1:2024;6.2.1;6;high;objectives;0;0;Quality objectives;Cíle kvality;Qualitätsziele;Set objectives at relevant functions and levels that are consistent with policy, measurable where practicable, monitored, communicated and updated.;Stanovte cíle na relevantních funkcích a úrovních, které jsou v souladu s politikou, pokud možno měřitelné, sledované, komunikované a aktualizované.;Ziele für relevante Funktionen und Ebenen festlegen, die mit der Politik übereinstimmen, soweit praktikabel messbar, überwacht, kommuniziert und aktualisiert werden.;Objectives translate policy and significant risks into controlled outcomes. A target needs a baseline, metric and governance, not merely an activity.;Cíle převádějí politiku a významná rizika do řízených výsledků. Cíl potřebuje výchozí stav, ukazatel a řízení, nikoli jen popis činnosti.;Ziele übertragen Politik und wesentliche Risiken in gelenkte Ergebnisse. Ein Ziel benötigt Ausgangswert, Kennzahl und Steuerung, nicht nur eine Tätigkeit.;Measurable objectives with baseline, target, owner and deadline | Action plans with resources, milestones and evaluation method | Regular status review and escalation when off track;Měřitelné cíle s výchozím stavem, cílovou hodnotou, vlastníkem a termínem | Akční plány se zdroji, milníky a metodou hodnocení | Pravidelné přezkoumání stavu a eskalace při odchylce;Messbare Ziele mit Ausgangswert, Zielwert, Verantwortlichem und Termin | Aktionspläne mit Ressourcen, Meilensteinen und Bewertungsmethode | Regelmäßige Statusbewertung und Eskalation bei Abweichung;Activity stated as an objective without measurable outcome | No baseline, owner, deadline or resources | Missed targets are reported but not acted upon;Činnost je uvedena jako cíl bez měřitelného výsledku | Chybí výchozí stav, vlastník, termín nebo zdroje | Nesplněné cíle jsou hlášeny bez opatření;Tätigkeit statt messbarem Ergebnis als Ziel | Kein Ausgangswert, Verantwortlicher, Termin oder Ressourcen | Verfehlte Ziele ohne Maßnahmen
9001-6-2-2;ISO 9001;ISO 9001:2015 + Amd 1:2024;6.2.2;6;high;objectives;0;0;Planning to achieve quality objectives;Plánování k dosažení cílů kvality;Planung zur Erreichung der Qualitätsziele;For each objective, define what will be done, required resources, responsibility, completion date and how results will be evaluated and integrated into business processes.;Pro každý cíl určete, co bude provedeno, potřebné zdroje, odpovědnost, termín dokončení a způsob hodnocení výsledků i integrace do podnikových procesů.;Für jedes Ziel festlegen, was getan wird, welche Ressourcen erforderlich sind, wer verantwortlich ist, wann es abgeschlossen wird und wie Ergebnisse bewertet und in Geschäftsprozesse integriert werden.;An objective without a delivery plan is an intention. Milestones, resources and an evaluation method make accountability auditable.;Cíl bez realizačního plánu je pouze záměr. Milníky, zdroje a metoda hodnocení činí odpovědnost auditovatelnou.;Ein Ziel ohne Umsetzungsplan bleibt Absicht. Meilensteine, Ressourcen und Bewertungsmethode machen Verantwortlichkeit auditierbar.;Measurable objectives with baseline, target, owner and deadline | Action plans with resources, milestones and evaluation method | Regular status review and escalation when off track;Měřitelné cíle s výchozím stavem, cílovou hodnotou, vlastníkem a termínem | Akční plány se zdroji, milníky a metodou hodnocení | Pravidelné přezkoumání stavu a eskalace při odchylce;Messbare Ziele mit Ausgangswert, Zielwert, Verantwortlichem und Termin | Aktionspläne mit Ressourcen, Meilensteinen und Bewertungsmethode | Regelmäßige Statusbewertung und Eskalation bei Abweichung;Activity stated as an objective without measurable outcome | No baseline, owner, deadline or resources | Missed targets are reported but not acted upon;Činnost je uvedena jako cíl bez měřitelného výsledku | Chybí výchozí stav, vlastník, termín nebo zdroje | Nesplněné cíle jsou hlášeny bez opatření;Tätigkeit statt messbarem Ergebnis als Ziel | Kein Ausgangswert, Verantwortlicher, Termin oder Ressourcen | Verfehlte Ziele ohne Maßnahmen
9001-6-3;ISO 9001;ISO 9001:2015 + Amd 1:2024;6.3;6;high;change;0;0;Planning of changes to the QMS;Plánování změn systému managementu kvality;Planung von Änderungen am QMS;Carry out changes to the QMS in a planned manner, considering purpose, consequences, system integrity, resources, responsibilities and necessary controls.;Provádějte změny SMK plánovaným způsobem s ohledem na účel, důsledky, integritu systému, zdroje, odpovědnosti a potřebná opatření.;Änderungen am QMS geplant durchführen und Zweck, Folgen, Systemintegrität, Ressourcen, Verantwortlichkeiten und notwendige Kontrollen berücksichtigen.;Change management prevents a local improvement from creating a new system weakness. It should cover organizational, process, product, technology, legal and emergency changes.;Řízení změn zabraňuje tomu, aby místní zlepšení vytvořilo novou systémovou slabinu. Má pokrývat organizační, procesní, produktové, technologické, právní i havarijní změny.;Änderungsmanagement verhindert, dass lokale Verbesserungen neue Systemschwächen erzeugen. Es umfasst organisatorische, prozessuale, produktbezogene, technische, rechtliche und Notfalländerungen.;Change request and impact/risk assessment | Approval, communication, implementation and validation records | Post-implementation review and update of affected documents;Požadavek na změnu a posouzení dopadů/rizik | Záznamy o schválení, komunikaci, zavedení a validaci | Následný přezkum a aktualizace dotčených dokumentů;Änderungsantrag und Auswirkungs-/Risikobewertung | Nachweise zu Freigabe, Kommunikation, Umsetzung und Validierung | Nachbewertung und Aktualisierung betroffener Dokumente;Changes implemented before risk assessment or approval | Temporary changes become permanent without validation | Affected documents, competence or controls are not updated;Změny jsou zavedeny před posouzením rizik nebo schválením | Dočasné změny se stanou trvalými bez validace | Dotčené dokumenty, kompetence nebo opatření nejsou aktualizovány;Änderungen vor Risikobewertung oder Freigabe umgesetzt | Temporäre Änderungen ohne Validierung dauerhaft | Betroffene Dokumente, Kompetenzen oder Kontrollen nicht aktualisiert
9001-7-1-1;ISO 9001;ISO 9001:2015 + Amd 1:2024;7.1.1;7;high;resources;0;0;Resources — general;Zdroje — obecně;Ressourcen — Allgemeines;Determine and provide resources needed for the QMS while considering existing internal capabilities and constraints and what must be obtained from external providers.;Určete a poskytujte zdroje potřebné pro SMK s ohledem na stávající interní schopnosti a omezení i na to, co musí být získáno od externích poskytovatelů.;Erforderliche Ressourcen für das QMS bestimmen und bereitstellen, dabei vorhandene interne Fähigkeiten und Einschränkungen sowie extern zu beschaffende Ressourcen berücksichtigen.;Resource planning must balance demand, competence, infrastructure, knowledge and external support against product and service risks.;Plánování zdrojů musí vyvažovat poptávku, kompetence, infrastrukturu, znalosti a externí podporu vůči rizikům produktů a služeb.;Ressourcenplanung gleicht Bedarf, Kompetenz, Infrastruktur, Wissen und externe Unterstützung mit Produkt- und Dienstleistungsrisiken ab.;Resource plan and budget decisions | Capacity, staffing, infrastructure and tool assessments | Evidence that resource gaps are addressed;Plán zdrojů a rozpočtová rozhodnutí | Posouzení kapacit, personálu, infrastruktury a nástrojů | Důkaz řešení nedostatků zdrojů;Ressourcenplan und Budgetentscheidungen | Bewertung von Kapazität, Personal, Infrastruktur und Werkzeugen | Nachweis zur Behebung von Ressourcenlücken;Resource needs are assumed rather than evaluated | Capacity constraints are accepted without risk control | Tools or infrastructure are unavailable or unreliable;Potřeby zdrojů jsou předpokládány místo hodnocení | Kapacitní omezení jsou přijata bez řízení rizika | Nástroje nebo infrastruktura nejsou dostupné či spolehlivé;Ressourcenbedarf wird angenommen statt bewertet | Kapazitätsengpässe ohne Risikosteuerung akzeptiert | Werkzeuge oder Infrastruktur fehlen bzw. sind unzuverlässig
9001-7-1-2;ISO 9001;ISO 9001:2015 + Amd 1:2024;7.1.2;7;high;people;0;0;People;Lidé;Personen;Determine and provide the people necessary for effective QMS implementation and for operation and control of its processes.;Určete a poskytujte osoby potřebné pro účinné zavedení SMK a pro provoz a řízení jeho procesů.;Die für die wirksame Umsetzung des QMS sowie für Betrieb und Lenkung seiner Prozesse notwendigen Personen bestimmen und bereitstellen.;"Headcount alone is not adequate; availability, shifts, workload, competence and succession must support stable process performance.";"Samotný počet zaměstnanců nestačí; dostupnost, směny, pracovní zátěž, kompetence a zastupitelnost musí podporovat stabilní výkonnost procesů.";"Mitarbeiterzahl allein genügt nicht; Verfügbarkeit, Schichten, Arbeitslast, Kompetenz und Nachfolge müssen stabile Prozessleistung ermöglichen.";Resource plan and budget decisions | Capacity, staffing, infrastructure and tool assessments | Evidence that resource gaps are addressed;Plán zdrojů a rozpočtová rozhodnutí | Posouzení kapacit, personálu, infrastruktury a nástrojů | Důkaz řešení nedostatků zdrojů;Ressourcenplan und Budgetentscheidungen | Bewertung von Kapazität, Personal, Infrastruktur und Werkzeugen | Nachweis zur Behebung von Ressourcenlücken;Resource needs are assumed rather than evaluated | Capacity constraints are accepted without risk control | Tools or infrastructure are unavailable or unreliable;Potřeby zdrojů jsou předpokládány místo hodnocení | Kapacitní omezení jsou přijata bez řízení rizika | Nástroje nebo infrastruktura nejsou dostupné či spolehlivé;Ressourcenbedarf wird angenommen statt bewertet | Kapazitätsengpässe ohne Risikosteuerung akzeptiert | Werkzeuge oder Infrastruktur fehlen bzw. sind unzuverlässig
9001-7-1-3;ISO 9001;ISO 9001:2015 + Amd 1:2024;7.1.3;7;high;infrastructure;0;0;Infrastructure;Infrastruktura;Infrastruktur;Determine, provide and maintain buildings, workspace, utilities, equipment, hardware, software, transport and communication technology needed for process operation and conformity.;Určete, poskytujte a udržujte budovy, pracovní prostory, média, zařízení, hardware, software, dopravu a komunikační technologie potřebné pro provoz procesů a shodu.;Gebäude, Arbeitsumgebung, Versorgung, Anlagen, Hardware, Software, Transport und Kommunikationstechnik bestimmen, bereitstellen und erhalten, die für Prozessbetrieb und Konformität erforderlich sind.;Infrastructure control includes capacity, preventive maintenance, cybersecurity, backup and contingency where failures could affect conformity or delivery.;Řízení infrastruktury zahrnuje kapacitu, preventivní údržbu, kybernetickou bezpečnost, zálohování a havarijní řešení tam, kde selhání může ovlivnit shodu nebo dodávku.;Infrastrukturlenkung umfasst Kapazität, vorbeugende Instandhaltung, Cybersicherheit, Datensicherung und Notfallplanung, wenn Ausfälle Konformität oder Lieferung beeinflussen können.;Resource plan and budget decisions | Capacity, staffing, infrastructure and tool assessments | Evidence that resource gaps are addressed;Plán zdrojů a rozpočtová rozhodnutí | Posouzení kapacit, personálu, infrastruktury a nástrojů | Důkaz řešení nedostatků zdrojů;Ressourcenplan und Budgetentscheidungen | Bewertung von Kapazität, Personal, Infrastruktur und Werkzeugen | Nachweis zur Behebung von Ressourcenlücken;Resource needs are assumed rather than evaluated | Capacity constraints are accepted without risk control | Tools or infrastructure are unavailable or unreliable;Potřeby zdrojů jsou předpokládány místo hodnocení | Kapacitní omezení jsou přijata bez řízení rizika | Nástroje nebo infrastruktura nejsou dostupné či spolehlivé;Ressourcenbedarf wird angenommen statt bewertet | Kapazitätsengpässe ohne Risikosteuerung akzeptiert | Werkzeuge oder Infrastruktur fehlen bzw. sind unzuverlässig
9001-7-1-4;ISO 9001;ISO 9001:2015 + Amd 1:2024;7.1.4;7;high;work-environment;0;0;Environment for operation of processes;Prostředí pro fungování procesů;Prozessumgebung;Determine, provide and maintain the physical, social and psychological environment needed for process operation and conformity of products and services.;Určete, poskytujte a udržujte fyzické, sociální a psychologické prostředí potřebné pro fungování procesů a shodu produktů a služeb.;Physische, soziale und psychologische Umgebung bestimmen, bereitstellen und erhalten, die für Prozessbetrieb und Konformität von Produkten und Dienstleistungen erforderlich ist.;Relevant factors may include cleanliness, temperature, humidity, ergonomics, fatigue, stress, lighting, noise and organizational climate.;Relevantní faktory mohou zahrnovat čistotu, teplotu, vlhkost, ergonomii, únavu, stres, osvětlení, hluk a organizační klima.;Relevante Faktoren können Sauberkeit, Temperatur, Feuchte, Ergonomie, Ermüdung, Stress, Beleuchtung, Lärm und Organisationsklima umfassen.;Process controls, work instructions, acceptance criteria and records | Controls for planned changes and outsourced/external provision | Evidence controls are implemented at the point of work;Procesní opatření, pracovní instrukce, přejímací kritéria a záznamy | Řízení plánovaných změn a externě poskytovaných činností | Důkaz zavedení opatření přímo na pracovišti;Prozesslenkungen, Arbeitsanweisungen, Annahmekriterien und Aufzeichnungen | Lenkung geplanter Änderungen und extern bereitgestellter Tätigkeiten | Nachweis der Umsetzung am Ort der Tätigkeit;Controls exist in documents but are not used at the point of work | Acceptance criteria are subjective | External providers are assumed to control risks themselves;Opatření jsou v dokumentech, ale nepoužívají se na pracovišti | Přejímací kritéria jsou subjektivní | Předpokládá se, že externí poskytovatel řídí rizika sám;Kontrollen nur dokumentiert, nicht am Arbeitsplatz angewendet | Subjektive Annahmekriterien | Externe Anbieter sollen Risiken angeblich selbst lenken
9001-7-1-5-1;ISO 9001;ISO 9001:2015 + Amd 1:2024;7.1.5.1;7;high;measurement;0;0;Monitoring and measuring resources — general;Zdroje pro monitorování a měření — obecně;Ressourcen zur Überwachung und Messung — Allgemeines;Provide suitable monitoring and measuring resources needed for valid and reliable results and maintain evidence that they remain fit for purpose.;Poskytujte vhodné zdroje pro monitorování a měření potřebné k získání platných a spolehlivých výsledků a udržujte důkazy, že zůstávají vhodné pro zamýšlený účel.;Geeignete Überwachungs- und Messressourcen für gültige und zuverlässige Ergebnisse bereitstellen und Nachweise aufrechterhalten, dass sie weiterhin zweckgeeignet sind.;Suitability includes range, resolution, uncertainty, method, environment, software and operator capability—not only a calibration sticker.;Vhodnost zahrnuje rozsah, rozlišení, nejistotu, metodu, prostředí, software a schopnost obsluhy, nikoli pouze kalibrační štítek.;Eignung umfasst Messbereich, Auflösung, Unsicherheit, Methode, Umgebung, Software und Bedienkompetenz, nicht nur eine Kalibrierplakette.;Monitoring plan with methods, frequency, criteria and responsibilities | Verified data, trends, dashboards and analysis | Actions triggered by adverse trends or missed targets;Plán monitorování s metodami, četností, kritérii a odpovědnostmi | Ověřená data, trendy, dashboardy a analýzy | Opatření vyvolaná nepříznivými trendy nebo nesplněnými cíli;Überwachungsplan mit Methoden, Häufigkeit, Kriterien und Verantwortlichkeiten | Verifizierte Daten, Trends, Dashboards und Analysen | Maßnahmen bei negativen Trends oder verfehlten Zielen;Data are collected without defined decisions or criteria | Poor data quality, missing calibration or inconsistent formulas | Trends are reported without corrective action;Data jsou sbírána bez definovaných rozhodnutí nebo kritérií | Nízká kvalita dat, chybějící kalibrace nebo nekonzistentní výpočty | Trendy jsou hlášeny bez nápravného opatření;Datenerfassung ohne definierte Entscheidungen oder Kriterien | Schlechte Datenqualität, fehlende Kalibrierung oder inkonsistente Formeln | Trends ohne Korrekturmaßnahmen
9001-7-1-5-2;ISO 9001;ISO 9001:2015 + Amd 1:2024;7.1.5.2;7;high;metrology;0;0;Measurement traceability;Metrologická návaznost;Messtechnische Rückführbarkeit;Where traceability is required or considered essential, calibrate or verify equipment at specified intervals against traceable standards, identify status, protect it, and assess previous results if found unfit.;Je-li návaznost požadována nebo považována za nezbytnou, kalibrujte či ověřujte zařízení ve stanovených intervalech vůči návazným etalonům, identifikujte jeho stav, chraňte jej a při nezpůsobilosti posuďte předchozí výsledky.;Wenn Rückführbarkeit gefordert oder als wesentlich angesehen wird, Geräte in festgelegten Abständen gegen rückführbare Normale kalibrieren oder verifizieren, Status kennzeichnen, schützen und bei Nichteignung frühere Ergebnisse bewerten.;The critical control is the impact assessment after an out-of-tolerance result: affected measurements, products and decisions must be traced and evaluated.;Kritickým opatřením je posouzení dopadu po výsledku mimo toleranci: dotčená měření, produkty a rozhodnutí musí být dohledána a vyhodnocena.;Entscheidend ist die Auswirkungsbewertung nach einem Ergebnis außerhalb der Toleranz: betroffene Messungen, Produkte und Entscheidungen müssen zurückverfolgt und bewertet werden.;Monitoring plan with methods, frequency, criteria and responsibilities | Verified data, trends, dashboards and analysis | Actions triggered by adverse trends or missed targets;Plán monitorování s metodami, četností, kritérii a odpovědnostmi | Ověřená data, trendy, dashboardy a analýzy | Opatření vyvolaná nepříznivými trendy nebo nesplněnými cíli;Überwachungsplan mit Methoden, Häufigkeit, Kriterien und Verantwortlichkeiten | Verifizierte Daten, Trends, Dashboards und Analysen | Maßnahmen bei negativen Trends oder verfehlten Zielen;Data are collected without defined decisions or criteria | Poor data quality, missing calibration or inconsistent formulas | Trends are reported without corrective action;Data jsou sbírána bez definovaných rozhodnutí nebo kritérií | Nízká kvalita dat, chybějící kalibrace nebo nekonzistentní výpočty | Trendy jsou hlášeny bez nápravného opatření;Datenerfassung ohne definierte Entscheidungen oder Kriterien | Schlechte Datenqualität, fehlende Kalibrierung oder inkonsistente Formeln | Trends ohne Korrekturmaßnahmen
9001-7-1-6;ISO 9001;ISO 9001:2015 + Amd 1:2024;7.1.6;7;medium;knowledge;0;0;Organizational knowledge;Znalosti organizace;Wissen der Organisation;Determine, maintain and make available knowledge needed for process operation and conformity, and acquire or access additional knowledge when needs and trends change.;Určete, udržujte a zpřístupňujte znalosti potřebné pro fungování procesů a shodu a při změně potřeb a trendů získávejte nebo zpřístupňujte další znalosti.;Wissen bestimmen, aufrechterhalten und verfügbar machen, das für Prozessbetrieb und Konformität benötigt wird, und bei geänderten Bedürfnissen und Trends zusätzliches Wissen erwerben oder zugänglich machen.;Knowledge management protects know-how from loss and ensures lessons, standards, process parameters and technical decisions are reusable.;Management znalostí chrání know-how před ztrátou a zajišťuje opětovné využití lessons learned, norem, procesních parametrů a technických rozhodnutí.;Wissensmanagement schützt Know-how vor Verlust und macht Lessons Learned, Normen, Prozessparameter und technische Entscheidungen wiederverwendbar.;Controlled procedures, forms and records with owner and revision | Approval, access, retention and obsolete-version controls | Evidence external documents are identified and current;Řízené postupy, formuláře a záznamy s vlastníkem a revizí | Řízení schválení, přístupu, uchování a neplatných verzí | Důkaz identifikace a aktuálnosti externích dokumentů;Gelenkte Verfahren, Formulare und Aufzeichnungen mit Verantwortlichem und Revision | Freigabe-, Zugriffs-, Aufbewahrungs- und Altversionslenkung | Nachweis zur Identifizierung und Aktualität externer Dokumente;Obsolete instructions remain at the workplace | Records are editable, incomplete or not retrievable | External specifications and laws are not controlled;Na pracovišti zůstávají neplatné instrukce | Záznamy jsou editovatelné, neúplné nebo nedohledatelné | Externí specifikace a právní předpisy nejsou řízeny;Veraltete Anweisungen am Arbeitsplatz | Aufzeichnungen veränderbar, unvollständig oder nicht auffindbar | Externe Spezifikationen und Gesetze nicht gelenkt
9001-7-2;ISO 9001;ISO 9001:2015 + Amd 1:2024;7.2;7;high;competence;0;0;Competence;Kompetence;Kompetenz;Determine required competence for work affecting performance, ensure people are competent through education, training or experience, act on gaps and retain evidence.;Určete potřebnou kompetenci pro práci ovlivňující výkonnost, zajistěte kompetentnost prostřednictvím vzdělání, školení nebo zkušeností, řešte mezery a uchovávejte důkazy.;Erforderliche Kompetenz für leistungsrelevante Tätigkeiten bestimmen, Kompetenz durch Ausbildung, Schulung oder Erfahrung sicherstellen, Lücken behandeln und Nachweise aufbewahren.;Competence is demonstrated capability, not attendance. Evaluation should match the risk and complexity of the task.;Kompetence je prokázaná schopnost, nikoli účast na školení. Hodnocení má odpovídat riziku a složitosti úkolu.;Kompetenz ist nachgewiesene Fähigkeit, nicht bloße Teilnahme. Die Bewertung muss Risiko und Komplexität der Aufgabe entsprechen.;Competence matrix and role-specific requirements | Training, qualification and experience records | Evaluation of training effectiveness and authorization;Matice kompetencí a požadavky pro jednotlivé role | Záznamy o školení, kvalifikaci a zkušenostech | Hodnocení účinnosti školení a oprávnění;Kompetenzmatrix und rollenspezifische Anforderungen | Schulungs-, Qualifikations- und Erfahrungsnachweise | Bewertung der Schulungswirksamkeit und Freigabe;Attendance is treated as proof of competence | Competence criteria are not role specific | Expired qualifications or unauthorized work;Účast na školení je považována za důkaz kompetence | Kritéria kompetence nejsou specifická pro roli | Propadlé kvalifikace nebo práce bez oprávnění;Teilnahme gilt fälschlich als Kompetenznachweis | Kompetenzkriterien nicht rollenspezifisch | Abgelaufene Qualifikationen oder nicht autorisierte Tätigkeiten
9001-7-3;ISO 9001;ISO 9001:2015 + Amd 1:2024;7.3;7;medium;awareness;0;0;Awareness;Povědomí;Bewusstsein;Ensure persons working under the organization’s control understand the policy, relevant objectives, their contribution, significant risks and the consequences of nonconformity.;Zajistěte, aby osoby pracující pod řízením organizace chápaly politiku, relevantní cíle, svůj přínos, významná rizika a důsledky neshody.;Sicherstellen, dass unter Kontrolle der Organisation tätige Personen Politik, relevante Ziele, eigenen Beitrag, wesentliche Risiken und Folgen von Nichtkonformität verstehen.;Awareness is tested through behavior and interviews at the point of work. People should know what matters in their role and what to do when control is lost.;Povědomí se ověřuje chováním a rozhovory přímo na pracovišti. Lidé mají vědět, co je v jejich roli důležité a co dělat při ztrátě řízení.;Bewusstsein wird durch Verhalten und Interviews am Arbeitsplatz geprüft. Personen müssen wissen, was in ihrer Rolle wichtig ist und was bei Kontrollverlust zu tun ist.;Interviews demonstrating understanding of policy, risks and contribution | Induction, toolbox talk or campaign records | Evidence personnel understand consequences of nonconformity;Rozhovory prokazující porozumění politice, rizikům a vlastnímu přínosu | Záznamy z nástupních školení, toolbox talků nebo kampaní | Důkaz porozumění důsledkům neshody;Interviews zum Verständnis von Politik, Risiken und eigenem Beitrag | Nachweise aus Unterweisungen, Toolbox Talks oder Kampagnen | Nachweis zum Verständnis der Folgen von Nichtkonformität;Personnel can repeat slogans but not their own controls | Consequences of nonconformity are unknown | Contractors and temporary workers are excluded;Pracovníci opakují slogany, ale neznají vlastní opatření | Neznají důsledky neshody | Dodavatelé a dočasní pracovníci jsou vynecháni;Beschäftigte kennen Slogans, aber nicht ihre Kontrollen | Folgen der Nichtkonformität unbekannt | Fremd- und Zeitarbeitende ausgeschlossen
9001-7-4;ISO 9001;ISO 9001:2015 + Amd 1:2024;7.4;7;medium;communication;0;0;Communication;Komunikace;Kommunikation;Determine relevant internal and external communications for the QMS, including content, timing, audience, method, responsibility and response requirements.;Určete relevantní interní a externí komunikaci pro SMK, včetně obsahu, načasování, příjemce, metody, odpovědnosti a požadavků na reakci.;Relevante interne und externe Kommunikation für das QMS festlegen, einschließlich Inhalt, Zeitpunkt, Adressaten, Methode, Verantwortung und Reaktionsanforderungen.;Communication is a controlled process when accuracy, timing or commitments matter. The organization should be able to show both outgoing and incoming communication trails.;Komunikace je řízeným procesem, pokud záleží na správnosti, načasování nebo závazcích. Organizace má umět doložit odchozí i příchozí komunikační stopu.;Kommunikation ist ein gelenkter Prozess, wenn Richtigkeit, Zeitpunkt oder Verpflichtungen relevant sind. Ausgehende und eingehende Kommunikationswege müssen nachweisbar sein.;Communication matrix defining what, when, with whom, how and by whom | Examples of internal and external communications | Controls for accuracy, consistency and response;Komunikační matice určující co, kdy, s kým, jak a kým | Příklady interní a externí komunikace | Opatření pro správnost, konzistenci a reakci;Kommunikationsmatrix zu Was, Wann, Mit wem, Wie und Durch wen | Beispiele interner und externer Kommunikation | Kontrollen für Richtigkeit, Konsistenz und Reaktion;Communication is informal and responsibilities are unclear | External statements are not verified | No mechanism to receive, record and respond;Komunikace je neformální a odpovědnosti nejsou jasné | Externí sdělení nejsou ověřována | Chybí mechanismus pro příjem, záznam a reakci;Informelle Kommunikation mit unklaren Verantwortungen | Externe Aussagen nicht verifiziert | Kein Mechanismus für Eingang, Aufzeichnung und Reaktion
9001-7-5-1;ISO 9001;ISO 9001:2015 + Amd 1:2024;7.5.1;7;medium;documents;0;0;Documented information — general;Dokumentované informace — obecně;Dokumentierte Information — Allgemeines;Maintain documented information required by the standard and determined necessary for effective operation, and retain evidence needed to demonstrate results.;Udržujte dokumentované informace požadované normou a určené jako nezbytné pro účinný provoz a uchovávejte důkazy potřebné k prokázání výsledků.;Von der Norm geforderte und für den wirksamen Betrieb als notwendig bestimmte dokumentierte Information aufrechterhalten sowie Nachweise der Ergebnisse aufbewahren.;The amount and form of documentation should fit risk, complexity and competence. The test is whether people can work consistently and evidence can be retrieved.;Rozsah a forma dokumentace mají odpovídat riziku, složitosti a kompetenci. Testem je konzistentní práce a dohledatelnost důkazů.;Umfang und Form der Dokumentation müssen zu Risiko, Komplexität und Kompetenz passen. Entscheidend sind konsistente Arbeit und auffindbare Nachweise.;Controlled procedures, forms and records with owner and revision | Approval, access, retention and obsolete-version controls | Evidence external documents are identified and current;Řízené postupy, formuláře a záznamy s vlastníkem a revizí | Řízení schválení, přístupu, uchování a neplatných verzí | Důkaz identifikace a aktuálnosti externích dokumentů;Gelenkte Verfahren, Formulare und Aufzeichnungen mit Verantwortlichem und Revision | Freigabe-, Zugriffs-, Aufbewahrungs- und Altversionslenkung | Nachweis zur Identifizierung und Aktualität externer Dokumente;Obsolete instructions remain at the workplace | Records are editable, incomplete or not retrievable | External specifications and laws are not controlled;Na pracovišti zůstávají neplatné instrukce | Záznamy jsou editovatelné, neúplné nebo nedohledatelné | Externí specifikace a právní předpisy nejsou řízeny;Veraltete Anweisungen am Arbeitsplatz | Aufzeichnungen veränderbar, unvollständig oder nicht auffindbar | Externe Spezifikationen und Gesetze nicht gelenkt
9001-7-5-2;ISO 9001;ISO 9001:2015 + Amd 1:2024;7.5.2;7;medium;documents;0;0;Creating and updating documented information;Vytváření a aktualizace dokumentovaných informací;Erstellen und Aktualisieren dokumentierter Information;When documents are created or updated, ensure suitable identification, format, review and approval for adequacy.;Při vytváření nebo aktualizaci dokumentů zajistěte vhodnou identifikaci, formát, přezkoumání a schválení přiměřenosti.;Beim Erstellen oder Aktualisieren geeignete Kennzeichnung, Format, Prüfung und Freigabe auf Angemessenheit sicherstellen.;A controlled document has a clear owner, status and authorized content. Digital workflows should preserve the same controls as paper systems.;Řízený dokument má jasného vlastníka, stav a autorizovaný obsah. Digitální workflow musí zachovat stejné principy jako papírový systém.;Ein gelenktes Dokument hat eindeutigen Verantwortlichen, Status und autorisierten Inhalt. Digitale Workflows müssen dieselben Kontrollen wie Papierlösungen sicherstellen.;Controlled procedures, forms and records with owner and revision | Approval, access, retention and obsolete-version controls | Evidence external documents are identified and current;Řízené postupy, formuláře a záznamy s vlastníkem a revizí | Řízení schválení, přístupu, uchování a neplatných verzí | Důkaz identifikace a aktuálnosti externích dokumentů;Gelenkte Verfahren, Formulare und Aufzeichnungen mit Verantwortlichem und Revision | Freigabe-, Zugriffs-, Aufbewahrungs- und Altversionslenkung | Nachweis zur Identifizierung und Aktualität externer Dokumente;Obsolete instructions remain at the workplace | Records are editable, incomplete or not retrievable | External specifications and laws are not controlled;Na pracovišti zůstávají neplatné instrukce | Záznamy jsou editovatelné, neúplné nebo nedohledatelné | Externí specifikace a právní předpisy nejsou řízeny;Veraltete Anweisungen am Arbeitsplatz | Aufzeichnungen veränderbar, unvollständig oder nicht auffindbar | Externe Spezifikationen und Gesetze nicht gelenkt
9001-7-5-3;ISO 9001;ISO 9001:2015 + Amd 1:2024;7.5.3;7;high;documents;0;0;Control of documented information;Řízení dokumentovaných informací;Lenkung dokumentierter Information;Control availability, protection, distribution, access, retrieval, use, storage, preservation, change, retention and disposition, including relevant external documents.;Řiďte dostupnost, ochranu, distribuci, přístup, dohledání, použití, ukládání, zachování, změny, dobu uchování a likvidaci, včetně relevantních externích dokumentů.;Verfügbarkeit, Schutz, Verteilung, Zugriff, Auffindbarkeit, Verwendung, Speicherung, Erhaltung, Änderung, Aufbewahrung und Verfügung einschließlich relevanter externer Dokumente lenken.;Control must make the right information available where needed while protecting integrity, confidentiality and traceability.;Řízení musí zajistit dostupnost správné informace tam, kde je potřeba, a současně chránit integritu, důvěrnost a sledovatelnost.;Lenkung stellt die richtige Information am benötigten Ort bereit und schützt gleichzeitig Integrität, Vertraulichkeit und Rückverfolgbarkeit.;Controlled procedures, forms and records with owner and revision | Approval, access, retention and obsolete-version controls | Evidence external documents are identified and current;Řízené postupy, formuláře a záznamy s vlastníkem a revizí | Řízení schválení, přístupu, uchování a neplatných verzí | Důkaz identifikace a aktuálnosti externích dokumentů;Gelenkte Verfahren, Formulare und Aufzeichnungen mit Verantwortlichem und Revision | Freigabe-, Zugriffs-, Aufbewahrungs- und Altversionslenkung | Nachweis zur Identifizierung und Aktualität externer Dokumente;Obsolete instructions remain at the workplace | Records are editable, incomplete or not retrievable | External specifications and laws are not controlled;Na pracovišti zůstávají neplatné instrukce | Záznamy jsou editovatelné, neúplné nebo nedohledatelné | Externí specifikace a právní předpisy nejsou řízeny;Veraltete Anweisungen am Arbeitsplatz | Aufzeichnungen veränderbar, unvollständig oder nicht auffindbar | Externe Spezifikationen und Gesetze nicht gelenkt
9001-8-1;ISO 9001;ISO 9001:2015 + Amd 1:2024;8.1;8;high;operation;0;0;Operational planning and control;Plánování a řízení provozu;Betriebliche Planung und Steuerung;Plan, implement and control processes needed to meet requirements and planned actions, establish criteria, control planned and unintended changes and manage relevant external provision.;Plánujte, zavádějte a řiďte procesy potřebné ke splnění požadavků a plánovaných opatření, stanovte kritéria, řiďte plánované i neúmyslné změny a relevantní externí zajištění.;Prozesse zur Erfüllung von Anforderungen und geplanten Maßnahmen planen, umsetzen und lenken, Kriterien festlegen, geplante und unbeabsichtigte Änderungen steuern und relevante externe Bereitstellung beherrschen.;Operational control converts risks and requirements into executable conditions at the point of work. Criteria must be objective enough to support consistent decisions.;Provozní řízení převádí rizika a požadavky do proveditelných podmínek na pracovišti. Kritéria musí být dostatečně objektivní pro konzistentní rozhodování.;Betriebliche Steuerung überführt Risiken und Anforderungen in ausführbare Bedingungen am Arbeitsplatz. Kriterien müssen objektiv genug für konsistente Entscheidungen sein.;Process controls, work instructions, acceptance criteria and records | Controls for planned changes and outsourced/external provision | Evidence controls are implemented at the point of work;Procesní opatření, pracovní instrukce, přejímací kritéria a záznamy | Řízení plánovaných změn a externě poskytovaných činností | Důkaz zavedení opatření přímo na pracovišti;Prozesslenkungen, Arbeitsanweisungen, Annahmekriterien und Aufzeichnungen | Lenkung geplanter Änderungen und extern bereitgestellter Tätigkeiten | Nachweis der Umsetzung am Ort der Tätigkeit;Controls exist in documents but are not used at the point of work | Acceptance criteria are subjective | External providers are assumed to control risks themselves;Opatření jsou v dokumentech, ale nepoužívají se na pracovišti | Přejímací kritéria jsou subjektivní | Předpokládá se, že externí poskytovatel řídí rizika sám;Kontrollen nur dokumentiert, nicht am Arbeitsplatz angewendet | Subjektive Annahmekriterien | Externe Anbieter sollen Risiken angeblich selbst lenken
9001-8-2-1;ISO 9001;ISO 9001:2015 + Amd 1:2024;8.2.1;8;high;customer;0;0;Customer communication;Komunikace se zákazníkem;Kommunikation mit Kunden;Control communication on product/service information, enquiries, contracts, orders and changes, customer property, feedback and complaints, and contingency requirements where relevant.;Řiďte komunikaci o informacích k produktům/službám, poptávkách, smlouvách, objednávkách a změnách, majetku zákazníka, zpětné vazbě a reklamacích a případně o havarijních požadavcích.;Kommunikation zu Produkt-/Dienstleistungsinformationen, Anfragen, Verträgen, Aufträgen und Änderungen, Kundeneigentum, Rückmeldungen und Reklamationen sowie gegebenenfalls Notfallanforderungen lenken.;Communication should preserve an agreed record of requirements, commitments, changes and escalation so that commercial and technical interpretations stay aligned.;Komunikace má zachovat dohodnutý záznam požadavků, závazků, změn a eskalací, aby obchodní a technický výklad zůstal sladěný.;Kommunikation soll einen abgestimmten Nachweis zu Anforderungen, Zusagen, Änderungen und Eskalationen erhalten, damit kommerzielle und technische Auslegung übereinstimmen.;Communication matrix defining what, when, with whom, how and by whom | Examples of internal and external communications | Controls for accuracy, consistency and response;Komunikační matice určující co, kdy, s kým, jak a kým | Příklady interní a externí komunikace | Opatření pro správnost, konzistenci a reakci;Kommunikationsmatrix zu Was, Wann, Mit wem, Wie und Durch wen | Beispiele interner und externer Kommunikation | Kontrollen für Richtigkeit, Konsistenz und Reaktion;Communication is informal and responsibilities are unclear | External statements are not verified | No mechanism to receive, record and respond;Komunikace je neformální a odpovědnosti nejsou jasné | Externí sdělení nejsou ověřována | Chybí mechanismus pro příjem, záznam a reakci;Informelle Kommunikation mit unklaren Verantwortungen | Externe Aussagen nicht verifiziert | Kein Mechanismus für Eingang, Aufzeichnung und Reaktion
9001-8-2-2;ISO 9001;ISO 9001:2015 + Amd 1:2024;8.2.2;8;high;requirements;0;0;Determining requirements for products and services;Určování požadavků na produkty a služby;Bestimmen von Anforderungen an Produkte und Dienstleistungen;Determine customer-stated, unstated but necessary, organizational and applicable statutory/regulatory requirements and ensure claims can be met.;Určete požadavky výslovně stanovené zákazníkem, nezbytné i když neuvedené, interní a použitelné právní/regulační požadavky a zajistěte schopnost splnit deklarované závazky.;Vom Kunden angegebene, notwendige aber nicht angegebene, organisationsinterne sowie anwendbare gesetzliche/behördliche Anforderungen bestimmen und sicherstellen, dass Aussagen erfüllt werden können.;Requirement determination is broader than the purchase order. It includes application, interfaces, packaging, documentation, logistics, legal rules and customer-specific requirements.;Určení požadavků je širší než objednávka. Zahrnuje použití, rozhraní, balení, dokumentaci, logistiku, právní pravidla a specifické požadavky zákazníka.;Anforderungsbestimmung geht über die Bestellung hinaus und umfasst Anwendung, Schnittstellen, Verpackung, Dokumentation, Logistik, rechtliche Regeln und kundenspezifische Anforderungen.;Interested-party matrix with needs, obligations and owners | Customer, regulator, worker, community and supplier inputs | Review of changes in relevant expectations;Matice zainteresovaných stran s potřebami, závazky a vlastníky | Vstupy zákazníků, úřadů, pracovníků, komunit a dodavatelů | Přezkum změn relevantních očekávání;Interessentenmatrix mit Bedürfnissen, Verpflichtungen und Verantwortlichen | Eingaben von Kunden, Behörden, Beschäftigten, Öffentlichkeit und Lieferanten | Überprüfung geänderter relevanter Erwartungen;List of parties without deciding which needs are requirements | Customer-specific or legal expectations omitted | No owner or review cycle;Pouhý seznam stran bez určení, které potřeby jsou požadavky | Opomenutí specifických požadavků zákazníků nebo právních požadavků | Chybí vlastník nebo cyklus přezkumu;Liste ohne Entscheidung, welche Bedürfnisse Anforderungen sind | Kunden- oder Rechtsanforderungen fehlen | Kein Verantwortlicher oder Review-Zyklus
9001-8-2-3;ISO 9001;ISO 9001:2015 + Amd 1:2024;8.2.3;8;high;requirements;0;0;Review of requirements for products and services;Přezkoumání požadavků na produkty a služby;Überprüfung von Anforderungen an Produkte und Dienstleistungen;Before committing to supply, review requirements, resolve differences, confirm undocumented customer requirements and retain evidence of review and new requirements.;Před přijetím závazku k dodávce přezkoumejte požadavky, vyřešte rozdíly, potvrďte nedokumentované požadavky zákazníka a uchovávejte důkazy o přezkumu a nových požadavcích.;Vor Lieferzusage Anforderungen prüfen, Abweichungen klären, nicht dokumentierte Kundenanforderungen bestätigen und Nachweise der Prüfung sowie neuer Anforderungen aufbewahren.;Contract review is a cross-functional feasibility decision covering technical capability, capacity, timing, supply chain, testing, legal and commercial risk.;Přezkum smlouvy je mezioborové rozhodnutí o proveditelnosti zahrnující technickou schopnost, kapacitu, termíny, dodavatelský řetězec, zkoušky, právní a obchodní riziko.;Vertragsprüfung ist eine funktionsübergreifende Machbarkeitsentscheidung zu Technik, Kapazität, Termin, Lieferkette, Prüfungen sowie rechtlichem und kommerziellem Risiko.;Process controls, work instructions, acceptance criteria and records | Controls for planned changes and outsourced/external provision | Evidence controls are implemented at the point of work;Procesní opatření, pracovní instrukce, přejímací kritéria a záznamy | Řízení plánovaných změn a externě poskytovaných činností | Důkaz zavedení opatření přímo na pracovišti;Prozesslenkungen, Arbeitsanweisungen, Annahmekriterien und Aufzeichnungen | Lenkung geplanter Änderungen und extern bereitgestellter Tätigkeiten | Nachweis der Umsetzung am Ort der Tätigkeit;Controls exist in documents but are not used at the point of work | Acceptance criteria are subjective | External providers are assumed to control risks themselves;Opatření jsou v dokumentech, ale nepoužívají se na pracovišti | Přejímací kritéria jsou subjektivní | Předpokládá se, že externí poskytovatel řídí rizika sám;Kontrollen nur dokumentiert, nicht am Arbeitsplatz angewendet | Subjektive Annahmekriterien | Externe Anbieter sollen Risiken angeblich selbst lenken
9001-8-2-4;ISO 9001;ISO 9001:2015 + Amd 1:2024;8.2.4;8;high;requirements;0;0;Changes to requirements for products and services;Změny požadavků na produkty a služby;Änderungen von Anforderungen an Produkte und Dienstleistungen;When requirements change, amend relevant documented information and ensure affected persons are aware of the changed requirements.;Při změně požadavků upravte relevantní dokumentované informace a zajistěte, aby dotčené osoby byly se změněnými požadavky seznámeny.;Bei Anforderungsänderungen relevante dokumentierte Information anpassen und sicherstellen, dass betroffene Personen die geänderten Anforderungen kennen.;The control should prevent production, purchasing, inspection or delivery from continuing to obsolete requirements.;Řízení má zabránit tomu, aby výroba, nákup, kontrola nebo dodání pokračovaly podle neplatných požadavků.;Die Lenkung muss verhindern, dass Produktion, Beschaffung, Prüfung oder Lieferung nach veralteten Anforderungen fortgesetzt werden.;Change request and impact/risk assessment | Approval, communication, implementation and validation records | Post-implementation review and update of affected documents;Požadavek na změnu a posouzení dopadů/rizik | Záznamy o schválení, komunikaci, zavedení a validaci | Následný přezkum a aktualizace dotčených dokumentů;Änderungsantrag und Auswirkungs-/Risikobewertung | Nachweise zu Freigabe, Kommunikation, Umsetzung und Validierung | Nachbewertung und Aktualisierung betroffener Dokumente;Changes implemented before risk assessment or approval | Temporary changes become permanent without validation | Affected documents, competence or controls are not updated;Změny jsou zavedeny před posouzením rizik nebo schválením | Dočasné změny se stanou trvalými bez validace | Dotčené dokumenty, kompetence nebo opatření nejsou aktualizovány;Änderungen vor Risikobewertung oder Freigabe umgesetzt | Temporäre Änderungen ohne Validierung dauerhaft | Betroffene Dokumente, Kompetenzen oder Kontrollen nicht aktualisiert
9001-8-3-1;ISO 9001;ISO 9001:2015 + Amd 1:2024;8.3.1;8;high;design;0;0;Design and development — general;Návrh a vývoj — obecně;Entwicklung — Allgemeines;Establish, implement and maintain a design and development process appropriate to ensure subsequent provision of products and services.;Zaveďte, uplatňujte a udržujte proces návrhu a vývoje přiměřený k zajištění následného poskytování produktů a služeb.;Einen angemessenen Entwicklungsprozess einführen, verwirklichen und aufrechterhalten, um die anschließende Bereitstellung von Produkten und Dienstleistungen sicherzustellen.;Applicability depends on responsibility for defining product or service characteristics, even if detailed engineering is performed elsewhere.;Použitelnost závisí na odpovědnosti za definování charakteristik produktu nebo služby, i když detailní konstrukce probíhá jinde.;Anwendbarkeit hängt von der Verantwortung für Produkt- oder Dienstleistungsmerkmale ab, auch wenn Detailentwicklung andernorts erfolgt.;Process architecture with inputs, outputs, owners and interactions | Criteria, methods, indicators and responsibilities | Records showing processes are controlled and improved;Procesní architektura se vstupy, výstupy, vlastníky a vazbami | Kritéria, metody, ukazatele a odpovědnosti | Záznamy prokazující řízení a zlepšování procesů;Prozessarchitektur mit Eingaben, Ergebnissen, Verantwortlichen und Wechselwirkungen | Kriterien, Methoden, Kennzahlen und Verantwortlichkeiten | Aufzeichnungen zur Lenkung und Verbesserung der Prozesse;Process map exists but owners and interactions are unclear | Indicators do not measure intended results | Outsourced processes are not included;Procesní mapa existuje, ale nejsou jasní vlastníci a vazby | Ukazatele neměří zamýšlené výsledky | Externí procesy nejsou zahrnuty;Prozesskarte ohne klare Verantwortliche und Wechselwirkungen | Kennzahlen messen nicht die beabsichtigten Ergebnisse | Ausgelagerte Prozesse fehlen
9001-8-3-2;ISO 9001;ISO 9001:2015 + Amd 1:2024;8.3.2;8;high;design;0;0;Design and development planning;Plánování návrhu a vývoje;Entwicklungsplanung;Plan stages, reviews, verification, validation, responsibilities, resources, interfaces, customer involvement, downstream needs, controls and documented evidence appropriate to complexity and risk.;Plánujte etapy, přezkumy, ověřování, validaci, odpovědnosti, zdroje, rozhraní, zapojení zákazníka, potřeby navazujících procesů, řízení a dokumentované důkazy přiměřeně složitosti a riziku.;Phasen, Reviews, Verifizierung, Validierung, Verantwortungen, Ressourcen, Schnittstellen, Kundeneinbindung, nachgelagerte Bedürfnisse, Kontrollen und Nachweise angemessen zu Komplexität und Risiko planen.;A design plan is a living control plan for technical maturity. Gate criteria should make readiness and unresolved risks visible.;Plán návrhu je živým plánem řízení technické zralosti. Kritéria bran mají zviditelnit připravenost a nevyřešená rizika.;Ein Entwicklungsplan ist ein lebender Lenkungsplan für technische Reife. Gate-Kriterien müssen Bereitschaft und offene Risiken sichtbar machen.;Change request and impact/risk assessment | Approval, communication, implementation and validation records | Post-implementation review and update of affected documents;Požadavek na změnu a posouzení dopadů/rizik | Záznamy o schválení, komunikaci, zavedení a validaci | Následný přezkum a aktualizace dotčených dokumentů;Änderungsantrag und Auswirkungs-/Risikobewertung | Nachweise zu Freigabe, Kommunikation, Umsetzung und Validierung | Nachbewertung und Aktualisierung betroffener Dokumente;Changes implemented before risk assessment or approval | Temporary changes become permanent without validation | Affected documents, competence or controls are not updated;Změny jsou zavedeny před posouzením rizik nebo schválením | Dočasné změny se stanou trvalými bez validace | Dotčené dokumenty, kompetence nebo opatření nejsou aktualizovány;Änderungen vor Risikobewertung oder Freigabe umgesetzt | Temporäre Änderungen ohne Validierung dauerhaft | Betroffene Dokumente, Kompetenzen oder Kontrollen nicht aktualisiert
9001-8-3-3;ISO 9001;ISO 9001:2015 + Amd 1:2024;8.3.3;8;high;design;0;0;Design and development inputs;Vstupy návrhu a vývoje;Entwicklungseingaben;"Determine complete, unambiguous inputs including functional/performance requirements, previous design information, legal requirements, standards, internal commitments and potential consequences of failure; resolve conflicts.";"Určete úplné a jednoznačné vstupy včetně funkčních/výkonových požadavků, informací z předchozích návrhů, právních požadavků, norem, interních závazků a možných důsledků selhání; řešte rozpory.";"Vollständige und eindeutige Eingaben einschließlich Funktions-/Leistungsanforderungen, früherer Entwicklungserkenntnisse, Rechtsanforderungen, Normen, interner Verpflichtungen und möglicher Ausfallfolgen bestimmen; Widersprüche klären.";Good inputs include interfaces, environments, lifetime, misuse, verification criteria and customer-specific requirements—not just dimensions.;Dobré vstupy zahrnují rozhraní, prostředí, životnost, předvídatelné nesprávné použití, ověřovací kritéria a specifické požadavky zákazníka, nikoli pouze rozměry.;Gute Eingaben umfassen Schnittstellen, Umgebung, Lebensdauer, vorhersehbare Fehlanwendung, Verifizierungskriterien und kundenspezifische Anforderungen, nicht nur Maße.;Interested-party matrix with needs, obligations and owners | Customer, regulator, worker, community and supplier inputs | Review of changes in relevant expectations;Matice zainteresovaných stran s potřebami, závazky a vlastníky | Vstupy zákazníků, úřadů, pracovníků, komunit a dodavatelů | Přezkum změn relevantních očekávání;Interessentenmatrix mit Bedürfnissen, Verpflichtungen und Verantwortlichen | Eingaben von Kunden, Behörden, Beschäftigten, Öffentlichkeit und Lieferanten | Überprüfung geänderter relevanter Erwartungen;List of parties without deciding which needs are requirements | Customer-specific or legal expectations omitted | No owner or review cycle;Pouhý seznam stran bez určení, které potřeby jsou požadavky | Opomenutí specifických požadavků zákazníků nebo právních požadavků | Chybí vlastník nebo cyklus přezkumu;Liste ohne Entscheidung, welche Bedürfnisse Anforderungen sind | Kunden- oder Rechtsanforderungen fehlen | Kein Verantwortlicher oder Review-Zyklus
9001-8-3-4;ISO 9001;ISO 9001:2015 + Amd 1:2024;8.3.4;8;high;design;0;0;Design and development controls;Řízení návrhu a vývoje;Entwicklungssteuerung;Define intended results, conduct reviews, verification and validation, act on problems and retain evidence so outputs meet input requirements and intended use.;Definujte zamýšlené výsledky, provádějte přezkumy, ověřování a validaci, reagujte na problémy a uchovávejte důkazy tak, aby výstupy splnily vstupy a zamýšlené použití.;Beabsichtigte Ergebnisse festlegen, Reviews, Verifizierung und Validierung durchführen, auf Probleme reagieren und Nachweise aufbewahren, damit Ergebnisse Eingaben und beabsichtigte Verwendung erfüllen.;"Verification asks whether outputs meet inputs; validation asks whether the resulting product or service works for the intended application. Both need planned criteria and independence appropriate to risk.";"Ověřování zjišťuje, zda výstupy splňují vstupy; validace, zda výsledný produkt nebo služba funguje pro zamýšlené použití. Obojí potřebuje plánovaná kritéria a nezávislost přiměřenou riziku.";"Verifizierung prüft die Erfüllung der Eingaben; Validierung die Eignung für die beabsichtigte Anwendung. Beides erfordert geplante Kriterien und risikogerechte Unabhängigkeit.";Monitoring plan with methods, frequency, criteria and responsibilities | Verified data, trends, dashboards and analysis | Actions triggered by adverse trends or missed targets;Plán monitorování s metodami, četností, kritérii a odpovědnostmi | Ověřená data, trendy, dashboardy a analýzy | Opatření vyvolaná nepříznivými trendy nebo nesplněnými cíli;Überwachungsplan mit Methoden, Häufigkeit, Kriterien und Verantwortlichkeiten | Verifizierte Daten, Trends, Dashboards und Analysen | Maßnahmen bei negativen Trends oder verfehlten Zielen;Data are collected without defined decisions or criteria | Poor data quality, missing calibration or inconsistent formulas | Trends are reported without corrective action;Data jsou sbírána bez definovaných rozhodnutí nebo kritérií | Nízká kvalita dat, chybějící kalibrace nebo nekonzistentní výpočty | Trendy jsou hlášeny bez nápravného opatření;Datenerfassung ohne definierte Entscheidungen oder Kriterien | Schlechte Datenqualität, fehlende Kalibrierung oder inkonsistente Formeln | Trends ohne Korrekturmaßnahmen
9001-8-3-5;ISO 9001;ISO 9001:2015 + Amd 1:2024;8.3.5;8;high;design;0;0;Design and development outputs;Výstupy návrhu a vývoje;Entwicklungsergebnisse;Ensure outputs meet input requirements, are adequate for downstream processes, include monitoring/acceptance criteria and specify characteristics essential for intended purpose and safe/proper provision.;Zajistěte, aby výstupy splňovaly vstupy, byly vhodné pro navazující procesy, obsahovaly kritéria monitorování/přijetí a specifikovaly charakteristiky nezbytné pro zamýšlený účel a bezpečné/správné poskytování.;Sicherstellen, dass Ergebnisse Eingaben erfüllen, für nachgelagerte Prozesse geeignet sind, Überwachungs-/Annahmekriterien enthalten und wesentliche Merkmale für beabsichtigten Zweck sowie sichere/ordnungsgemäße Bereitstellung festlegen.;Outputs must be complete enough for purchasing, production, inspection, installation, service and traceability without relying on undocumented expert knowledge.;Výstupy musí být dostatečně úplné pro nákup, výrobu, kontrolu, instalaci, servis a sledovatelnost bez závislosti na nezdokumentovaných znalostech expertů.;Ergebnisse müssen für Beschaffung, Produktion, Prüfung, Montage, Service und Rückverfolgbarkeit vollständig genug sein, ohne undokumentiertes Expertenwissen zu benötigen.;Controlled procedures, forms and records with owner and revision | Approval, access, retention and obsolete-version controls | Evidence external documents are identified and current;Řízené postupy, formuláře a záznamy s vlastníkem a revizí | Řízení schválení, přístupu, uchování a neplatných verzí | Důkaz identifikace a aktuálnosti externích dokumentů;Gelenkte Verfahren, Formulare und Aufzeichnungen mit Verantwortlichem und Revision | Freigabe-, Zugriffs-, Aufbewahrungs- und Altversionslenkung | Nachweis zur Identifizierung und Aktualität externer Dokumente;Obsolete instructions remain at the workplace | Records are editable, incomplete or not retrievable | External specifications and laws are not controlled;Na pracovišti zůstávají neplatné instrukce | Záznamy jsou editovatelné, neúplné nebo nedohledatelné | Externí specifikace a právní předpisy nejsou řízeny;Veraltete Anweisungen am Arbeitsplatz | Aufzeichnungen veränderbar, unvollständig oder nicht auffindbar | Externe Spezifikationen und Gesetze nicht gelenkt
9001-8-3-6;ISO 9001;ISO 9001:2015 + Amd 1:2024;8.3.6;8;high;design;0;0;Design and development changes;Změny návrhu a vývoje;Entwicklungsänderungen;"Identify, review and control changes during and after design to prevent adverse effects on conformity; retain change, review, authorization and action evidence.";"Identifikujte, přezkoumávejte a řiďte změny během i po návrhu, aby se zabránilo nepříznivým dopadům na shodu; uchovávejte důkazy o změně, přezkumu, schválení a opatřeních.";"Änderungen während und nach der Entwicklung identifizieren, prüfen und lenken, um nachteilige Auswirkungen auf Konformität zu vermeiden; Nachweise zu Änderung, Prüfung, Freigabe und Maßnahmen aufbewahren.";A change requires impact analysis across interfaces, verification/validation, configuration, existing stock, field product, approvals and customer notification.;Změna vyžaduje analýzu dopadů na rozhraní, ověřování/validaci, konfiguraci, stávající zásoby, produkty v provozu, schválení a informování zákazníka.;Eine Änderung erfordert Auswirkungsanalyse auf Schnittstellen, Verifizierung/Validierung, Konfiguration, Bestände, Feldprodukte, Genehmigungen und Kundeninformation.;Change request and impact/risk assessment | Approval, communication, implementation and validation records | Post-implementation review and update of affected documents;Požadavek na změnu a posouzení dopadů/rizik | Záznamy o schválení, komunikaci, zavedení a validaci | Následný přezkum a aktualizace dotčených dokumentů;Änderungsantrag und Auswirkungs-/Risikobewertung | Nachweise zu Freigabe, Kommunikation, Umsetzung und Validierung | Nachbewertung und Aktualisierung betroffener Dokumente;Changes implemented before risk assessment or approval | Temporary changes become permanent without validation | Affected documents, competence or controls are not updated;Změny jsou zavedeny před posouzením rizik nebo schválením | Dočasné změny se stanou trvalými bez validace | Dotčené dokumenty, kompetence nebo opatření nejsou aktualizovány;Änderungen vor Risikobewertung oder Freigabe umgesetzt | Temporäre Änderungen ohne Validierung dauerhaft | Betroffene Dokumente, Kompetenzen oder Kontrollen nicht aktualisiert
9001-8-4-1;ISO 9001;ISO 9001:2015 + Amd 1:2024;8.4.1;8;high;supplier;0;0;Control of externally provided processes, products and services — general;Řízení externě poskytovaných procesů, produktů a služeb — obecně;Steuerung extern bereitgestellter Prozesse, Produkte und Dienstleistungen — Allgemeines;"Ensure externally provided outputs conform when incorporated into own outputs, supplied directly to customers on the organization’s behalf, or when a process is performed externally; establish supplier evaluation, selection, monitoring and re-evaluation criteria.";"Zajistěte shodu externích výstupů, jsou-li začleněny do vlastních výstupů, dodávány přímo zákazníkovi jménem organizace nebo je proces vykonáván externě; stanovte kritéria hodnocení, výběru, monitorování a přehodnocení dodavatelů.";"Konformität extern bereitgestellter Ergebnisse sicherstellen, wenn sie in eigene Ergebnisse eingehen, im Namen der Organisation direkt an Kunden geliefert oder Prozesse extern ausgeführt werden; Kriterien für Bewertung, Auswahl, Überwachung und Neubewertung von Anbietern festlegen.";Supplier approval is risk based and output specific. Certification alone does not demonstrate capability for a particular part, process or service.;Schválení dodavatele vychází z rizika a konkrétního výstupu. Samotný certifikát neprokazuje schopnost pro konkrétní díl, proces nebo službu.;Lieferantenfreigabe ist risiko- und ergebnisspezifisch. Ein Zertifikat allein belegt nicht die Fähigkeit für ein bestimmtes Teil, Verfahren oder eine Dienstleistung.;Risk and opportunity register with criteria, actions and owners | Traceability from context/aspects/hazards to controls and objectives | Effectiveness review and residual-risk decisions;Registr rizik a příležitostí s kritérii, opatřeními a vlastníky | Návaznost od kontextu/aspektů/nebezpečí k opatřením a cílům | Přezkum účinnosti a rozhodnutí o zbytkovém riziku;Risiko- und Chancenregister mit Kriterien, Maßnahmen und Verantwortlichen | Rückverfolgbarkeit von Kontext/Aspekten/Gefährdungen zu Maßnahmen und Zielen | Wirksamkeitsprüfung und Entscheidungen zum Restrisiko;Register is a static list with no actions or effectiveness check | Scoring is inconsistent or hides severe risks | Opportunities and systemic risks are ignored;Registr je statický seznam bez opatření a ověření účinnosti | Hodnocení je nekonzistentní nebo skrývá závažná rizika | Příležitosti a systémová rizika jsou opomenuty;Statisches Register ohne Maßnahmen oder Wirksamkeitsprüfung | Inkonsistente Bewertung oder Verdeckung schwerer Risiken | Chancen und systemische Risiken werden ignoriert
9001-8-4-2;ISO 9001;ISO 9001:2015 + Amd 1:2024;8.4.2;8;high;supplier;0;0;Type and extent of control of external provision;Typ a rozsah řízení externího zajištění;Art und Umfang der Steuerung externer Bereitstellung;"Define controls over external providers and resulting outputs based on potential impact and provider control effectiveness; determine verification and other activities before release.";"Definujte řízení externích poskytovatelů a jejich výstupů podle možného dopadu a účinnosti řízení poskytovatele; určete ověřovací a další činnosti před uvolněním.";"Steuerungen für externe Anbieter und deren Ergebnisse anhand möglicher Auswirkungen und Wirksamkeit der Anbietersteuerung festlegen; Verifizierungs- und weitere Tätigkeiten vor Freigabe bestimmen.";Control can include audits, source inspection, PPAP, certificates, testing, incoming inspection, performance monitoring and contingency—selected by risk, not habit.;"Řízení může zahrnovat audity, kontrolu u zdroje, PPAP, certifikáty, zkoušky, vstupní kontrolu, monitorování výkonnosti a contingency; volí se podle rizika, ne ze zvyku.";Steuerung kann Audits, Quellenprüfung, PPAP, Zertifikate, Tests, Wareneingangsprüfung, Leistungsüberwachung und Notfallplanung umfassen—risikobasiert statt gewohnheitsmäßig.;Process controls, work instructions, acceptance criteria and records | Controls for planned changes and outsourced/external provision | Evidence controls are implemented at the point of work;Procesní opatření, pracovní instrukce, přejímací kritéria a záznamy | Řízení plánovaných změn a externě poskytovaných činností | Důkaz zavedení opatření přímo na pracovišti;Prozesslenkungen, Arbeitsanweisungen, Annahmekriterien und Aufzeichnungen | Lenkung geplanter Änderungen und extern bereitgestellter Tätigkeiten | Nachweis der Umsetzung am Ort der Tätigkeit;Controls exist in documents but are not used at the point of work | Acceptance criteria are subjective | External providers are assumed to control risks themselves;Opatření jsou v dokumentech, ale nepoužívají se na pracovišti | Přejímací kritéria jsou subjektivní | Předpokládá se, že externí poskytovatel řídí rizika sám;Kontrollen nur dokumentiert, nicht am Arbeitsplatz angewendet | Subjektive Annahmekriterien | Externe Anbieter sollen Risiken angeblich selbst lenken
9001-8-4-3;ISO 9001;ISO 9001:2015 + Amd 1:2024;8.4.3;8;high;supplier;0;0;Information for external providers;Informace pro externí poskytovatele;Informationen für externe Anbieter;Before communicating, ensure purchase requirements are adequate and define required processes, products, services, approvals, competence, interactions, performance controls and verification/validation activities.;Před komunikací zajistěte přiměřenost nákupních požadavků a definujte požadované procesy, produkty, služby, schválení, kompetence, interakce, řízení výkonnosti a ověřovací/validační činnosti.;Vor Kommunikation die Angemessenheit der Beschaffungsanforderungen sicherstellen und erforderliche Prozesse, Produkte, Dienstleistungen, Freigaben, Kompetenzen, Wechselwirkungen, Leistungssteuerungen sowie Verifizierungs-/Validierungsaktivitäten festlegen.;The purchase order and specification must transmit all relevant technical, quality, legal, traceability, change-notification and record-retention requirements.;Objednávka a specifikace musí přenášet všechny relevantní technické, kvalitativní, právní, sledovatelnostní, změnové a archivační požadavky.;Bestellung und Spezifikation müssen alle relevanten technischen, qualitativen, rechtlichen, rückverfolgbaren, änderungsbezogenen und aufbewahrungsbezogenen Anforderungen übermitteln.;Controlled procedures, forms and records with owner and revision | Approval, access, retention and obsolete-version controls | Evidence external documents are identified and current;Řízené postupy, formuláře a záznamy s vlastníkem a revizí | Řízení schválení, přístupu, uchování a neplatných verzí | Důkaz identifikace a aktuálnosti externích dokumentů;Gelenkte Verfahren, Formulare und Aufzeichnungen mit Verantwortlichem und Revision | Freigabe-, Zugriffs-, Aufbewahrungs- und Altversionslenkung | Nachweis zur Identifizierung und Aktualität externer Dokumente;Obsolete instructions remain at the workplace | Records are editable, incomplete or not retrievable | External specifications and laws are not controlled;Na pracovišti zůstávají neplatné instrukce | Záznamy jsou editovatelné, neúplné nebo nedohledatelné | Externí specifikace a právní předpisy nejsou řízeny;Veraltete Anweisungen am Arbeitsplatz | Aufzeichnungen veränderbar, unvollständig oder nicht auffindbar | Externe Spezifikationen und Gesetze nicht gelenkt
9001-8-5-1;ISO 9001;ISO 9001:2015 + Amd 1:2024;8.5.1;8;high;production;0;0;Controlled production and service provision;Řízená výroba a poskytování služeb;Gelenkte Produktion und Dienstleistungserbringung;Provide controlled conditions including documented characteristics and results, suitable monitoring resources, inspections, infrastructure and environment, competent persons, validation of special processes, error prevention, release, delivery and post-delivery controls.;Zajistěte řízené podmínky včetně dokumentovaných charakteristik a výsledků, vhodných měřicích zdrojů, kontrol, infrastruktury a prostředí, kompetentních osob, validace zvláštních procesů, prevence chyb, uvolnění, dodání a poprodejních opatření.;Gelenkte Bedingungen bereitstellen, einschließlich dokumentierter Merkmale und Ergebnisse, geeigneter Messmittel, Prüfungen, Infrastruktur und Umgebung, kompetenter Personen, Validierung spezieller Prozesse, Fehlervermeidung, Freigabe, Lieferung und Nachlieferungsmaßnahmen.;Control plans and work instructions must match current process settings, product configuration and risk. Special processes need evidence of capability because output cannot be fully verified later.;Plány kontroly a pracovní instrukce musí odpovídat aktuálním parametrům procesu, konfiguraci produktu a riziku. Zvláštní procesy potřebují důkaz způsobilosti, protože výstup nelze později plně ověřit.;Prüfpläne und Arbeitsanweisungen müssen aktuellen Prozessparametern, Produktkonfiguration und Risiko entsprechen. Spezielle Prozesse benötigen Fähigkeitsnachweise, da Ergebnisse später nicht vollständig prüfbar sind.;Process controls, work instructions, acceptance criteria and records | Controls for planned changes and outsourced/external provision | Evidence controls are implemented at the point of work;Procesní opatření, pracovní instrukce, přejímací kritéria a záznamy | Řízení plánovaných změn a externě poskytovaných činností | Důkaz zavedení opatření přímo na pracovišti;Prozesslenkungen, Arbeitsanweisungen, Annahmekriterien und Aufzeichnungen | Lenkung geplanter Änderungen und extern bereitgestellter Tätigkeiten | Nachweis der Umsetzung am Ort der Tätigkeit;Controls exist in documents but are not used at the point of work | Acceptance criteria are subjective | External providers are assumed to control risks themselves;Opatření jsou v dokumentech, ale nepoužívají se na pracovišti | Přejímací kritéria jsou subjektivní | Předpokládá se, že externí poskytovatel řídí rizika sám;Kontrollen nur dokumentiert, nicht am Arbeitsplatz angewendet | Subjektive Annahmekriterien | Externe Anbieter sollen Risiken angeblich selbst lenken
9001-8-5-2;ISO 9001;ISO 9001:2015 + Amd 1:2024;8.5.2;8;high;traceability;0;0;Identification and traceability;Identifikace a sledovatelnost;Kennzeichnung und Rückverfolgbarkeit;Identify outputs as needed, identify monitoring/measurement status and control unique identification where traceability is required, retaining necessary records.;Podle potřeby identifikujte výstupy, označujte stav monitorování/měření a řiďte jednoznačnou identifikaci tam, kde je požadována sledovatelnost, včetně potřebných záznamů.;"Ergebnisse bei Bedarf kennzeichnen, Überwachungs-/Messstatus identifizieren und eindeutige Kennzeichnung bei geforderter Rückverfolgbarkeit lenken; notwendige Aufzeichnungen aufbewahren.";Traceability should support both forward and backward tracing across material batches, process parameters, inspections, operators, equipment and delivery records.;Sledovatelnost má umožnit dopředné i zpětné dohledání přes šarže materiálů, procesní parametry, kontroly, obsluhu, zařízení a dodací záznamy.;Rückverfolgbarkeit soll vorwärts und rückwärts über Materialchargen, Prozessparameter, Prüfungen, Bediener, Anlagen und Liefernachweise funktionieren.;Controlled procedures, forms and records with owner and revision | Approval, access, retention and obsolete-version controls | Evidence external documents are identified and current;Řízené postupy, formuláře a záznamy s vlastníkem a revizí | Řízení schválení, přístupu, uchování a neplatných verzí | Důkaz identifikace a aktuálnosti externích dokumentů;Gelenkte Verfahren, Formulare und Aufzeichnungen mit Verantwortlichem und Revision | Freigabe-, Zugriffs-, Aufbewahrungs- und Altversionslenkung | Nachweis zur Identifizierung und Aktualität externer Dokumente;Obsolete instructions remain at the workplace | Records are editable, incomplete or not retrievable | External specifications and laws are not controlled;Na pracovišti zůstávají neplatné instrukce | Záznamy jsou editovatelné, neúplné nebo nedohledatelné | Externí specifikace a právní předpisy nejsou řízeny;Veraltete Anweisungen am Arbeitsplatz | Aufzeichnungen veränderbar, unvollständig oder nicht auffindbar | Externe Spezifikationen und Gesetze nicht gelenkt
9001-8-5-3;ISO 9001;ISO 9001:2015 + Amd 1:2024;8.5.3;8;medium;property;0;0;Property belonging to customers or external providers;Majetek zákazníků nebo externích poskytovatelů;Eigentum von Kunden oder externen Anbietern;Exercise care over property under the organization’s control or use, identify, verify, protect and safeguard it, and report and record loss, damage or unsuitability.;Pečujte o majetek pod řízením nebo v užívání organizace, identifikujte jej, ověřujte, chraňte a zabezpečujte a hlaste i zaznamenávejte ztrátu, poškození nebo nevhodnost.;Sorgfalt für Eigentum unter Kontrolle oder Nutzung der Organisation ausüben, es kennzeichnen, verifizieren, schützen und sichern sowie Verlust, Beschädigung oder Ungeeignetheit melden und dokumentieren.;Property includes physical items, tools, returnable packaging, intellectual property, personal data, drawings and confidential information.;Majetek zahrnuje fyzické předměty, nástroje, vratné obaly, duševní vlastnictví, osobní údaje, výkresy a důvěrné informace.;Eigentum umfasst physische Gegenstände, Werkzeuge, Mehrwegverpackung, geistiges Eigentum, personenbezogene Daten, Zeichnungen und vertrauliche Informationen.;Controlled procedures, forms and records with owner and revision | Approval, access, retention and obsolete-version controls | Evidence external documents are identified and current;Řízené postupy, formuláře a záznamy s vlastníkem a revizí | Řízení schválení, přístupu, uchování a neplatných verzí | Důkaz identifikace a aktuálnosti externích dokumentů;Gelenkte Verfahren, Formulare und Aufzeichnungen mit Verantwortlichem und Revision | Freigabe-, Zugriffs-, Aufbewahrungs- und Altversionslenkung | Nachweis zur Identifizierung und Aktualität externer Dokumente;Obsolete instructions remain at the workplace | Records are editable, incomplete or not retrievable | External specifications and laws are not controlled;Na pracovišti zůstávají neplatné instrukce | Záznamy jsou editovatelné, neúplné nebo nedohledatelné | Externí specifikace a právní předpisy nejsou řízeny;Veraltete Anweisungen am Arbeitsplatz | Aufzeichnungen veränderbar, unvollständig oder nicht auffindbar | Externe Spezifikationen und Gesetze nicht gelenkt
9001-8-5-4;ISO 9001;ISO 9001:2015 + Amd 1:2024;8.5.4;8;high;preservation;0;0;Preservation;Zachování;Erhaltung;Preserve outputs during production and service provision to the extent necessary to maintain conformity, including identification, handling, contamination control, packaging, storage, transmission and transport.;Zachovávejte výstupy během výroby a poskytování služeb v rozsahu potřebném k udržení shody, včetně identifikace, manipulace, ochrany před kontaminací, balení, skladování, přenosu a dopravy.;Ergebnisse während Produktion und Dienstleistungserbringung soweit erforderlich erhalten, einschließlich Kennzeichnung, Handhabung, Kontaminationsschutz, Verpackung, Lagerung, Übertragung und Transport.;Preservation controls should reflect shelf life, FIFO/FEFO, environmental conditions, corrosion, ESD, cleanliness, mechanical damage and transport risk.;Opatření pro zachování mají zohlednit životnost, FIFO/FEFO, podmínky prostředí, korozi, ESD, čistotu, mechanické poškození a dopravní riziko.;Erhaltungsmaßnahmen berücksichtigen Haltbarkeit, FIFO/FEFO, Umgebungsbedingungen, Korrosion, ESD, Sauberkeit, mechanische Beschädigung und Transportrisiko.;Process controls, work instructions, acceptance criteria and records | Controls for planned changes and outsourced/external provision | Evidence controls are implemented at the point of work;Procesní opatření, pracovní instrukce, přejímací kritéria a záznamy | Řízení plánovaných změn a externě poskytovaných činností | Důkaz zavedení opatření přímo na pracovišti;Prozesslenkungen, Arbeitsanweisungen, Annahmekriterien und Aufzeichnungen | Lenkung geplanter Änderungen und extern bereitgestellter Tätigkeiten | Nachweis der Umsetzung am Ort der Tätigkeit;Controls exist in documents but are not used at the point of work | Acceptance criteria are subjective | External providers are assumed to control risks themselves;Opatření jsou v dokumentech, ale nepoužívají se na pracovišti | Přejímací kritéria jsou subjektivní | Předpokládá se, že externí poskytovatel řídí rizika sám;Kontrollen nur dokumentiert, nicht am Arbeitsplatz angewendet | Subjektive Annahmekriterien | Externe Anbieter sollen Risiken angeblich selbst lenken
9001-8-5-5;ISO 9001;ISO 9001:2015 + Amd 1:2024;8.5.5;8;medium;post-delivery;0;0;Post-delivery activities;Činnosti po dodání;Tätigkeiten nach der Lieferung;Meet relevant post-delivery requirements considering legal obligations, potential undesired consequences, product nature/use/lifetime, customer requirements and feedback.;Plňte relevantní požadavky na činnosti po dodání s ohledem na právní povinnosti, možné nežádoucí důsledky, povahu/použití/životnost produktu, požadavky zákazníka a zpětnou vazbu.;Relevante Anforderungen nach Lieferung unter Berücksichtigung rechtlicher Verpflichtungen, möglicher unerwünschter Folgen, Produktart/-verwendung/-lebensdauer, Kundenanforderungen und Rückmeldungen erfüllen.;Post-delivery control can include warranty, service, spare parts, recalls, disposal, technical support, field monitoring and contractual reporting.;Řízení po dodání může zahrnovat záruku, servis, náhradní díly, svolávací akce, likvidaci, technickou podporu, sledování v provozu a smluvní reportování.;Nachlieferungssteuerung kann Garantie, Service, Ersatzteile, Rückruf, Entsorgung, technische Unterstützung, Feldüberwachung und Vertragsberichte umfassen.;Communication matrix defining what, when, with whom, how and by whom | Examples of internal and external communications | Controls for accuracy, consistency and response;Komunikační matice určující co, kdy, s kým, jak a kým | Příklady interní a externí komunikace | Opatření pro správnost, konzistenci a reakci;Kommunikationsmatrix zu Was, Wann, Mit wem, Wie und Durch wen | Beispiele interner und externer Kommunikation | Kontrollen für Richtigkeit, Konsistenz und Reaktion;Communication is informal and responsibilities are unclear | External statements are not verified | No mechanism to receive, record and respond;Komunikace je neformální a odpovědnosti nejsou jasné | Externí sdělení nejsou ověřována | Chybí mechanismus pro příjem, záznam a reakci;Informelle Kommunikation mit unklaren Verantwortungen | Externe Aussagen nicht verifiziert | Kein Mechanismus für Eingang, Aufzeichnung und Reaktion
9001-8-5-6;ISO 9001;ISO 9001:2015 + Amd 1:2024;8.5.6;8;high;change;0;0;Control of production and service changes;Řízení změn výroby a poskytování služeb;Lenkung von Änderungen in Produktion und Dienstleistung;Review and control changes to production or service provision to maintain conformity and retain evidence describing review results, authorization and necessary actions.;Přezkoumávejte a řiďte změny výroby nebo poskytování služeb pro zachování shody a uchovávejte důkazy popisující výsledky přezkumu, schválení a potřebná opatření.;Änderungen in Produktion oder Dienstleistung prüfen und lenken, um Konformität zu erhalten, und Nachweise zu Prüfergebnissen, Freigabe und erforderlichen Maßnahmen aufbewahren.;This covers parameter, sequence, tooling, method, software, material, supplier, location, staffing and temporary deviation changes.;Týká se změn parametrů, pořadí, nástrojů, metody, softwaru, materiálu, dodavatele, lokality, personálu i dočasných odchylek.;Dies umfasst Änderungen an Parametern, Reihenfolge, Werkzeugen, Methode, Software, Material, Lieferant, Standort, Personal und temporären Abweichungen.;Change request and impact/risk assessment | Approval, communication, implementation and validation records | Post-implementation review and update of affected documents;Požadavek na změnu a posouzení dopadů/rizik | Záznamy o schválení, komunikaci, zavedení a validaci | Následný přezkum a aktualizace dotčených dokumentů;Änderungsantrag und Auswirkungs-/Risikobewertung | Nachweise zu Freigabe, Kommunikation, Umsetzung und Validierung | Nachbewertung und Aktualisierung betroffener Dokumente;Changes implemented before risk assessment or approval | Temporary changes become permanent without validation | Affected documents, competence or controls are not updated;Změny jsou zavedeny před posouzením rizik nebo schválením | Dočasné změny se stanou trvalými bez validace | Dotčené dokumenty, kompetence nebo opatření nejsou aktualizovány;Änderungen vor Risikobewertung oder Freigabe umgesetzt | Temporäre Änderungen ohne Validierung dauerhaft | Betroffene Dokumente, Kompetenzen oder Kontrollen nicht aktualisiert
9001-8-6;ISO 9001;ISO 9001:2015 + Amd 1:2024;8.6;8;high;release;0;0;Release of products and services;Uvolňování produktů a služeb;Freigabe von Produkten und Dienstleistungen;"Implement planned verification at appropriate stages; do not release until requirements are satisfactorily met unless approved by relevant authority and, where applicable, the customer; retain acceptance and authorization evidence.";"Provádějte plánované ověřování ve vhodných etapách; neuvolňujte, dokud nejsou požadavky uspokojivě splněny, pokud neschválí relevantní autorita a případně zákazník; uchovávejte důkazy o přijetí a oprávnění.";"Geplante Verifizierung in geeigneten Phasen durchführen; nicht freigeben, bevor Anforderungen zufriedenstellend erfüllt sind, außer durch zuständige Autorität und gegebenenfalls Kunde genehmigt; Annahme- und Freigabenachweise aufbewahren.";Release is an authorized decision based on complete evidence. Electronic status and physical status must agree and unauthorized override should be prevented.;Uvolnění je autorizované rozhodnutí založené na úplných důkazech. Elektronický a fyzický stav musí souhlasit a neoprávněné přepsání má být znemožněno.;"Freigabe ist eine autorisierte Entscheidung auf vollständiger Nachweisbasis. Elektronischer und physischer Status müssen übereinstimmen; unbefugte Übersteuerung ist zu verhindern.";Monitoring plan with methods, frequency, criteria and responsibilities | Verified data, trends, dashboards and analysis | Actions triggered by adverse trends or missed targets;Plán monitorování s metodami, četností, kritérii a odpovědnostmi | Ověřená data, trendy, dashboardy a analýzy | Opatření vyvolaná nepříznivými trendy nebo nesplněnými cíli;Überwachungsplan mit Methoden, Häufigkeit, Kriterien und Verantwortlichkeiten | Verifizierte Daten, Trends, Dashboards und Analysen | Maßnahmen bei negativen Trends oder verfehlten Zielen;Data are collected without defined decisions or criteria | Poor data quality, missing calibration or inconsistent formulas | Trends are reported without corrective action;Data jsou sbírána bez definovaných rozhodnutí nebo kritérií | Nízká kvalita dat, chybějící kalibrace nebo nekonzistentní výpočty | Trendy jsou hlášeny bez nápravného opatření;Datenerfassung ohne definierte Entscheidungen oder Kriterien | Schlechte Datenqualität, fehlende Kalibrierung oder inkonsistente Formeln | Trends ohne Korrekturmaßnahmen
9001-8-7;ISO 9001;ISO 9001:2015 + Amd 1:2024;8.7;8;high;nonconformity;0;0;Control of nonconforming outputs;Řízení neshodných výstupů;Steuerung nichtkonformer Ergebnisse;"Identify and control nonconforming outputs to prevent unintended use or delivery; take correction, segregation, return/suspension, notification or concession actions and verify conformity after correction, retaining evidence.";"Identifikujte a řiďte neshodné výstupy, aby se zabránilo neúmyslnému použití nebo dodání; proveďte opravu, oddělení, vrácení/pozastavení, informování nebo výjimku a po opravě ověřte shodu, včetně uchování důkazů.";"Nichtkonforme Ergebnisse kennzeichnen und steuern, um unbeabsichtigte Verwendung oder Lieferung zu verhindern; Korrektur, Trennung, Rückgabe/Aussetzung, Information oder Sonderfreigabe durchführen und Konformität nach Korrektur verifizieren; Nachweise aufbewahren.";Physical containment, system status and disposition authority must remain aligned. Concessions require clear acceptance of risk and customer approval where contractually required.;Fyzické omezení, systémový stav a pravomoc k rozhodnutí musí zůstat sladěné. Výjimky vyžadují jasné přijetí rizika a smluvně požadované schválení zákazníkem.;Physische Eindämmung, Systemstatus und Dispositionsbefugnis müssen übereinstimmen. Sonderfreigaben erfordern klare Risikoakzeptanz und gegebenenfalls Kundenfreigabe.;Nonconformity/incident record with containment and correction | Root-cause analysis proportionate to risk | Corrective action, effectiveness verification and systemic update;Záznam neshody/incidentu s omezením dopadu a opravou | Analýza kořenové příčiny přiměřená riziku | Nápravné opatření, ověření účinnosti a systémová aktualizace;Nichtkonformitäts-/Ereignisnachweis mit Eindämmung und Korrektur | Risikogerechte Ursachenanalyse | Korrekturmaßnahme, Wirksamkeitsprüfung und systemische Anpassung;Correction is mistaken for corrective action | Root cause is superficial or blame based | Effectiveness is checked too early or not at all;Oprava je zaměněna za nápravné opatření | Kořenová příčina je povrchní nebo založená na obviňování | Účinnost je ověřena příliš brzy nebo vůbec;Korrektur wird mit Korrekturmaßnahme verwechselt | Oberflächliche oder schuldorientierte Ursachenanalyse | Wirksamkeit zu früh oder gar nicht geprüft
9001-9-1-1;ISO 9001;ISO 9001:2015 + Amd 1:2024;9.1.1;9;high;monitoring;0;0;Monitoring, measurement, analysis and evaluation — general;Monitorování, měření, analýza a hodnocení — obecně;Überwachung, Messung, Analyse und Bewertung — Allgemeines;"Determine what needs monitoring and measurement, methods, criteria, timing and evaluation; ensure valid results, retain evidence and use analysis for decisions and improvement.";"Určete, co je třeba monitorovat a měřit, jakými metodami, podle jakých kritérií, kdy a jak hodnotit; zajistěte platné výsledky, uchovávejte důkazy a využívejte analýzu pro rozhodování a zlepšování.";"Festlegen, was überwacht und gemessen wird, mit welchen Methoden, Kriterien und Zeitpunkten sowie wie bewertet wird; gültige Ergebnisse sicherstellen, Nachweise aufbewahren und Analysen für Entscheidungen und Verbesserung nutzen.";Measurement is useful only when definitions are stable, data quality is controlled and results trigger decisions. Trend and leading indicators often reveal issues earlier than totals.;Měření je užitečné pouze při stabilních definicích, řízené kvalitě dat a navazujících rozhodnutích. Trendy a předstihové ukazatele často odhalí problém dříve než souhrnné hodnoty.;Messung ist nur nützlich bei stabilen Definitionen, gelenkter Datenqualität und daraus folgenden Entscheidungen. Trends und Frühindikatoren zeigen Probleme oft früher als Summenwerte.;Monitoring plan with methods, frequency, criteria and responsibilities | Verified data, trends, dashboards and analysis | Actions triggered by adverse trends or missed targets;Plán monitorování s metodami, četností, kritérii a odpovědnostmi | Ověřená data, trendy, dashboardy a analýzy | Opatření vyvolaná nepříznivými trendy nebo nesplněnými cíli;Überwachungsplan mit Methoden, Häufigkeit, Kriterien und Verantwortlichkeiten | Verifizierte Daten, Trends, Dashboards und Analysen | Maßnahmen bei negativen Trends oder verfehlten Zielen;Data are collected without defined decisions or criteria | Poor data quality, missing calibration or inconsistent formulas | Trends are reported without corrective action;Data jsou sbírána bez definovaných rozhodnutí nebo kritérií | Nízká kvalita dat, chybějící kalibrace nebo nekonzistentní výpočty | Trendy jsou hlášeny bez nápravného opatření;Datenerfassung ohne definierte Entscheidungen oder Kriterien | Schlechte Datenqualität, fehlende Kalibrierung oder inkonsistente Formeln | Trends ohne Korrekturmaßnahmen
9001-9-1-2;ISO 9001;ISO 9001:2015 + Amd 1:2024;9.1.2;9;high;customer;0;0;Customer satisfaction;Spokojenost zákazníka;Kundenzufriedenheit;Monitor customer perceptions of the degree to which needs and expectations have been fulfilled and determine methods for obtaining, monitoring and reviewing this information.;Sledujte vnímání zákazníků ohledně míry splnění jejich potřeb a očekávání a určete metody získávání, monitorování a přezkoumávání těchto informací.;Kundenwahrnehmung zum Erfüllungsgrad ihrer Bedürfnisse und Erwartungen überwachen und Methoden zur Erhebung, Überwachung und Bewertung dieser Informationen festlegen.;Use a balanced view: complaints, scorecards, returns, delivery, repeat business, audits, surveys and direct feedback. Absence of complaints is not proof of satisfaction.;Používejte vyvážený pohled: reklamace, scorecards, vratky, dodávky, opakované obchody, audity, průzkumy a přímou zpětnou vazbu. Absence reklamací není důkazem spokojenosti.;Ein ausgewogenes Bild aus Reklamationen, Scorecards, Rücksendungen, Lieferung, Folgegeschäft, Audits, Umfragen und direktem Feedback nutzen. Keine Reklamation ist kein Zufriedenheitsnachweis.;Monitoring plan with methods, frequency, criteria and responsibilities | Verified data, trends, dashboards and analysis | Actions triggered by adverse trends or missed targets;Plán monitorování s metodami, četností, kritérii a odpovědnostmi | Ověřená data, trendy, dashboardy a analýzy | Opatření vyvolaná nepříznivými trendy nebo nesplněnými cíli;Überwachungsplan mit Methoden, Häufigkeit, Kriterien und Verantwortlichkeiten | Verifizierte Daten, Trends, Dashboards und Analysen | Maßnahmen bei negativen Trends oder verfehlten Zielen;Data are collected without defined decisions or criteria | Poor data quality, missing calibration or inconsistent formulas | Trends are reported without corrective action;Data jsou sbírána bez definovaných rozhodnutí nebo kritérií | Nízká kvalita dat, chybějící kalibrace nebo nekonzistentní výpočty | Trendy jsou hlášeny bez nápravného opatření;Datenerfassung ohne definierte Entscheidungen oder Kriterien | Schlechte Datenqualität, fehlende Kalibrierung oder inkonsistente Formeln | Trends ohne Korrekturmaßnahmen
9001-9-1-3;ISO 9001;ISO 9001:2015 + Amd 1:2024;9.1.3;9;high;analysis;0;0;Analysis and evaluation;Analýza a hodnocení;Analyse und Bewertung;Analyze and evaluate appropriate data from monitoring and measurement to assess conformity, satisfaction, QMS performance/effectiveness, planning effectiveness, risks/opportunities, external-provider performance and need for improvement.;Analyzujte a vyhodnocujte vhodná data z monitorování a měření pro posouzení shody, spokojenosti, výkonnosti/účinnosti SMK, účinnosti plánování, rizik/příležitostí, výkonnosti externích poskytovatelů a potřeby zlepšení.;Geeignete Daten aus Überwachung und Messung analysieren und bewerten, um Konformität, Zufriedenheit, QMS-Leistung/-Wirksamkeit, Planungswirksamkeit, Risiken/Chancen, Anbieterleistung und Verbesserungsbedarf zu beurteilen.;"Evaluation converts data into a conclusion against criteria; analysis identifies patterns and causes. Both should support decisions, not only reporting.";"Hodnocení převádí data do závěru vůči kritériím; analýza identifikuje vzorce a příčiny. Obojí má podporovat rozhodování, nikoli pouze reportování.";"Bewertung überführt Daten in Schlussfolgerungen gegen Kriterien; Analyse erkennt Muster und Ursachen. Beides soll Entscheidungen unterstützen, nicht nur Berichte.";Monitoring plan with methods, frequency, criteria and responsibilities | Verified data, trends, dashboards and analysis | Actions triggered by adverse trends or missed targets;Plán monitorování s metodami, četností, kritérii a odpovědnostmi | Ověřená data, trendy, dashboardy a analýzy | Opatření vyvolaná nepříznivými trendy nebo nesplněnými cíli;Überwachungsplan mit Methoden, Häufigkeit, Kriterien und Verantwortlichkeiten | Verifizierte Daten, Trends, Dashboards und Analysen | Maßnahmen bei negativen Trends oder verfehlten Zielen;Data are collected without defined decisions or criteria | Poor data quality, missing calibration or inconsistent formulas | Trends are reported without corrective action;Data jsou sbírána bez definovaných rozhodnutí nebo kritérií | Nízká kvalita dat, chybějící kalibrace nebo nekonzistentní výpočty | Trendy jsou hlášeny bez nápravného opatření;Datenerfassung ohne definierte Entscheidungen oder Kriterien | Schlechte Datenqualität, fehlende Kalibrierung oder inkonsistente Formeln | Trends ohne Korrekturmaßnahmen
9001-9-2-1;ISO 9001;ISO 9001:2015 + Amd 1:2024;9.2.1;9;high;audit;0;0;Internal audit — general;Interní audit — obecně;Internes Audit — Allgemeines;Conduct internal audits at planned intervals to determine conformity with the organization’s own requirements and the applicable standard and to evaluate effective implementation and maintenance.;Provádějte interní audity v plánovaných intervalech pro určení shody s vlastními požadavky organizace a použitelnou normou a pro hodnocení účinného zavedení a udržování.;Interne Audits in geplanten Abständen durchführen, um Konformität mit eigenen Anforderungen und der anwendbaren Norm sowie wirksame Umsetzung und Aufrechterhaltung zu bewerten.;An internal audit should test process effectiveness and evidence, not only clause wording. It is an independent management assurance activity.;Interní audit má ověřovat účinnost procesů a důkazy, nikoli pouze text článků. Jde o nezávislou ujišťovací činnost pro vedení.;Ein internes Audit prüft Prozesswirksamkeit und Nachweise, nicht nur Normformulierungen. Es ist eine unabhängige Sicherungsaktivität für die Leitung.;Risk-based audit programme, plans, objectives, criteria and scope | Competent and impartial auditors | Reports, findings, actions and effectiveness follow-up;Program auditů založený na rizicích, plány, cíle, kritéria a rozsah | Kompetentní a nestranní auditoři | Zprávy, zjištění, opatření a následné ověření účinnosti;Risikobasiertes Auditprogramm, Pläne, Ziele, Kriterien und Umfang | Kompetente und unparteiische Auditoren | Berichte, Feststellungen, Maßnahmen und Wirksamkeitsnachverfolgung;Checklist-only audits without process trails or sampling | Auditors review their own work | Findings are closed administratively without effectiveness evidence;Audit pouze podle checklistu bez procesních stop a vzorkování | Auditoři auditují vlastní práci | Zjištění jsou administrativně uzavřena bez důkazu účinnosti;Reine Checklisten-Audits ohne Prozesspfade oder Stichproben | Auditoren prüfen eigene Arbeit | Feststellungen administrativ ohne Wirksamkeitsnachweis geschlossen
9001-9-2-2;ISO 9001;ISO 9001:2015 + Amd 1:2024;9.2.2;9;high;audit;0;0;Internal audit programme;Program interních auditů;Internes Auditprogramm;"Plan, establish, implement and maintain an audit programme considering process importance, changes, risks and previous results; define objectives, criteria and scope, ensure impartiality, report results and correct findings.";"Plánujte, stanovte, zavádějte a udržujte program auditů s ohledem na význam procesů, změny, rizika a předchozí výsledky; určete cíle, kritéria a rozsah, zajistěte nestrannost, reportujte výsledky a řešte zjištění.";"Ein Auditprogramm unter Berücksichtigung von Prozessbedeutung, Änderungen, Risiken und früheren Ergebnissen planen, einführen und aufrechterhalten; Ziele, Kriterien und Umfang festlegen, Unparteilichkeit sichern, Ergebnisse berichten und Feststellungen behandeln.";Audit frequency and depth should be risk based. The programme is effective when it identifies emerging weaknesses early and drives verified correction.;Četnost a hloubka auditů mají vycházet z rizik. Program je účinný, pokud včas odhaluje vznikající slabiny a vede k ověřené nápravě.;Häufigkeit und Tiefe der Audits sollen risikobasiert sein. Das Programm ist wirksam, wenn es entstehende Schwächen früh erkennt und verifizierte Korrektur bewirkt.;Risk-based audit programme, plans, objectives, criteria and scope | Competent and impartial auditors | Reports, findings, actions and effectiveness follow-up;Program auditů založený na rizicích, plány, cíle, kritéria a rozsah | Kompetentní a nestranní auditoři | Zprávy, zjištění, opatření a následné ověření účinnosti;Risikobasiertes Auditprogramm, Pläne, Ziele, Kriterien und Umfang | Kompetente und unparteiische Auditoren | Berichte, Feststellungen, Maßnahmen und Wirksamkeitsnachverfolgung;Checklist-only audits without process trails or sampling | Auditors review their own work | Findings are closed administratively without effectiveness evidence;Audit pouze podle checklistu bez procesních stop a vzorkování | Auditoři auditují vlastní práci | Zjištění jsou administrativně uzavřena bez důkazu účinnosti;Reine Checklisten-Audits ohne Prozesspfade oder Stichproben | Auditoren prüfen eigene Arbeit | Feststellungen administrativ ohne Wirksamkeitsnachweis geschlossen
9001-9-3-1;ISO 9001;ISO 9001:2015 + Amd 1:2024;9.3.1;9;high;review;0;0;Management review — general;Přezkoumání vedením — obecně;Managementbewertung — Allgemeines;Top management reviews the QMS at planned intervals to ensure continuing suitability, adequacy, effectiveness and alignment with strategic direction.;Vrcholové vedení přezkoumává SMK v plánovaných intervalech, aby zajistilo jeho trvalou vhodnost, přiměřenost, účinnost a soulad se strategickým směřováním.;Die oberste Leitung bewertet das QMS in geplanten Abständen, um fortdauernde Eignung, Angemessenheit, Wirksamkeit und Ausrichtung an der strategischen Richtung sicherzustellen.;Management review is the system’s governance decision point. It should integrate performance, risks, resources and business changes rather than merely present data.;Přezkoumání vedením je rozhodovacím bodem řízení systému. Má integrovat výkonnost, rizika, zdroje a obchodní změny, nikoli pouze prezentovat data.;Die Managementbewertung ist der Governance-Entscheidungspunkt des Systems. Sie integriert Leistung, Risiken, Ressourcen und Geschäftsänderungen statt nur Daten zu präsentieren.;Management-review agenda covering required inputs | Data-based conclusions, decisions, actions, owners and resources | Minutes and follow-up showing closure and strategic integration;Program přezkoumání vedením pokrývající požadované vstupy | Závěry založené na datech, rozhodnutí, opatření, vlastníci a zdroje | Zápis a následné sledování prokazující uzavření a strategickou integraci;Managementreview-Agenda mit erforderlichen Eingaben | Datenbasierte Schlussfolgerungen, Entscheidungen, Maßnahmen, Verantwortliche und Ressourcen | Protokoll und Nachverfolgung mit Abschluss und strategischer Integration;Meeting is a presentation rather than a decision-making review | Required inputs are missing or stale | Outputs have no owner, deadline or resource decision;Jednání je prezentací místo rozhodovacího přezkumu | Požadované vstupy chybí nebo jsou zastaralé | Výstupy nemají vlastníka, termín nebo rozhodnutí o zdrojích;Meeting als Präsentation statt Entscheidungsreview | Erforderliche Eingaben fehlen oder sind veraltet | Ergebnisse ohne Verantwortlichen, Termin oder Ressourcenentscheidung
9001-9-3-2;ISO 9001;ISO 9001:2015 + Amd 1:2024;9.3.2;9;high;review;0;0;Management review inputs;Vstupy přezkoumání vedením;Eingaben der Managementbewertung;Ensure the review considers status of previous actions, context and stakeholder changes, performance trends, objective achievement, audit results, compliance, resources, risks, opportunities and improvement information relevant to the standard.;Zajistěte, aby přezkum zohlednil stav předchozích opatření, změny kontextu a zainteresovaných stran, trendy výkonnosti, plnění cílů, výsledky auditů, soulad, zdroje, rizika, příležitosti a informace o zlepšování relevantní pro normu.;Sicherstellen, dass der Review Status früherer Maßnahmen, Kontext- und Interessentenänderungen, Leistungstrends, Zielerreichung, Auditergebnisse, Compliance, Ressourcen, Risiken, Chancen und relevante Verbesserungsinformationen berücksichtigt.;Complete and current inputs allow top management to make evidence-based decisions. Each input should lead to a conclusion, not simply a slide.;Úplné a aktuální vstupy umožňují vrcholovému vedení rozhodovat na základě důkazů. Každý vstup má vést k závěru, nikoli pouze ke slidu.;Vollständige und aktuelle Eingaben ermöglichen evidenzbasierte Entscheidungen. Jede Eingabe soll zu einer Schlussfolgerung führen, nicht nur zu einer Folie.;Management-review agenda covering required inputs | Data-based conclusions, decisions, actions, owners and resources | Minutes and follow-up showing closure and strategic integration;Program přezkoumání vedením pokrývající požadované vstupy | Závěry založené na datech, rozhodnutí, opatření, vlastníci a zdroje | Zápis a následné sledování prokazující uzavření a strategickou integraci;Managementreview-Agenda mit erforderlichen Eingaben | Datenbasierte Schlussfolgerungen, Entscheidungen, Maßnahmen, Verantwortliche und Ressourcen | Protokoll und Nachverfolgung mit Abschluss und strategischer Integration;Meeting is a presentation rather than a decision-making review | Required inputs are missing or stale | Outputs have no owner, deadline or resource decision;Jednání je prezentací místo rozhodovacího přezkumu | Požadované vstupy chybí nebo jsou zastaralé | Výstupy nemají vlastníka, termín nebo rozhodnutí o zdrojích;Meeting als Präsentation statt Entscheidungsreview | Erforderliche Eingaben fehlen oder sind veraltet | Ergebnisse ohne Verantwortlichen, Termin oder Ressourcenentscheidung
9001-9-3-3;ISO 9001;ISO 9001:2015 + Amd 1:2024;9.3.3;9;high;review;0;0;Management review results and outputs;Výsledky a výstupy přezkoumání vedením;Ergebnisse der Managementbewertung;Document conclusions and decisions on continuing suitability, improvement opportunities, system changes, resources, actions for unmet objectives and implications for strategic direction.;Dokumentujte závěry a rozhodnutí o trvalé vhodnosti, příležitostech ke zlepšení, změnách systému, zdrojích, opatřeních k nesplněným cílům a dopadech na strategické směřování.;Schlussfolgerungen und Entscheidungen zu fortdauernder Eignung, Verbesserungsmöglichkeiten, Systemänderungen, Ressourcen, Maßnahmen bei verfehlten Zielen und Auswirkungen auf die strategische Richtung dokumentieren.;A review is complete only when decisions are translated into owned, resourced and tracked actions or explicit conclusions that no action is required.;Přezkum je úplný pouze tehdy, když jsou rozhodnutí převedena do vlastněných, zajištěných a sledovaných opatření nebo do výslovného závěru, že opatření není potřebné.;Ein Review ist erst vollständig, wenn Entscheidungen in verantwortete, ressourcierte und verfolgte Maßnahmen oder in eine ausdrückliche Schlussfolgerung ohne Handlungsbedarf überführt sind.;Management-review agenda covering required inputs | Data-based conclusions, decisions, actions, owners and resources | Minutes and follow-up showing closure and strategic integration;Program přezkoumání vedením pokrývající požadované vstupy | Závěry založené na datech, rozhodnutí, opatření, vlastníci a zdroje | Zápis a následné sledování prokazující uzavření a strategickou integraci;Managementreview-Agenda mit erforderlichen Eingaben | Datenbasierte Schlussfolgerungen, Entscheidungen, Maßnahmen, Verantwortliche und Ressourcen | Protokoll und Nachverfolgung mit Abschluss und strategischer Integration;Meeting is a presentation rather than a decision-making review | Required inputs are missing or stale | Outputs have no owner, deadline or resource decision;Jednání je prezentací místo rozhodovacího přezkumu | Požadované vstupy chybí nebo jsou zastaralé | Výstupy nemají vlastníka, termín nebo rozhodnutí o zdrojích;Meeting als Präsentation statt Entscheidungsreview | Erforderliche Eingaben fehlen oder sind veraltet | Ergebnisse ohne Verantwortlichen, Termin oder Ressourcenentscheidung
9001-10-1;ISO 9001;ISO 9001:2015 + Amd 1:2024;10.1;10;medium;improvement;0;0;Improvement — general;Zlepšování — obecně;Verbesserung — Allgemeines;Determine and select improvement opportunities and implement actions needed to achieve intended results and enhance quality performance and customer satisfaction.;Určujte a vybírejte příležitosti ke zlepšení a zavádějte opatření potřebná k dosažení zamýšlených výsledků a zvyšování výkonnost kvality a spokojenost zákazníků.;Verbesserungsmöglichkeiten bestimmen und auswählen sowie notwendige Maßnahmen umsetzen, um beabsichtigte Ergebnisse zu erreichen und Qualitätsleistung und Kundenzufriedenheit zu verbessern.;Improvement includes corrective, incremental, breakthrough, innovation and reorganization activities. Selection should be evidence based and proportionate to strategic need.;Zlepšování zahrnuje nápravné, postupné, průlomové, inovační i reorganizační aktivity. Výběr má vycházet z důkazů a odpovídat strategické potřebě.;Verbesserung umfasst korrigierende, schrittweise, sprunghafte, innovative und organisatorische Aktivitäten. Auswahl soll evidenzbasiert und strategisch angemessen sein.;Improvement pipeline linked to data, audits, risks and lessons learned | Prioritized projects with benefits and owners | Evidence of sustained performance improvement;Zásobník zlepšení propojený s daty, audity, riziky a lessons learned | Prioritizované projekty s přínosy a vlastníky | Důkaz trvalého zlepšování výkonnosti;Verbesserungsportfolio aus Daten, Audits, Risiken und Lessons Learned | Priorisierte Projekte mit Nutzen und Verantwortlichen | Nachweis nachhaltiger Leistungsverbesserung;Only reactive corrective actions are called improvement | Projects are not linked to measurable benefits | Lessons learned are not deployed elsewhere;Za zlepšování jsou považována pouze reaktivní nápravná opatření | Projekty nejsou propojeny s měřitelnými přínosy | Lessons learned nejsou přeneseny jinam;Nur reaktive Korrekturmaßnahmen gelten als Verbesserung | Projekte ohne messbaren Nutzen | Lessons Learned werden nicht übertragen
9001-10-2;ISO 9001;ISO 9001:2015 + Amd 1:2024;10.2;10;high;capa;0;0;Nonconformity and corrective action;Neshoda a nápravné opatření;Nichtkonformität und Korrekturmaßnahmen;React to nonconformity, control and correct it, deal with consequences, evaluate causes and similar risks, implement proportionate corrective action, review effectiveness and update the system when needed.;Reagujte na neshodu, řiďte ji a opravte, řešte důsledky, vyhodnoťte příčiny a obdobná rizika, zaveďte přiměřené nápravné opatření, ověřte účinnost a podle potřeby aktualizujte systém.;Auf Nichtkonformität reagieren, sie beherrschen und korrigieren, Folgen behandeln, Ursachen und ähnliche Risiken bewerten, angemessene Korrekturmaßnahmen umsetzen, Wirksamkeit prüfen und das System bei Bedarf anpassen.;"Correction restores the immediate condition; corrective action removes or controls the cause to prevent recurrence. Effectiveness must be demonstrated after sufficient time and exposure.";"Oprava obnovuje okamžitý stav; nápravné opatření odstraňuje nebo řídí příčinu, aby se zabránilo opakování. Účinnost musí být prokázána po dostatečné době a expozici.";"Korrektur stellt den unmittelbaren Zustand wieder her; Korrekturmaßnahme beseitigt oder beherrscht die Ursache zur Vermeidung des Wiederauftretens. Wirksamkeit muss nach ausreichender Zeit und Exposition belegt werden.";Nonconformity/incident record with containment and correction | Root-cause analysis proportionate to risk | Corrective action, effectiveness verification and systemic update;Záznam neshody/incidentu s omezením dopadu a opravou | Analýza kořenové příčiny přiměřená riziku | Nápravné opatření, ověření účinnosti a systémová aktualizace;Nichtkonformitäts-/Ereignisnachweis mit Eindämmung und Korrektur | Risikogerechte Ursachenanalyse | Korrekturmaßnahme, Wirksamkeitsprüfung und systemische Anpassung;Correction is mistaken for corrective action | Root cause is superficial or blame based | Effectiveness is checked too early or not at all;Oprava je zaměněna za nápravné opatření | Kořenová příčina je povrchní nebo založená na obviňování | Účinnost je ověřena příliš brzy nebo vůbec;Korrektur wird mit Korrekturmaßnahme verwechselt | Oberflächliche oder schuldorientierte Ursachenanalyse | Wirksamkeit zu früh oder gar nicht geprüft
9001-10-3;ISO 9001;ISO 9001:2015 + Amd 1:2024;10.3;10;medium;improvement;0;0;Continual improvement;Neustálé zlepšování;Fortlaufende Verbesserung;Continually improve the suitability, adequacy and effectiveness of the QMS and, where required by the standard, its measurable performance.;Neustále zlepšujte vhodnost, přiměřenost a účinnost SMK a tam, kde to norma vyžaduje, také jeho měřitelnou výkonnost.;Eignung, Angemessenheit und Wirksamkeit des QMS und, soweit von der Norm gefordert, seine messbare Leistung fortlaufend verbessern.;Continual improvement is a sustained pattern demonstrated by trend, learning and system adaptation, not a requirement that every indicator improves every period.;"Neustálé zlepšování je dlouhodobý vzorec prokázaný trendem, učením a přizpůsobováním systému; neznamená, že se každý ukazatel musí zlepšit v každém období.";"Fortlaufende Verbesserung ist ein nachhaltiges Muster aus Trend, Lernen und Systemanpassung; nicht jede Kennzahl muss sich in jeder Periode verbessern.";Improvement pipeline linked to data, audits, risks and lessons learned | Prioritized projects with benefits and owners | Evidence of sustained performance improvement;Zásobník zlepšení propojený s daty, audity, riziky a lessons learned | Prioritizované projekty s přínosy a vlastníky | Důkaz trvalého zlepšování výkonnosti;Verbesserungsportfolio aus Daten, Audits, Risiken und Lessons Learned | Priorisierte Projekte mit Nutzen und Verantwortlichen | Nachweis nachhaltiger Leistungsverbesserung;Only reactive corrective actions are called improvement | Projects are not linked to measurable benefits | Lessons learned are not deployed elsewhere;Za zlepšování jsou považována pouze reaktivní nápravná opatření | Projekty nejsou propojeny s měřitelnými přínosy | Lessons learned nejsou přeneseny jinam;Nur reaktive Korrekturmaßnahmen gelten als Verbesserung | Projekte ohne messbaren Nutzen | Lessons Learned werden nicht übertragen
14001-4-1;ISO 14001;ISO 14001:2026;4.1;4;high;context;1;0;Understanding the organization and its context;Porozumění organizaci a jejímu kontextu;Verstehen der Organisation und ihres Kontextes;Identify internal and external issues relevant to purpose and affecting intended EMS results, including environmental conditions such as climate change, pollution, natural-resource availability, biodiversity and ecosystem health where relevant.;Určete vnitřní a vnější okolnosti relevantní pro účel a ovlivňující zamýšlené výsledky EMS, včetně podmínek prostředí, jako jsou změna klimatu, znečištění, dostupnost přírodních zdrojů, biodiverzita a zdraví ekosystémů, pokud jsou relevantní.;Interne und externe Themen bestimmen, die für Zweck und beabsichtigte UMS-Ergebnisse relevant sind, einschließlich Umweltzuständen wie Klimawandel, Verschmutzung, Verfügbarkeit natürlicher Ressourcen, Biodiversität und Ökosystemgesundheit, soweit relevant.;The 2026 edition makes environmental conditions more explicit. Context should cover how the environment affects the organization and how the organization affects the environment across operations and value chains.;Vydání 2026 výslovněji zdůrazňuje podmínky prostředí. Kontext má pokrývat, jak prostředí ovlivňuje organizaci a jak organizace ovlivňuje prostředí napříč provozem a hodnotovým řetězcem.;Die Ausgabe 2026 macht Umweltzustände ausdrücklicher. Der Kontext umfasst, wie die Umwelt die Organisation und wie die Organisation die Umwelt über Betrieb und Wertschöpfungskette beeinflusst.;Context/SWOT/PESTLE register linked to strategic risks | Documented conclusion on climate-change relevance | Evidence of periodic and event-driven review;Registr kontextu/SWOT/PESTLE propojený se strategickými riziky | Zdokumentovaný závěr o relevanci změny klimatu | Důkaz pravidelného i událostmi vyvolaného přezkumu;Kontext-/SWOT-/PESTLE-Register mit Verknüpfung zu strategischen Risiken | Dokumentierte Schlussfolgerung zur Relevanz des Klimawandels | Nachweis regelmäßiger und anlassbezogener Überprüfung;Generic SWOT with no link to the management system | Climate relevance not concluded | Analysis not updated after significant change;Obecná SWOT bez vazby na systém managementu | Chybí závěr o relevanci klimatu | Analýza není aktualizována po významné změně;Allgemeine SWOT ohne Bezug zum Managementsystem | Keine Schlussfolgerung zur Klimarelevanz | Keine Aktualisierung nach wesentlichen Änderungen
14001-4-2;ISO 14001;ISO 14001:2026;4.2;4;high;stakeholders;0;0;Needs and expectations of interested parties;Potřeby a očekávání zainteresovaných stran;Erfordernisse und Erwartungen interessierter Parteien;Identify relevant interested parties and their needs and expectations, determine which become compliance obligations or other EMS requirements, and monitor changes, including environmental and climate-related expectations.;Určete relevantní zainteresované strany a jejich potřeby a očekávání, stanovte, které se stávají závaznými povinnostmi nebo jinými požadavky EMS, a sledujte změny včetně environmentálních a klimatických očekávání.;Relevante interessierte Parteien sowie deren Erfordernisse und Erwartungen bestimmen, festlegen, welche zu bindenden Verpflichtungen oder anderen UMS-Anforderungen werden, und Änderungen einschließlich umwelt- und klimabezogener Erwartungen überwachen.;The organization must distinguish general interest from binding, contractual or strategically adopted requirements and assign ownership for monitoring them.;Organizace musí odlišit obecný zájem od závazných, smluvních nebo strategicky přijatých požadavků a určit odpovědnost za jejich sledování.;Die Organisation muss allgemeine Interessen von verbindlichen, vertraglichen oder strategisch übernommenen Anforderungen unterscheiden und Verantwortlichkeiten für deren Überwachung festlegen.;Interested-party matrix with needs, obligations and owners | Customer, regulator, worker, community and supplier inputs | Review of changes in relevant expectations;Matice zainteresovaných stran s potřebami, závazky a vlastníky | Vstupy zákazníků, úřadů, pracovníků, komunit a dodavatelů | Přezkum změn relevantních očekávání;Interessentenmatrix mit Bedürfnissen, Verpflichtungen und Verantwortlichen | Eingaben von Kunden, Behörden, Beschäftigten, Öffentlichkeit und Lieferanten | Überprüfung geänderter relevanter Erwartungen;List of parties without deciding which needs are requirements | Customer-specific or legal expectations omitted | No owner or review cycle;Pouhý seznam stran bez určení, které potřeby jsou požadavky | Opomenutí specifických požadavků zákazníků nebo právních požadavků | Chybí vlastník nebo cyklus přezkumu;Liste ohne Entscheidung, welche Bedürfnisse Anforderungen sind | Kunden- oder Rechtsanforderungen fehlen | Kein Verantwortlicher oder Review-Zyklus
14001-4-3;ISO 14001;ISO 14001:2026;4.3;4;high;scope;0;0;Scope of the management system;Rozsah systému managementu;Geltungsbereich des Managementsystems;Define EMS boundaries and applicability considering context, compliance obligations, organizational units, functions, physical boundaries, activities, products, services and authority to control or influence, and make the scope available.;Vymezte hranice a použitelnost EMS s ohledem na kontext, závazné povinnosti, organizační jednotky, funkce, fyzické hranice, činnosti, produkty, služby a pravomoc řídit či ovlivňovat a rozsah zpřístupněte.;Grenzen und Anwendbarkeit des UMS unter Berücksichtigung von Kontext, bindenden Verpflichtungen, Organisationseinheiten, Funktionen, physischen Grenzen, Tätigkeiten, Produkten, Dienstleistungen sowie Steuerungs- oder Einflussmöglichkeiten festlegen und verfügbar machen.;The scope determines what must be implemented and audited. It must match operational reality and must not be used to exclude relevant activities or impacts.;Rozsah určuje, co musí být zavedeno a auditováno. Musí odpovídat provozní realitě a nesmí sloužit k vyloučení relevantních činností nebo dopadů.;Der Geltungsbereich bestimmt, was umgesetzt und auditiert werden muss. Er muss der Betriebsrealität entsprechen und darf relevante Tätigkeiten oder Auswirkungen nicht ausblenden.;Approved scope statement with sites, activities, products and boundaries | Justification of applicability and exclusions where permitted | Consistency between scope, certificates and actual operations;Schválené vymezení rozsahu s lokalitami, činnostmi, produkty a hranicemi | Odůvodnění použitelnosti a povolených výjimek | Soulad mezi rozsahem, certifikáty a skutečnými činnostmi;Freigegebene Geltungsbereichsbeschreibung mit Standorten, Tätigkeiten, Produkten und Grenzen | Begründung von Anwendbarkeit und zulässigen Nichtanwendungen | Übereinstimmung zwischen Geltungsbereich, Zertifikaten und tatsächlichem Betrieb;Scope is broader or narrower than actual control | Sites or activities omitted without justification | Certificate wording differs from operational reality;Rozsah je širší nebo užší než skutečné řízení | Lokality nebo činnosti jsou vynechány bez odůvodnění | Text certifikátu neodpovídá provozní realitě;Geltungsbereich passt nicht zur tatsächlichen Lenkung | Standorte oder Tätigkeiten ohne Begründung ausgelassen | Zertifikatstext entspricht nicht der Betriebsrealität
14001-4-4;ISO 14001;ISO 14001:2026;4.4;4;high;processes;0;0;Environmental management system;Systém environmentálního managementu;Umweltmanagementsystem;Establish, implement, maintain and continually improve the EMS, including the necessary processes, their interactions, criteria, responsibilities, resources and retained evidence.;Zaveďte, uplatňujte, udržujte a neustále zlepšujte EMS, včetně potřebných procesů, jejich vazeb, kritérií, odpovědností, zdrojů a uchovávaných důkazů.;Das UMS einschließlich notwendiger Prozesse, Wechselwirkungen, Kriterien, Verantwortlichkeiten, Ressourcen und aufbewahrter Nachweise einführen, verwirklichen, aufrechterhalten und fortlaufend verbessern.;"A management system is the controlled network of decisions and processes that produces intended results; a collection of documents alone is insufficient.";"Systém managementu je řízená síť rozhodnutí a procesů, která vytváří zamýšlené výsledky; samotná sbírka dokumentů nestačí.";"Ein Managementsystem ist ein gelenktes Netz von Entscheidungen und Prozessen, das beabsichtigte Ergebnisse erzeugt; eine reine Dokumentensammlung genügt nicht.";Process architecture with inputs, outputs, owners and interactions | Criteria, methods, indicators and responsibilities | Records showing processes are controlled and improved;Procesní architektura se vstupy, výstupy, vlastníky a vazbami | Kritéria, metody, ukazatele a odpovědnosti | Záznamy prokazující řízení a zlepšování procesů;Prozessarchitektur mit Eingaben, Ergebnissen, Verantwortlichen und Wechselwirkungen | Kriterien, Methoden, Kennzahlen und Verantwortlichkeiten | Aufzeichnungen zur Lenkung und Verbesserung der Prozesse;Process map exists but owners and interactions are unclear | Indicators do not measure intended results | Outsourced processes are not included;Procesní mapa existuje, ale nejsou jasní vlastníci a vazby | Ukazatele neměří zamýšlené výsledky | Externí procesy nejsou zahrnuty;Prozesskarte ohne klare Verantwortliche und Wechselwirkungen | Kennzahlen messen nicht die beabsichtigten Ergebnisse | Ausgelagerte Prozesse fehlen
14001-5-1;ISO 14001;ISO 14001:2026;5.1;5;high;leadership;1;0;Leadership and commitment;Vedení a závazek;Führung und Verpflichtung;Top management remains accountable for the effectiveness of the EMS, integrates its requirements into business processes, provides resources, supports roles and promotes achievement of intended results and improvement.;Vrcholové vedení zůstává odpovědné za účinnost EMS, integruje jeho požadavky do podnikových procesů, poskytuje zdroje, podporuje role a prosazuje dosažení zamýšlených výsledků a zlepšování.;Die oberste Leitung bleibt für die Wirksamkeit des UMS verantwortlich, integriert Anforderungen in Geschäftsprozesse, stellt Ressourcen bereit, unterstützt Rollen und fördert beabsichtigte Ergebnisse sowie Verbesserung.;Top management should integrate environmental performance, resilience and value-chain considerations into governance and business decisions rather than treating the EMS as a compliance side system.;Vrcholové vedení má integrovat environmentální výkonnost, odolnost a hlediska hodnotového řetězce do řízení a podnikových rozhodnutí, nikoli chápat EMS jako vedlejší systém souladu.;Die oberste Leitung soll Umweltleistung, Resilienz und Wertschöpfungskettenaspekte in Governance und Geschäftsentscheidungen integrieren, statt das UMS als Nebensystem für Compliance zu behandeln.;Management decisions, resource approvals and follow-up | Objectives integrated into business and operational reviews | Visible management participation in audits, reviews and communications;Rozhodnutí vedení, schválení zdrojů a následné sledování | Cíle integrované do obchodních a provozních přezkumů | Viditelná účast vedení na auditech, přezkumech a komunikaci;Managemententscheidungen, Ressourcenfreigaben und Nachverfolgung | Integration der Ziele in Geschäfts- und Betriebsreviews | Sichtbare Beteiligung der Leitung an Audits, Reviews und Kommunikation;System delegated entirely to one coordinator | Objectives and resources not addressed in business decisions | Management cannot explain significant risks or results;Systém je zcela delegován na jednoho koordinátora | Cíle a zdroje nejsou součástí obchodních rozhodnutí | Vedení neumí vysvětlit významná rizika nebo výsledky;System vollständig an einen Koordinator delegiert | Ziele und Ressourcen fehlen in Geschäftsentscheidungen | Leitung kann wesentliche Risiken oder Ergebnisse nicht erläutern
14001-5-2;ISO 14001;ISO 14001:2026;5.2;5;high;policy;0;0;Environmental policy;Environmentální politika;Umweltpolitik;Establish a policy appropriate to purpose, context and environmental impacts that provides a framework for objectives and includes commitments to environmental protection, compliance obligations and continual improvement of the EMS and environmental performance.;Stanovte politiku odpovídající účelu, kontextu a environmentálním dopadům, která poskytuje rámec pro cíle a obsahuje závazky k ochraně životního prostředí, plnění závazných povinností a neustálému zlepšování EMS i environmentální výkonnosti.;Eine zu Zweck, Kontext und Umweltauswirkungen passende Politik festlegen, die den Rahmen für Ziele bildet und Verpflichtungen zu Umweltschutz, Erfüllung bindender Verpflichtungen sowie fortlaufender Verbesserung von UMS und Umweltleistung enthält.;Protection commitments should be relevant to the organization—for example climate mitigation/adaptation, sustainable resource use, pollution prevention, biodiversity or ecosystem protection—and be reflected in priorities.;Závazky k ochraně mají být relevantní pro organizaci, například zmírňování/adaptace na změnu klimatu, udržitelné využívání zdrojů, prevence znečištění, ochrana biodiverzity nebo ekosystémů, a mají se promítnout do priorit.;Schutzverpflichtungen müssen zur Organisation passen, z. B. Klimaschutz/-anpassung, nachhaltige Ressourcennutzung, Vermeidung von Umweltbelastungen, Biodiversitäts- oder Ökosystemschutz, und sich in Prioritäten widerspiegeln.;Current approved policy appropriate to context and purpose | Communication and awareness evidence | Commitments translated into objectives and controls;Aktuální schválená politika odpovídající kontextu a účelu | Důkazy komunikace a povědomí | Převedení závazků do cílů a opatření;Aktuelle, freigegebene und zum Kontext passende Politik | Nachweise zu Kommunikation und Bewusstsein | Überführung der Verpflichtungen in Ziele und Maßnahmen;Generic wording unrelated to risks and direction | Policy posted but not understood | Commitments are not converted into measurable priorities;Obecný text bez vazby na rizika a směřování | Politika je vyvěšena, ale není pochopena | Závazky nejsou převedeny do měřitelných priorit;Allgemeiner Text ohne Bezug zu Risiken und Ausrichtung | Politik ausgehängt, aber nicht verstanden | Verpflichtungen nicht in messbare Prioritäten überführt
14001-5-3;ISO 14001;ISO 14001:2026;5.3;5;medium;roles;0;0;Roles, responsibilities and authorities;Role, odpovědnosti a pravomoci;Rollen, Verantwortlichkeiten und Befugnisse;Assign, communicate and ensure understanding of responsibilities and authorities needed for the EMS, including reporting on performance and maintaining system integrity during change.;Přidělte, komunikujte a zajistěte porozumění odpovědnostem a pravomocem potřebným pro EMS, včetně reportování výkonnosti a zachování integrity systému při změnách.;Erforderliche Verantwortlichkeiten und Befugnisse für das UMS zuweisen, kommunizieren und deren Verständnis sicherstellen, einschließlich Leistungsberichterstattung und Erhalt der Systemintegrität bei Änderungen.;Clear authority prevents gaps, duplication and stalled escalation. Process ownership should include decision rights and accountability for results.;Jasná pravomoc předchází mezerám, duplicitám a zablokované eskalaci. Vlastnictví procesu má zahrnovat rozhodovací práva a odpovědnost za výsledky.;Klare Befugnisse verhindern Lücken, Doppelarbeit und blockierte Eskalationen. Prozessverantwortung umfasst Entscheidungsrechte und Ergebnisverantwortung.;Organization chart, role descriptions and delegated authorities | Named process/system owners and deputies | Evidence that assigned responsibilities are understood and exercised;Organigram, popisy rolí a delegované pravomoci | Jmenovaní vlastníci procesů/systému a zástupci | Důkaz, že přidělené odpovědnosti jsou pochopeny a vykonávány;Organigramm, Rollenbeschreibungen und delegierte Befugnisse | Benannte Prozess-/Systemverantwortliche und Stellvertretungen | Nachweis, dass zugewiesene Verantwortungen verstanden und wahrgenommen werden;Titles exist but decision rights are unclear | Deputies are missing for critical responsibilities | Role descriptions conflict with actual practice;Role existují, ale rozhodovací pravomoci nejsou jasné | Chybí zástupci pro kritické odpovědnosti | Popisy rolí neodpovídají praxi;Rollen vorhanden, aber Entscheidungsbefugnisse unklar | Keine Stellvertretung für kritische Aufgaben | Rollenbeschreibungen widersprechen der Praxis
14001-6-1-1;ISO 14001;ISO 14001:2026;6.1.1;6;high;planning;0;0;Actions addressing risks and opportunities — general;Opatření k řešení rizik a příležitostí — obecně;Maßnahmen zum Umgang mit Risiken und Chancen — Allgemeines;Establish and maintain the planning processes needed to address environmental aspects, compliance obligations, risks and opportunities, considering abnormal conditions and reasonably foreseeable emergencies, and retain necessary evidence.;Zaveďte a udržujte plánovací procesy potřebné k řešení environmentálních aspektů, závazných povinností, rizik a příležitostí s ohledem na abnormální podmínky a rozumně předvídatelné havarijní situace a uchovávejte potřebné důkazy.;Planungsprozesse zur Behandlung von Umweltaspekten, bindenden Verpflichtungen, Risiken und Chancen unter Berücksichtigung abnormaler Bedingungen und vernünftigerweise vorhersehbarer Notfälle einführen und aufrechterhalten sowie notwendige Nachweise aufbewahren.;Clause 6.1 is the planning hub: it links context and obligations to aspects, risks, operational controls, objectives and emergency arrangements.;Článek 6.1 je centrem plánování: propojuje kontext a povinnosti s aspekty, riziky, provozními opatřeními, cíli a havarijní připraveností.;Abschnitt 6.1 ist die Planungsdrehscheibe: Er verbindet Kontext und Verpflichtungen mit Aspekten, Risiken, betrieblichen Kontrollen, Zielen und Notfallvorsorge.;Risk and opportunity register with criteria, actions and owners | Traceability from context/aspects/hazards to controls and objectives | Effectiveness review and residual-risk decisions;Registr rizik a příležitostí s kritérii, opatřeními a vlastníky | Návaznost od kontextu/aspektů/nebezpečí k opatřením a cílům | Přezkum účinnosti a rozhodnutí o zbytkovém riziku;Risiko- und Chancenregister mit Kriterien, Maßnahmen und Verantwortlichen | Rückverfolgbarkeit von Kontext/Aspekten/Gefährdungen zu Maßnahmen und Zielen | Wirksamkeitsprüfung und Entscheidungen zum Restrisiko;Register is a static list with no actions or effectiveness check | Scoring is inconsistent or hides severe risks | Opportunities and systemic risks are ignored;Registr je statický seznam bez opatření a ověření účinnosti | Hodnocení je nekonzistentní nebo skrývá závažná rizika | Příležitosti a systémová rizika jsou opomenuty;Statisches Register ohne Maßnahmen oder Wirksamkeitsprüfung | Inkonsistente Bewertung oder Verdeckung schwerer Risiken | Chancen und systemische Risiken werden ignoriert
14001-6-1-2;ISO 14001;ISO 14001:2026;6.1.2;6;high;aspects;0;0;Environmental aspects;Environmentální aspekty;Umweltaspekte;"Determine environmental aspects and associated impacts of activities, products and services that the organization can control or influence, using a life-cycle perspective and considering normal, abnormal, emergency, change and historical conditions; determine significant aspects and communicate them appropriately.";"Určete environmentální aspekty a související dopady činností, produktů a služeb, které organizace může řídit nebo ovlivňovat, s využitím perspektivy životního cyklu a s ohledem na normální, abnormální, havarijní, změnové a historické podmínky; určete významné aspekty a vhodně je komunikujte.";"Umweltaspekte und zugehörige Auswirkungen von Tätigkeiten, Produkten und Dienstleistungen bestimmen, die die Organisation steuern oder beeinflussen kann, unter Lebenswegperspektive und Berücksichtigung normaler, abnormaler, Notfall-, Änderungs- und historischer Bedingungen; bedeutende Aspekte bestimmen und angemessen kommunizieren.";Aspect evaluation should cover upstream and downstream stages where influence is meaningful: design, procurement, transport, use, service, end of life and external providers—not only site emissions and waste.;Hodnocení aspektů má pokrývat upstream i downstream etapy, kde je vliv významný: návrh, nákup, dopravu, použití, servis, konec životnosti a externí poskytovatele, nikoli pouze emise a odpady lokality.;Die Aspektbewertung umfasst vor- und nachgelagerte Stufen mit relevantem Einfluss: Entwicklung, Beschaffung, Transport, Nutzung, Service, Lebensende und externe Anbieter, nicht nur Standortemissionen und Abfälle.;Risk and opportunity register with criteria, actions and owners | Traceability from context/aspects/hazards to controls and objectives | Effectiveness review and residual-risk decisions;Registr rizik a příležitostí s kritérii, opatřeními a vlastníky | Návaznost od kontextu/aspektů/nebezpečí k opatřením a cílům | Přezkum účinnosti a rozhodnutí o zbytkovém riziku;Risiko- und Chancenregister mit Kriterien, Maßnahmen und Verantwortlichen | Rückverfolgbarkeit von Kontext/Aspekten/Gefährdungen zu Maßnahmen und Zielen | Wirksamkeitsprüfung und Entscheidungen zum Restrisiko;Register is a static list with no actions or effectiveness check | Scoring is inconsistent or hides severe risks | Opportunities and systemic risks are ignored;Registr je statický seznam bez opatření a ověření účinnosti | Hodnocení je nekonzistentní nebo skrývá závažná rizika | Příležitosti a systémová rizika jsou opomenuty;Statisches Register ohne Maßnahmen oder Wirksamkeitsprüfung | Inkonsistente Bewertung oder Verdeckung schwerer Risiken | Chancen und systemische Risiken werden ignoriert
14001-6-1-3;ISO 14001;ISO 14001:2026;6.1.3;6;high;compliance;0;0;Compliance obligations;Závazné povinnosti;Bindende Verpflichtungen;Determine and have access to legal and other obligations related to environmental aspects, determine how they apply, and take them into account when establishing, implementing, maintaining and improving the EMS.;Určete právní a jiné závazné povinnosti související s environmentálními aspekty, zajistěte k nim přístup, stanovte jejich použitelnost a zohledněte je při zavádění, uplatňování, udržování a zlepšování EMS.;Rechtliche und sonstige bindende Verpflichtungen in Bezug auf Umweltaspekte bestimmen und zugänglich machen, ihre Anwendbarkeit festlegen und bei Einführung, Umsetzung, Aufrechterhaltung und Verbesserung des UMS berücksichtigen.;A useful legal register translates each source into concrete site or process duties, owners, evidence, frequency and change monitoring.;Užitečný právní registr převádí každý zdroj do konkrétních povinností pro lokalitu nebo proces, vlastníků, důkazů, četnosti a sledování změn.;Ein wirksames Rechtsregister übersetzt jede Quelle in konkrete Standort- oder Prozesspflichten, Verantwortliche, Nachweise, Häufigkeit und Änderungsüberwachung.;Interested-party matrix with needs, obligations and owners | Customer, regulator, worker, community and supplier inputs | Review of changes in relevant expectations;Matice zainteresovaných stran s potřebami, závazky a vlastníky | Vstupy zákazníků, úřadů, pracovníků, komunit a dodavatelů | Přezkum změn relevantních očekávání;Interessentenmatrix mit Bedürfnissen, Verpflichtungen und Verantwortlichen | Eingaben von Kunden, Behörden, Beschäftigten, Öffentlichkeit und Lieferanten | Überprüfung geänderter relevanter Erwartungen;List of parties without deciding which needs are requirements | Customer-specific or legal expectations omitted | No owner or review cycle;Pouhý seznam stran bez určení, které potřeby jsou požadavky | Opomenutí specifických požadavků zákazníků nebo právních požadavků | Chybí vlastník nebo cyklus přezkumu;Liste ohne Entscheidung, welche Bedürfnisse Anforderungen sind | Kunden- oder Rechtsanforderungen fehlen | Kein Verantwortlicher oder Review-Zyklus
14001-6-1-4;ISO 14001;ISO 14001:2026;6.1.4;6;high;risk;1;0;Environmental risks and opportunities;Environmentální rizika a příležitosti;Umweltbezogene Risiken und Chancen;Determine environmental risks and opportunities that need to be addressed in relation to context, aspects and compliance obligations so the EMS can achieve intended results, prevent undesired effects and enhance environmental performance.;Určete environmentální rizika a příležitosti, které je třeba řešit ve vztahu ke kontextu, aspektům a závazným povinnostem, aby EMS dosahoval zamýšlených výsledků, předcházel nežádoucím účinkům a zvyšoval environmentální výkonnost.;Umweltbezogene Risiken und Chancen bestimmen, die im Zusammenhang mit Kontext, Aspekten und bindenden Verpflichtungen behandelt werden müssen, damit das UMS beabsichtigte Ergebnisse erreicht, unerwünschte Auswirkungen verhindert und die Umweltleistung verbessert.;ISO 14001:2026 gives risks and opportunities a clearer dedicated structure. They are not identical to significant aspects: a compliance change, climate disruption, resource scarcity or reputation issue may be a system risk even without a new aspect.;ISO 14001:2026 dává rizikům a příležitostem jasnější samostatnou strukturu. Nejsou totožné s významnými aspekty: změna povinnosti, klimatické narušení, nedostatek zdrojů nebo reputační téma mohou být systémovým rizikem i bez nového aspektu.;ISO 14001:2026 gibt Risiken und Chancen eine klarere eigene Struktur. Sie sind nicht mit bedeutenden Aspekten identisch: Rechtsänderung, Klimastörung, Ressourcenknappheit oder Reputation können Systemrisiken sein, ohne einen neuen Aspekt darzustellen.;Risk and opportunity register with criteria, actions and owners | Traceability from context/aspects/hazards to controls and objectives | Effectiveness review and residual-risk decisions;Registr rizik a příležitostí s kritérii, opatřeními a vlastníky | Návaznost od kontextu/aspektů/nebezpečí k opatřením a cílům | Přezkum účinnosti a rozhodnutí o zbytkovém riziku;Risiko- und Chancenregister mit Kriterien, Maßnahmen und Verantwortlichen | Rückverfolgbarkeit von Kontext/Aspekten/Gefährdungen zu Maßnahmen und Zielen | Wirksamkeitsprüfung und Entscheidungen zum Restrisiko;Register is a static list with no actions or effectiveness check | Scoring is inconsistent or hides severe risks | Opportunities and systemic risks are ignored;Registr je statický seznam bez opatření a ověření účinnosti | Hodnocení je nekonzistentní nebo skrývá závažná rizika | Příležitosti a systémová rizika jsou opomenuty;Statisches Register ohne Maßnahmen oder Wirksamkeitsprüfung | Inkonsistente Bewertung oder Verdeckung schwerer Risiken | Chancen und systemische Risiken werden ignoriert
14001-6-1-5;ISO 14001;ISO 14001:2026;6.1.5;6;high;planning;1;0;Planning environmental actions;Plánování environmentálních opatření;Planung umweltbezogener Maßnahmen;"Plan actions to address significant aspects, compliance obligations and identified risks and opportunities; integrate actions into EMS and business processes and evaluate their effectiveness, considering technology, finance, operations and business requirements.";"Plánujte opatření k řešení významných aspektů, závazných povinností a identifikovaných rizik a příležitostí; integrujte je do EMS a podnikových procesů a hodnoťte jejich účinnost s ohledem na technologie, finance, provoz a obchodní požadavky.";"Maßnahmen für bedeutende Aspekte, bindende Verpflichtungen sowie identifizierte Risiken und Chancen planen; in UMS und Geschäftsprozesse integrieren und Wirksamkeit unter Berücksichtigung technischer, finanzieller, betrieblicher und geschäftlicher Anforderungen bewerten.";The planning record should show why an action was selected, where it is embedded, how it is resourced and how success will be judged.;Plánovací záznam má ukázat, proč bylo opatření zvoleno, kde je začleněno, jak je zajištěno zdroji a jak se posoudí úspěch.;Der Planungsnachweis soll zeigen, warum eine Maßnahme gewählt, wo sie eingebettet, wie sie ressourciert und wie Erfolg bewertet wird.;Measurable objectives with baseline, target, owner and deadline | Action plans with resources, milestones and evaluation method | Regular status review and escalation when off track;Měřitelné cíle s výchozím stavem, cílovou hodnotou, vlastníkem a termínem | Akční plány se zdroji, milníky a metodou hodnocení | Pravidelné přezkoumání stavu a eskalace při odchylce;Messbare Ziele mit Ausgangswert, Zielwert, Verantwortlichem und Termin | Aktionspläne mit Ressourcen, Meilensteinen und Bewertungsmethode | Regelmäßige Statusbewertung und Eskalation bei Abweichung;Activity stated as an objective without measurable outcome | No baseline, owner, deadline or resources | Missed targets are reported but not acted upon;Činnost je uvedena jako cíl bez měřitelného výsledku | Chybí výchozí stav, vlastník, termín nebo zdroje | Nesplněné cíle jsou hlášeny bez opatření;Tätigkeit statt messbarem Ergebnis als Ziel | Kein Ausgangswert, Verantwortlicher, Termin oder Ressourcen | Verfehlte Ziele ohne Maßnahmen
14001-6-2-1;ISO 14001;ISO 14001:2026;6.2.1;6;high;objectives;0;0;Environmental objectives;Environmentální cíle;Umweltziele;"Establish environmental objectives at relevant functions and levels, considering significant aspects, compliance obligations and risks/opportunities; make them consistent with policy, measurable if practicable, monitored, communicated and updated.";"Stanovte environmentální cíle na relevantních funkcích a úrovních s ohledem na významné aspekty, závazné povinnosti a rizika/příležitosti; zajistěte soulad s politikou, měřitelnost pokud je praktická, monitorování, komunikaci a aktualizaci.";"Umweltziele für relevante Funktionen und Ebenen unter Berücksichtigung bedeutender Aspekte, bindender Verpflichtungen und Risiken/Chancen festlegen; mit Politik abstimmen, soweit praktikabel messbar machen, überwachen, kommunizieren und aktualisieren.";Objectives translate policy and significant risks into controlled outcomes. A target needs a baseline, metric and governance, not merely an activity.;Cíle převádějí politiku a významná rizika do řízených výsledků. Cíl potřebuje výchozí stav, ukazatel a řízení, nikoli jen popis činnosti.;Ziele übertragen Politik und wesentliche Risiken in gelenkte Ergebnisse. Ein Ziel benötigt Ausgangswert, Kennzahl und Steuerung, nicht nur eine Tätigkeit.;Measurable objectives with baseline, target, owner and deadline | Action plans with resources, milestones and evaluation method | Regular status review and escalation when off track;Měřitelné cíle s výchozím stavem, cílovou hodnotou, vlastníkem a termínem | Akční plány se zdroji, milníky a metodou hodnocení | Pravidelné přezkoumání stavu a eskalace při odchylce;Messbare Ziele mit Ausgangswert, Zielwert, Verantwortlichem und Termin | Aktionspläne mit Ressourcen, Meilensteinen und Bewertungsmethode | Regelmäßige Statusbewertung und Eskalation bei Abweichung;Activity stated as an objective without measurable outcome | No baseline, owner, deadline or resources | Missed targets are reported but not acted upon;Činnost je uvedena jako cíl bez měřitelného výsledku | Chybí výchozí stav, vlastník, termín nebo zdroje | Nesplněné cíle jsou hlášeny bez opatření;Tätigkeit statt messbarem Ergebnis als Ziel | Kein Ausgangswert, Verantwortlicher, Termin oder Ressourcen | Verfehlte Ziele ohne Maßnahmen
14001-6-2-2;ISO 14001;ISO 14001:2026;6.2.2;6;high;objectives;0;0;Planning actions to achieve environmental objectives;Plánování opatření k dosažení environmentálních cílů;Planung von Maßnahmen zur Erreichung der Umweltziele;For each objective, define what will be done, required resources, responsibility, completion date and how results will be evaluated and integrated into business processes.;Pro každý cíl určete, co bude provedeno, potřebné zdroje, odpovědnost, termín dokončení a způsob hodnocení výsledků i integrace do podnikových procesů.;Für jedes Ziel festlegen, was getan wird, welche Ressourcen erforderlich sind, wer verantwortlich ist, wann es abgeschlossen wird und wie Ergebnisse bewertet und in Geschäftsprozesse integriert werden.;An objective without a delivery plan is an intention. Milestones, resources and an evaluation method make accountability auditable.;Cíl bez realizačního plánu je pouze záměr. Milníky, zdroje a metoda hodnocení činí odpovědnost auditovatelnou.;Ein Ziel ohne Umsetzungsplan bleibt Absicht. Meilensteine, Ressourcen und Bewertungsmethode machen Verantwortlichkeit auditierbar.;Measurable objectives with baseline, target, owner and deadline | Action plans with resources, milestones and evaluation method | Regular status review and escalation when off track;Měřitelné cíle s výchozím stavem, cílovou hodnotou, vlastníkem a termínem | Akční plány se zdroji, milníky a metodou hodnocení | Pravidelné přezkoumání stavu a eskalace při odchylce;Messbare Ziele mit Ausgangswert, Zielwert, Verantwortlichem und Termin | Aktionspläne mit Ressourcen, Meilensteinen und Bewertungsmethode | Regelmäßige Statusbewertung und Eskalation bei Abweichung;Activity stated as an objective without measurable outcome | No baseline, owner, deadline or resources | Missed targets are reported but not acted upon;Činnost je uvedena jako cíl bez měřitelného výsledku | Chybí výchozí stav, vlastník, termín nebo zdroje | Nesplněné cíle jsou hlášeny bez opatření;Tätigkeit statt messbarem Ergebnis als Ziel | Kein Ausgangswert, Verantwortlicher, Termin oder Ressourcen | Verfehlte Ziele ohne Maßnahmen
14001-6-3;ISO 14001;ISO 14001:2026;6.3;6;high;change;1;0;Planning and managing EMS changes;Plánování a řízení změn EMS;Planung und Management von UMS-Änderungen;Carry out changes to the EMS in a planned manner, considering purpose, consequences, system integrity, resources, responsibilities and necessary controls.;Provádějte změny EMS plánovaným způsobem s ohledem na účel, důsledky, integritu systému, zdroje, odpovědnosti a potřebná opatření.;Änderungen am UMS geplant durchführen und Zweck, Folgen, Systemintegrität, Ressourcen, Verantwortlichkeiten und notwendige Kontrollen berücksichtigen.;Change management prevents a local improvement from creating a new system weakness. It should cover organizational, process, product, technology, legal and emergency changes.;Řízení změn zabraňuje tomu, aby místní zlepšení vytvořilo novou systémovou slabinu. Má pokrývat organizační, procesní, produktové, technologické, právní i havarijní změny.;Änderungsmanagement verhindert, dass lokale Verbesserungen neue Systemschwächen erzeugen. Es umfasst organisatorische, prozessuale, produktbezogene, technische, rechtliche und Notfalländerungen.;Change request and impact/risk assessment | Approval, communication, implementation and validation records | Post-implementation review and update of affected documents;Požadavek na změnu a posouzení dopadů/rizik | Záznamy o schválení, komunikaci, zavedení a validaci | Následný přezkum a aktualizace dotčených dokumentů;Änderungsantrag und Auswirkungs-/Risikobewertung | Nachweise zu Freigabe, Kommunikation, Umsetzung und Validierung | Nachbewertung und Aktualisierung betroffener Dokumente;Changes implemented before risk assessment or approval | Temporary changes become permanent without validation | Affected documents, competence or controls are not updated;Změny jsou zavedeny před posouzením rizik nebo schválením | Dočasné změny se stanou trvalými bez validace | Dotčené dokumenty, kompetence nebo opatření nejsou aktualizovány;Änderungen vor Risikobewertung oder Freigabe umgesetzt | Temporäre Änderungen ohne Validierung dauerhaft | Betroffene Dokumente, Kompetenzen oder Kontrollen nicht aktualisiert
14001-7-1;ISO 14001;ISO 14001:2026;7.1;7;medium;resources;0;0;Resources;Zdroje;Ressourcen;Determine and provide the people, infrastructure, tools, information and financial resources needed to establish, operate, maintain and improve the EMS.;Určete a poskytujte lidi, infrastrukturu, nástroje, informace a finanční zdroje potřebné k zavedení, provozu, udržování a zlepšování EMS.;Personal, Infrastruktur, Werkzeuge, Informationen und finanzielle Ressourcen bestimmen und bereitstellen, die für Einführung, Betrieb, Aufrechterhaltung und Verbesserung des UMS erforderlich sind.;Resource adequacy is judged against risks, workload and intended results. Persistent overload or unavailable tools are system issues, not individual shortcomings.;Přiměřenost zdrojů se posuzuje vůči rizikům, pracovní zátěži a zamýšleným výsledkům. Trvalé přetížení nebo chybějící nástroje jsou systémovým problémem, ne selháním jednotlivce.;Ressourcenangemessenheit wird an Risiken, Arbeitslast und beabsichtigten Ergebnissen gemessen. Dauerhafte Überlastung oder fehlende Werkzeuge sind Systemprobleme, keine individuellen Fehler.;Resource plan and budget decisions | Capacity, staffing, infrastructure and tool assessments | Evidence that resource gaps are addressed;Plán zdrojů a rozpočtová rozhodnutí | Posouzení kapacit, personálu, infrastruktury a nástrojů | Důkaz řešení nedostatků zdrojů;Ressourcenplan und Budgetentscheidungen | Bewertung von Kapazität, Personal, Infrastruktur und Werkzeugen | Nachweis zur Behebung von Ressourcenlücken;Resource needs are assumed rather than evaluated | Capacity constraints are accepted without risk control | Tools or infrastructure are unavailable or unreliable;Potřeby zdrojů jsou předpokládány místo hodnocení | Kapacitní omezení jsou přijata bez řízení rizika | Nástroje nebo infrastruktura nejsou dostupné či spolehlivé;Ressourcenbedarf wird angenommen statt bewertet | Kapazitätsengpässe ohne Risikosteuerung akzeptiert | Werkzeuge oder Infrastruktur fehlen bzw. sind unzuverlässig
14001-7-2;ISO 14001;ISO 14001:2026;7.2;7;high;competence;0;0;Competence;Kompetence;Kompetenz;"Determine competence for persons whose work can affect environmental performance or compliance, ensure competence and evaluate actions, and retain evidence; include relevant climate, life-cycle, technical and legal capability where needed.";"Určete kompetence osob, jejichž práce může ovlivnit environmentální výkonnost nebo soulad, zajistěte kompetentnost a vyhodnocujte opatření a uchovávejte důkazy; podle potřeby zahrňte klimatické, životní-cyklusové, technické a právní schopnosti.";"Kompetenz von Personen bestimmen, deren Arbeit Umweltleistung oder Compliance beeinflussen kann, Kompetenz sicherstellen, Maßnahmen bewerten und Nachweise aufbewahren; bei Bedarf Klima-, Lebensweg-, technische und rechtliche Fähigkeiten einbeziehen.";Competence is demonstrated capability, not attendance. Evaluation should match the risk and complexity of the task.;Kompetence je prokázaná schopnost, nikoli účast na školení. Hodnocení má odpovídat riziku a složitosti úkolu.;Kompetenz ist nachgewiesene Fähigkeit, nicht bloße Teilnahme. Die Bewertung muss Risiko und Komplexität der Aufgabe entsprechen.;Competence matrix and role-specific requirements | Training, qualification and experience records | Evaluation of training effectiveness and authorization;Matice kompetencí a požadavky pro jednotlivé role | Záznamy o školení, kvalifikaci a zkušenostech | Hodnocení účinnosti školení a oprávnění;Kompetenzmatrix und rollenspezifische Anforderungen | Schulungs-, Qualifikations- und Erfahrungsnachweise | Bewertung der Schulungswirksamkeit und Freigabe;Attendance is treated as proof of competence | Competence criteria are not role specific | Expired qualifications or unauthorized work;Účast na školení je považována za důkaz kompetence | Kritéria kompetence nejsou specifická pro roli | Propadlé kvalifikace nebo práce bez oprávnění;Teilnahme gilt fälschlich als Kompetenznachweis | Kompetenzkriterien nicht rollenspezifisch | Abgelaufene Qualifikationen oder nicht autorisierte Tätigkeiten
14001-7-3;ISO 14001;ISO 14001:2026;7.3;7;medium;awareness;0;0;Awareness;Povědomí;Bewusstsein;Ensure awareness of environmental policy, significant aspects and impacts related to work, contribution to EMS effectiveness and environmental performance, and consequences of not fulfilling requirements including compliance obligations.;Zajistěte povědomí o environmentální politice, významných aspektech a dopadech souvisejících s prací, přínosu k účinnosti EMS a environmentální výkonnosti a důsledcích nesplnění požadavků včetně závazných povinností.;Bewusstsein für Umweltpolitik, arbeitsbezogene bedeutende Aspekte und Auswirkungen, Beitrag zur UMS-Wirksamkeit und Umweltleistung sowie Folgen der Nichterfüllung einschließlich bindender Verpflichtungen sicherstellen.;Awareness is tested through behavior and interviews at the point of work. People should know what matters in their role and what to do when control is lost.;Povědomí se ověřuje chováním a rozhovory přímo na pracovišti. Lidé mají vědět, co je v jejich roli důležité a co dělat při ztrátě řízení.;Bewusstsein wird durch Verhalten und Interviews am Arbeitsplatz geprüft. Personen müssen wissen, was in ihrer Rolle wichtig ist und was bei Kontrollverlust zu tun ist.;Interviews demonstrating understanding of policy, risks and contribution | Induction, toolbox talk or campaign records | Evidence personnel understand consequences of nonconformity;Rozhovory prokazující porozumění politice, rizikům a vlastnímu přínosu | Záznamy z nástupních školení, toolbox talků nebo kampaní | Důkaz porozumění důsledkům neshody;Interviews zum Verständnis von Politik, Risiken und eigenem Beitrag | Nachweise aus Unterweisungen, Toolbox Talks oder Kampagnen | Nachweis zum Verständnis der Folgen von Nichtkonformität;Personnel can repeat slogans but not their own controls | Consequences of nonconformity are unknown | Contractors and temporary workers are excluded;Pracovníci opakují slogany, ale neznají vlastní opatření | Neznají důsledky neshody | Dodavatelé a dočasní pracovníci jsou vynecháni;Beschäftigte kennen Slogans, aber nicht ihre Kontrollen | Folgen der Nichtkonformität unbekannt | Fremd- und Zeitarbeitende ausgeschlossen
14001-7-4-1;ISO 14001;ISO 14001:2026;7.4.1;7;medium;communication;0;0;Communication — general;Komunikace — obecně;Kommunikation — Allgemeines;Establish and maintain communication processes covering what, when, with whom and how to communicate, considering compliance obligations and ensuring communicated environmental information is reliable and consistent with EMS information.;Zaveďte a udržujte komunikační procesy určující co, kdy, s kým a jak komunikovat s ohledem na závazné povinnosti a zajistěte spolehlivost a konzistenci environmentálních informací s informacemi EMS.;Kommunikationsprozesse zu Was, Wann, Mit wem und Wie einführen und aufrechterhalten, bindende Verpflichtungen berücksichtigen und sicherstellen, dass Umweltinformationen zuverlässig und mit UMS-Informationen konsistent sind.;Communication is a controlled process when accuracy, timing or commitments matter. The organization should be able to show both outgoing and incoming communication trails.;Komunikace je řízeným procesem, pokud záleží na správnosti, načasování nebo závazcích. Organizace má umět doložit odchozí i příchozí komunikační stopu.;Kommunikation ist ein gelenkter Prozess, wenn Richtigkeit, Zeitpunkt oder Verpflichtungen relevant sind. Ausgehende und eingehende Kommunikationswege müssen nachweisbar sein.;Communication matrix defining what, when, with whom, how and by whom | Examples of internal and external communications | Controls for accuracy, consistency and response;Komunikační matice určující co, kdy, s kým, jak a kým | Příklady interní a externí komunikace | Opatření pro správnost, konzistenci a reakci;Kommunikationsmatrix zu Was, Wann, Mit wem, Wie und Durch wen | Beispiele interner und externer Kommunikation | Kontrollen für Richtigkeit, Konsistenz und Reaktion;Communication is informal and responsibilities are unclear | External statements are not verified | No mechanism to receive, record and respond;Komunikace je neformální a odpovědnosti nejsou jasné | Externí sdělení nejsou ověřována | Chybí mechanismus pro příjem, záznam a reakci;Informelle Kommunikation mit unklaren Verantwortungen | Externe Aussagen nicht verifiziert | Kein Mechanismus für Eingang, Aufzeichnung und Reaktion
14001-7-4-2;ISO 14001;ISO 14001:2026;7.4.2;7;medium;communication;0;0;Internal communication;Interní komunikace;Interne Kommunikation;Communicate relevant information within functions and levels, including changes, and enable persons to contribute to system improvement.;Komunikujte relevantní informace napříč funkcemi a úrovněmi, včetně změn, a umožněte osobám přispívat ke zlepšování systému.;Relevante Informationen einschließlich Änderungen zwischen Funktionen und Ebenen kommunizieren und Personen Beiträge zur Systemverbesserung ermöglichen.;Internal communication should connect decisions with action at the point of work and provide a route for feedback and escalation.;Interní komunikace má propojit rozhodnutí s činností na pracovišti a poskytovat cestu pro zpětnou vazbu a eskalaci.;Interne Kommunikation verbindet Entscheidungen mit Handlungen am Arbeitsplatz und bietet Wege für Feedback und Eskalation.;Communication matrix defining what, when, with whom, how and by whom | Examples of internal and external communications | Controls for accuracy, consistency and response;Komunikační matice určující co, kdy, s kým, jak a kým | Příklady interní a externí komunikace | Opatření pro správnost, konzistenci a reakci;Kommunikationsmatrix zu Was, Wann, Mit wem, Wie und Durch wen | Beispiele interner und externer Kommunikation | Kontrollen für Richtigkeit, Konsistenz und Reaktion;Communication is informal and responsibilities are unclear | External statements are not verified | No mechanism to receive, record and respond;Komunikace je neformální a odpovědnosti nejsou jasné | Externí sdělení nejsou ověřována | Chybí mechanismus pro příjem, záznam a reakci;Informelle Kommunikation mit unklaren Verantwortungen | Externe Aussagen nicht verifiziert | Kein Mechanismus für Eingang, Aufzeichnung und Reaktion
14001-7-4-3;ISO 14001;ISO 14001:2026;7.4.3;7;medium;communication;0;0;External communication;Externí komunikace;Externe Kommunikation;Operate the planned process for external communication and ensure communicated information is reliable, consistent and responsive to applicable obligations.;Uplatňujte plánovaný proces externí komunikace a zajistěte, aby sdělované informace byly spolehlivé, konzistentní a odpovídaly použitelným závazkům.;Den geplanten Prozess für externe Kommunikation anwenden und sicherstellen, dass kommunizierte Informationen zuverlässig, konsistent und mit geltenden Verpflichtungen vereinbar sind.;External statements can create legal, contractual and reputational commitments. Approval and factual verification are therefore important controls.;Externí sdělení mohou vytvářet právní, smluvní a reputační závazky. Schválení a faktické ověření jsou proto důležitými opatřeními.;Externe Aussagen können rechtliche, vertragliche und reputationsbezogene Verpflichtungen schaffen. Freigabe und Faktenprüfung sind daher wichtige Kontrollen.;Communication matrix defining what, when, with whom, how and by whom | Examples of internal and external communications | Controls for accuracy, consistency and response;Komunikační matice určující co, kdy, s kým, jak a kým | Příklady interní a externí komunikace | Opatření pro správnost, konzistenci a reakci;Kommunikationsmatrix zu Was, Wann, Mit wem, Wie und Durch wen | Beispiele interner und externer Kommunikation | Kontrollen für Richtigkeit, Konsistenz und Reaktion;Communication is informal and responsibilities are unclear | External statements are not verified | No mechanism to receive, record and respond;Komunikace je neformální a odpovědnosti nejsou jasné | Externí sdělení nejsou ověřována | Chybí mechanismus pro příjem, záznam a reakci;Informelle Kommunikation mit unklaren Verantwortungen | Externe Aussagen nicht verifiziert | Kein Mechanismus für Eingang, Aufzeichnung und Reaktion
14001-7-5-1;ISO 14001;ISO 14001:2026;7.5.1;7;medium;documents;0;0;Documented information — general;Dokumentované informace — obecně;Dokumentierte Information — Allgemeines;Maintain documented information required by the standard and determined necessary for effective operation, and retain evidence needed to demonstrate results.;Udržujte dokumentované informace požadované normou a určené jako nezbytné pro účinný provoz a uchovávejte důkazy potřebné k prokázání výsledků.;Von der Norm geforderte und für den wirksamen Betrieb als notwendig bestimmte dokumentierte Information aufrechterhalten sowie Nachweise der Ergebnisse aufbewahren.;The amount and form of documentation should fit risk, complexity and competence. The test is whether people can work consistently and evidence can be retrieved.;Rozsah a forma dokumentace mají odpovídat riziku, složitosti a kompetenci. Testem je konzistentní práce a dohledatelnost důkazů.;Umfang und Form der Dokumentation müssen zu Risiko, Komplexität und Kompetenz passen. Entscheidend sind konsistente Arbeit und auffindbare Nachweise.;Controlled procedures, forms and records with owner and revision | Approval, access, retention and obsolete-version controls | Evidence external documents are identified and current;Řízené postupy, formuláře a záznamy s vlastníkem a revizí | Řízení schválení, přístupu, uchování a neplatných verzí | Důkaz identifikace a aktuálnosti externích dokumentů;Gelenkte Verfahren, Formulare und Aufzeichnungen mit Verantwortlichem und Revision | Freigabe-, Zugriffs-, Aufbewahrungs- und Altversionslenkung | Nachweis zur Identifizierung und Aktualität externer Dokumente;Obsolete instructions remain at the workplace | Records are editable, incomplete or not retrievable | External specifications and laws are not controlled;Na pracovišti zůstávají neplatné instrukce | Záznamy jsou editovatelné, neúplné nebo nedohledatelné | Externí specifikace a právní předpisy nejsou řízeny;Veraltete Anweisungen am Arbeitsplatz | Aufzeichnungen veränderbar, unvollständig oder nicht auffindbar | Externe Spezifikationen und Gesetze nicht gelenkt
14001-7-5-2;ISO 14001;ISO 14001:2026;7.5.2;7;medium;documents;0;0;Creating and updating documented information;Vytváření a aktualizace dokumentovaných informací;Erstellen und Aktualisieren dokumentierter Information;When documents are created or updated, ensure suitable identification, format, review and approval for adequacy.;Při vytváření nebo aktualizaci dokumentů zajistěte vhodnou identifikaci, formát, přezkoumání a schválení přiměřenosti.;Beim Erstellen oder Aktualisieren geeignete Kennzeichnung, Format, Prüfung und Freigabe auf Angemessenheit sicherstellen.;A controlled document has a clear owner, status and authorized content. Digital workflows should preserve the same controls as paper systems.;Řízený dokument má jasného vlastníka, stav a autorizovaný obsah. Digitální workflow musí zachovat stejné principy jako papírový systém.;Ein gelenktes Dokument hat eindeutigen Verantwortlichen, Status und autorisierten Inhalt. Digitale Workflows müssen dieselben Kontrollen wie Papierlösungen sicherstellen.;Controlled procedures, forms and records with owner and revision | Approval, access, retention and obsolete-version controls | Evidence external documents are identified and current;Řízené postupy, formuláře a záznamy s vlastníkem a revizí | Řízení schválení, přístupu, uchování a neplatných verzí | Důkaz identifikace a aktuálnosti externích dokumentů;Gelenkte Verfahren, Formulare und Aufzeichnungen mit Verantwortlichem und Revision | Freigabe-, Zugriffs-, Aufbewahrungs- und Altversionslenkung | Nachweis zur Identifizierung und Aktualität externer Dokumente;Obsolete instructions remain at the workplace | Records are editable, incomplete or not retrievable | External specifications and laws are not controlled;Na pracovišti zůstávají neplatné instrukce | Záznamy jsou editovatelné, neúplné nebo nedohledatelné | Externí specifikace a právní předpisy nejsou řízeny;Veraltete Anweisungen am Arbeitsplatz | Aufzeichnungen veränderbar, unvollständig oder nicht auffindbar | Externe Spezifikationen und Gesetze nicht gelenkt
14001-7-5-3;ISO 14001;ISO 14001:2026;7.5.3;7;high;documents;0;0;Control of documented information;Řízení dokumentovaných informací;Lenkung dokumentierter Information;Control availability, protection, distribution, access, retrieval, use, storage, preservation, change, retention and disposition, including relevant external documents.;Řiďte dostupnost, ochranu, distribuci, přístup, dohledání, použití, ukládání, zachování, změny, dobu uchování a likvidaci, včetně relevantních externích dokumentů.;Verfügbarkeit, Schutz, Verteilung, Zugriff, Auffindbarkeit, Verwendung, Speicherung, Erhaltung, Änderung, Aufbewahrung und Verfügung einschließlich relevanter externer Dokumente lenken.;Control must make the right information available where needed while protecting integrity, confidentiality and traceability.;Řízení musí zajistit dostupnost správné informace tam, kde je potřeba, a současně chránit integritu, důvěrnost a sledovatelnost.;Lenkung stellt die richtige Information am benötigten Ort bereit und schützt gleichzeitig Integrität, Vertraulichkeit und Rückverfolgbarkeit.;Controlled procedures, forms and records with owner and revision | Approval, access, retention and obsolete-version controls | Evidence external documents are identified and current;Řízené postupy, formuláře a záznamy s vlastníkem a revizí | Řízení schválení, přístupu, uchování a neplatných verzí | Důkaz identifikace a aktuálnosti externích dokumentů;Gelenkte Verfahren, Formulare und Aufzeichnungen mit Verantwortlichem und Revision | Freigabe-, Zugriffs-, Aufbewahrungs- und Altversionslenkung | Nachweis zur Identifizierung und Aktualität externer Dokumente;Obsolete instructions remain at the workplace | Records are editable, incomplete or not retrievable | External specifications and laws are not controlled;Na pracovišti zůstávají neplatné instrukce | Záznamy jsou editovatelné, neúplné nebo nedohledatelné | Externí specifikace a právní předpisy nejsou řízeny;Veraltete Anweisungen am Arbeitsplatz | Aufzeichnungen veränderbar, unvollständig oder nicht auffindbar | Externe Spezifikationen und Gesetze nicht gelenkt
14001-8-1;ISO 14001;ISO 14001:2026;8.1;8;high;operation;1;0;Operational planning and control;Plánování a řízení provozu;Betriebliche Planung und Steuerung;"Establish and control operating criteria for processes needed to meet EMS requirements and planned actions; control planned and unintended changes and relevant externally provided processes, products and services, using a life-cycle perspective across design, procurement, provision, transport/use and end-of-life information where the organization can control or influence.";"Stanovte a řiďte provozní kritéria pro procesy potřebné ke splnění požadavků EMS a plánovaných opatření; řiďte plánované i neúmyslné změny a relevantní externě poskytované procesy, produkty a služby s využitím perspektivy životního cyklu v návrhu, nákupu, poskytování, dopravě/použití a informacích o konci životnosti tam, kde organizace může řídit nebo ovlivňovat.";"Betriebskriterien für Prozesse zur Erfüllung von UMS-Anforderungen und geplanten Maßnahmen festlegen und steuern; geplante und unbeabsichtigte Änderungen sowie relevante extern bereitgestellte Prozesse, Produkte und Dienstleistungen unter Lebenswegperspektive in Entwicklung, Beschaffung, Bereitstellung, Transport/Nutzung und End-of-Life-Informationen lenken, soweit die Organisation steuern oder beeinflussen kann.";ISO 14001:2026 broadens attention from narrowly outsourced processes to all relevant external provision and value-chain influence. Controls must be defined, communicated and evidenced.;ISO 14001:2026 rozšiřuje pozornost z úzce chápaných outsourcovaných procesů na veškeré relevantní externí zajištění a vliv v hodnotovém řetězci. Opatření musí být definována, komunikována a doložena.;ISO 14001:2026 erweitert den Blick von eng verstandenen ausgelagerten Prozessen auf relevante externe Bereitstellung und Einfluss in der Wertschöpfungskette. Kontrollen müssen definiert, kommuniziert und belegt sein.;Process controls, work instructions, acceptance criteria and records | Controls for planned changes and outsourced/external provision | Evidence controls are implemented at the point of work;Procesní opatření, pracovní instrukce, přejímací kritéria a záznamy | Řízení plánovaných změn a externě poskytovaných činností | Důkaz zavedení opatření přímo na pracovišti;Prozesslenkungen, Arbeitsanweisungen, Annahmekriterien und Aufzeichnungen | Lenkung geplanter Änderungen und extern bereitgestellter Tätigkeiten | Nachweis der Umsetzung am Ort der Tätigkeit;Controls exist in documents but are not used at the point of work | Acceptance criteria are subjective | External providers are assumed to control risks themselves;Opatření jsou v dokumentech, ale nepoužívají se na pracovišti | Přejímací kritéria jsou subjektivní | Předpokládá se, že externí poskytovatel řídí rizika sám;Kontrollen nur dokumentiert, nicht am Arbeitsplatz angewendet | Subjektive Annahmekriterien | Externe Anbieter sollen Risiken angeblich selbst lenken
14001-8-2;ISO 14001;ISO 14001:2026;8.2;8;high;emergency;0;0;Emergency preparedness and response;Havarijní připravenost a reakce;Notfallvorsorge und Gefahrenabwehr;Prepare for and respond to potential environmental emergencies, plan actions to prevent or mitigate adverse impacts, respond to actual events, periodically test and review arrangements, revise after events/tests and provide relevant information and training.;Připravujte se na možné environmentální havárie a reagujte na ně, plánujte opatření k prevenci nebo zmírnění nepříznivých dopadů, reagujte na skutečné události, pravidelně testujte a přezkoumávejte opatření, revidujte je po událostech/zkouškách a poskytujte relevantní informace a školení.;Auf potenzielle Umwelt-Notfälle vorbereiten und reagieren, Maßnahmen zur Vermeidung oder Minderung nachteiliger Auswirkungen planen, auf tatsächliche Ereignisse reagieren, Vorkehrungen regelmäßig testen und überprüfen, nach Ereignissen/Tests überarbeiten sowie relevante Information und Schulung bereitstellen.;Scenarios should reflect climate-related extremes, utilities loss, fire water, spills, emissions, waste, transport and external emergency interfaces where relevant.;Scénáře mají podle relevance zahrnovat klimatické extrémy, výpadky médií, požární vodu, úniky, emise, odpady, dopravu a vazby na externí složky.;Szenarien sollen soweit relevant Klimaextreme, Versorgungsausfall, Löschwasser, Leckagen, Emissionen, Abfälle, Transport und externe Notfallschnittstellen abdecken.;Process controls, work instructions, acceptance criteria and records | Controls for planned changes and outsourced/external provision | Evidence controls are implemented at the point of work;Procesní opatření, pracovní instrukce, přejímací kritéria a záznamy | Řízení plánovaných změn a externě poskytovaných činností | Důkaz zavedení opatření přímo na pracovišti;Prozesslenkungen, Arbeitsanweisungen, Annahmekriterien und Aufzeichnungen | Lenkung geplanter Änderungen und extern bereitgestellter Tätigkeiten | Nachweis der Umsetzung am Ort der Tätigkeit;Controls exist in documents but are not used at the point of work | Acceptance criteria are subjective | External providers are assumed to control risks themselves;Opatření jsou v dokumentech, ale nepoužívají se na pracovišti | Přejímací kritéria jsou subjektivní | Předpokládá se, že externí poskytovatel řídí rizika sám;Kontrollen nur dokumentiert, nicht am Arbeitsplatz angewendet | Subjektive Annahmekriterien | Externe Anbieter sollen Risiken angeblich selbst lenken
14001-9-1-1;ISO 14001;ISO 14001:2026;9.1.1;9;high;monitoring;0;0;Monitoring, measurement, analysis and evaluation — environmental performance;Monitorování, měření, analýza a hodnocení — environmentální výkonnost;Überwachung, Messung, Analyse und Bewertung — Umweltleistung;"Monitor, measure, analyze and evaluate environmental performance and EMS effectiveness; define what, methods, criteria, timing and evaluation, ensure calibrated/verified equipment where appropriate, evaluate results, communicate relevant performance and retain evidence.";"Monitorujte, měřte, analyzujte a vyhodnocujte environmentální výkonnost a účinnost EMS; určete co, metody, kritéria, načasování a hodnocení, podle potřeby zajistěte kalibrované/ověřené vybavení, vyhodnocujte výsledky, komunikujte relevantní výkonnost a uchovávejte důkazy.";"Umweltleistung und UMS-Wirksamkeit überwachen, messen, analysieren und bewerten; Was, Methoden, Kriterien, Zeitpunkte und Bewertung festlegen, geeignete kalibrierte/verifizierte Ausrüstung sicherstellen, Ergebnisse bewerten, relevante Leistung kommunizieren und Nachweise aufbewahren.";Measurement is useful only when definitions are stable, data quality is controlled and results trigger decisions. Trend and leading indicators often reveal issues earlier than totals.;Měření je užitečné pouze při stabilních definicích, řízené kvalitě dat a navazujících rozhodnutích. Trendy a předstihové ukazatele často odhalí problém dříve než souhrnné hodnoty.;Messung ist nur nützlich bei stabilen Definitionen, gelenkter Datenqualität und daraus folgenden Entscheidungen. Trends und Frühindikatoren zeigen Probleme oft früher als Summenwerte.;Monitoring plan with methods, frequency, criteria and responsibilities | Verified data, trends, dashboards and analysis | Actions triggered by adverse trends or missed targets;Plán monitorování s metodami, četností, kritérii a odpovědnostmi | Ověřená data, trendy, dashboardy a analýzy | Opatření vyvolaná nepříznivými trendy nebo nesplněnými cíli;Überwachungsplan mit Methoden, Häufigkeit, Kriterien und Verantwortlichkeiten | Verifizierte Daten, Trends, Dashboards und Analysen | Maßnahmen bei negativen Trends oder verfehlten Zielen;Data are collected without defined decisions or criteria | Poor data quality, missing calibration or inconsistent formulas | Trends are reported without corrective action;Data jsou sbírána bez definovaných rozhodnutí nebo kritérií | Nízká kvalita dat, chybějící kalibrace nebo nekonzistentní výpočty | Trendy jsou hlášeny bez nápravného opatření;Datenerfassung ohne definierte Entscheidungen oder Kriterien | Schlechte Datenqualität, fehlende Kalibrierung oder inkonsistente Formeln | Trends ohne Korrekturmaßnahmen
14001-9-1-2;ISO 14001;ISO 14001:2026;9.1.2;9;high;compliance;0;0;Evaluation of compliance;Hodnocení souladu;Bewertung der Einhaltung von Verpflichtungen;Establish and maintain a process to evaluate fulfilment of applicable legal and other compliance obligations, define frequency, act on results and retain knowledge and evidence of status.;Zaveďte a udržujte proces hodnocení plnění použitelných právních a jiných závazných povinností, určete četnost, reagujte na výsledky a uchovávejte znalost i důkazy o stavu souladu.;Einen Prozess zur Bewertung der Erfüllung geltender rechtlicher und sonstiger Verpflichtungen einführen und aufrechterhalten, Häufigkeit bestimmen, auf Ergebnisse reagieren und Wissen sowie Nachweise zum Status aufbewahren.;"A legal register identifies obligations; compliance evaluation tests actual fulfilment. Sampling should cover permits, operational conditions, reporting and emerging changes.";"Právní registr identifikuje povinnosti; hodnocení souladu ověřuje jejich skutečné plnění. Vzorkování má pokrývat povolení, provozní podmínky, hlášení i nové změny.";"Ein Rechtsregister identifiziert Verpflichtungen; die Compliance-Bewertung prüft deren tatsächliche Erfüllung. Stichproben umfassen Genehmigungen, Betriebsauflagen, Meldungen und neue Änderungen.";Monitoring plan with methods, frequency, criteria and responsibilities | Verified data, trends, dashboards and analysis | Actions triggered by adverse trends or missed targets;Plán monitorování s metodami, četností, kritérii a odpovědnostmi | Ověřená data, trendy, dashboardy a analýzy | Opatření vyvolaná nepříznivými trendy nebo nesplněnými cíli;Überwachungsplan mit Methoden, Häufigkeit, Kriterien und Verantwortlichkeiten | Verifizierte Daten, Trends, Dashboards und Analysen | Maßnahmen bei negativen Trends oder verfehlten Zielen;Data are collected without defined decisions or criteria | Poor data quality, missing calibration or inconsistent formulas | Trends are reported without corrective action;Data jsou sbírána bez definovaných rozhodnutí nebo kritérií | Nízká kvalita dat, chybějící kalibrace nebo nekonzistentní výpočty | Trendy jsou hlášeny bez nápravného opatření;Datenerfassung ohne definierte Entscheidungen oder Kriterien | Schlechte Datenqualität, fehlende Kalibrierung oder inkonsistente Formeln | Trends ohne Korrekturmaßnahmen
14001-9-2-1;ISO 14001;ISO 14001:2026;9.2.1;9;high;audit;0;0;Internal audit — general;Interní audit — obecně;Internes Audit — Allgemeines;Conduct internal audits at planned intervals to determine conformity with the organization’s own requirements and the applicable standard and to evaluate effective implementation and maintenance.;Provádějte interní audity v plánovaných intervalech pro určení shody s vlastními požadavky organizace a použitelnou normou a pro hodnocení účinného zavedení a udržování.;Interne Audits in geplanten Abständen durchführen, um Konformität mit eigenen Anforderungen und der anwendbaren Norm sowie wirksame Umsetzung und Aufrechterhaltung zu bewerten.;An internal audit should test process effectiveness and evidence, not only clause wording. It is an independent management assurance activity.;Interní audit má ověřovat účinnost procesů a důkazy, nikoli pouze text článků. Jde o nezávislou ujišťovací činnost pro vedení.;Ein internes Audit prüft Prozesswirksamkeit und Nachweise, nicht nur Normformulierungen. Es ist eine unabhängige Sicherungsaktivität für die Leitung.;Risk-based audit programme, plans, objectives, criteria and scope | Competent and impartial auditors | Reports, findings, actions and effectiveness follow-up;Program auditů založený na rizicích, plány, cíle, kritéria a rozsah | Kompetentní a nestranní auditoři | Zprávy, zjištění, opatření a následné ověření účinnosti;Risikobasiertes Auditprogramm, Pläne, Ziele, Kriterien und Umfang | Kompetente und unparteiische Auditoren | Berichte, Feststellungen, Maßnahmen und Wirksamkeitsnachverfolgung;Checklist-only audits without process trails or sampling | Auditors review their own work | Findings are closed administratively without effectiveness evidence;Audit pouze podle checklistu bez procesních stop a vzorkování | Auditoři auditují vlastní práci | Zjištění jsou administrativně uzavřena bez důkazu účinnosti;Reine Checklisten-Audits ohne Prozesspfade oder Stichproben | Auditoren prüfen eigene Arbeit | Feststellungen administrativ ohne Wirksamkeitsnachweis geschlossen
14001-9-2-2;ISO 14001;ISO 14001:2026;9.2.2;9;high;audit;1;0;Internal audit programme;Program interních auditů;Internes Auditprogramm;"Maintain an internal audit programme based on environmental importance, organizational changes and previous results; for each audit define objectives, criteria and scope, select impartial competent auditors, report results and ensure timely correction and corrective action.";"Udržujte program interních auditů založený na environmentálním významu, organizačních změnách a předchozích výsledcích; pro každý audit určete cíle, kritéria a rozsah, vyberte nestranné kompetentní auditory, reportujte výsledky a zajistěte včasnou opravu a nápravná opatření.";"Ein internes Auditprogramm auf Grundlage von Umweltbedeutung, Organisationsänderungen und früheren Ergebnissen aufrechterhalten; für jedes Audit Ziele, Kriterien und Umfang festlegen, unparteiische kompetente Auditoren auswählen, Ergebnisse berichten und rechtzeitige Korrektur sowie Korrekturmaßnahmen sicherstellen.";Audit frequency and depth should be risk based. The programme is effective when it identifies emerging weaknesses early and drives verified correction.;Četnost a hloubka auditů mají vycházet z rizik. Program je účinný, pokud včas odhaluje vznikající slabiny a vede k ověřené nápravě.;Häufigkeit und Tiefe der Audits sollen risikobasiert sein. Das Programm ist wirksam, wenn es entstehende Schwächen früh erkennt und verifizierte Korrektur bewirkt.;Risk-based audit programme, plans, objectives, criteria and scope | Competent and impartial auditors | Reports, findings, actions and effectiveness follow-up;Program auditů založený na rizicích, plány, cíle, kritéria a rozsah | Kompetentní a nestranní auditoři | Zprávy, zjištění, opatření a následné ověření účinnosti;Risikobasiertes Auditprogramm, Pläne, Ziele, Kriterien und Umfang | Kompetente und unparteiische Auditoren | Berichte, Feststellungen, Maßnahmen und Wirksamkeitsnachverfolgung;Checklist-only audits without process trails or sampling | Auditors review their own work | Findings are closed administratively without effectiveness evidence;Audit pouze podle checklistu bez procesních stop a vzorkování | Auditoři auditují vlastní práci | Zjištění jsou administrativně uzavřena bez důkazu účinnosti;Reine Checklisten-Audits ohne Prozesspfade oder Stichproben | Auditoren prüfen eigene Arbeit | Feststellungen administrativ ohne Wirksamkeitsnachweis geschlossen
14001-9-3-1;ISO 14001;ISO 14001:2026;9.3.1;9;high;review;1;0;Management review — general;Přezkoumání vedením — obecně;Managementbewertung — Allgemeines;Top management reviews the EMS at planned intervals to ensure continuing suitability, adequacy, effectiveness and alignment with strategic direction.;Vrcholové vedení přezkoumává EMS v plánovaných intervalech, aby zajistilo jeho trvalou vhodnost, přiměřenost, účinnost a soulad se strategickým směřováním.;Die oberste Leitung bewertet das UMS in geplanten Abständen, um fortdauernde Eignung, Angemessenheit, Wirksamkeit und Ausrichtung an der strategischen Richtung sicherzustellen.;Management review is the system’s governance decision point. It should integrate performance, risks, resources and business changes rather than merely present data.;Přezkoumání vedením je rozhodovacím bodem řízení systému. Má integrovat výkonnost, rizika, zdroje a obchodní změny, nikoli pouze prezentovat data.;Die Managementbewertung ist der Governance-Entscheidungspunkt des Systems. Sie integriert Leistung, Risiken, Ressourcen und Geschäftsänderungen statt nur Daten zu präsentieren.;Management-review agenda covering required inputs | Data-based conclusions, decisions, actions, owners and resources | Minutes and follow-up showing closure and strategic integration;Program přezkoumání vedením pokrývající požadované vstupy | Závěry založené na datech, rozhodnutí, opatření, vlastníci a zdroje | Zápis a následné sledování prokazující uzavření a strategickou integraci;Managementreview-Agenda mit erforderlichen Eingaben | Datenbasierte Schlussfolgerungen, Entscheidungen, Maßnahmen, Verantwortliche und Ressourcen | Protokoll und Nachverfolgung mit Abschluss und strategischer Integration;Meeting is a presentation rather than a decision-making review | Required inputs are missing or stale | Outputs have no owner, deadline or resource decision;Jednání je prezentací místo rozhodovacího přezkumu | Požadované vstupy chybí nebo jsou zastaralé | Výstupy nemají vlastníka, termín nebo rozhodnutí o zdrojích;Meeting als Präsentation statt Entscheidungsreview | Erforderliche Eingaben fehlen oder sind veraltet | Ergebnisse ohne Verantwortlichen, Termin oder Ressourcenentscheidung
14001-9-3-2;ISO 14001;ISO 14001:2026;9.3.2;9;high;review;1;0;Management review inputs;Vstupy přezkoumání vedením;Eingaben der Managementbewertung;Ensure the review considers status of previous actions, context and stakeholder changes, performance trends, objective achievement, audit results, compliance, resources, risks, opportunities and improvement information relevant to the standard.;Zajistěte, aby přezkum zohlednil stav předchozích opatření, změny kontextu a zainteresovaných stran, trendy výkonnosti, plnění cílů, výsledky auditů, soulad, zdroje, rizika, příležitosti a informace o zlepšování relevantní pro normu.;Sicherstellen, dass der Review Status früherer Maßnahmen, Kontext- und Interessentenänderungen, Leistungstrends, Zielerreichung, Auditergebnisse, Compliance, Ressourcen, Risiken, Chancen und relevante Verbesserungsinformationen berücksichtigt.;Complete and current inputs allow top management to make evidence-based decisions. Each input should lead to a conclusion, not simply a slide.;Úplné a aktuální vstupy umožňují vrcholovému vedení rozhodovat na základě důkazů. Každý vstup má vést k závěru, nikoli pouze ke slidu.;Vollständige und aktuelle Eingaben ermöglichen evidenzbasierte Entscheidungen. Jede Eingabe soll zu einer Schlussfolgerung führen, nicht nur zu einer Folie.;Management-review agenda covering required inputs | Data-based conclusions, decisions, actions, owners and resources | Minutes and follow-up showing closure and strategic integration;Program přezkoumání vedením pokrývající požadované vstupy | Závěry založené na datech, rozhodnutí, opatření, vlastníci a zdroje | Zápis a následné sledování prokazující uzavření a strategickou integraci;Managementreview-Agenda mit erforderlichen Eingaben | Datenbasierte Schlussfolgerungen, Entscheidungen, Maßnahmen, Verantwortliche und Ressourcen | Protokoll und Nachverfolgung mit Abschluss und strategischer Integration;Meeting is a presentation rather than a decision-making review | Required inputs are missing or stale | Outputs have no owner, deadline or resource decision;Jednání je prezentací místo rozhodovacího přezkumu | Požadované vstupy chybí nebo jsou zastaralé | Výstupy nemají vlastníka, termín nebo rozhodnutí o zdrojích;Meeting als Präsentation statt Entscheidungsreview | Erforderliche Eingaben fehlen oder sind veraltet | Ergebnisse ohne Verantwortlichen, Termin oder Ressourcenentscheidung
14001-9-3-3;ISO 14001;ISO 14001:2026;9.3.3;9;high;review;1;0;Management review results and outputs;Výsledky a výstupy přezkoumání vedením;Ergebnisse der Managementbewertung;Document conclusions and decisions on continuing suitability, improvement opportunities, system changes, resources, actions for unmet objectives and implications for strategic direction.;Dokumentujte závěry a rozhodnutí o trvalé vhodnosti, příležitostech ke zlepšení, změnách systému, zdrojích, opatřeních k nesplněným cílům a dopadech na strategické směřování.;Schlussfolgerungen und Entscheidungen zu fortdauernder Eignung, Verbesserungsmöglichkeiten, Systemänderungen, Ressourcen, Maßnahmen bei verfehlten Zielen und Auswirkungen auf die strategische Richtung dokumentieren.;A review is complete only when decisions are translated into owned, resourced and tracked actions or explicit conclusions that no action is required.;Přezkum je úplný pouze tehdy, když jsou rozhodnutí převedena do vlastněných, zajištěných a sledovaných opatření nebo do výslovného závěru, že opatření není potřebné.;Ein Review ist erst vollständig, wenn Entscheidungen in verantwortete, ressourcierte und verfolgte Maßnahmen oder in eine ausdrückliche Schlussfolgerung ohne Handlungsbedarf überführt sind.;Management-review agenda covering required inputs | Data-based conclusions, decisions, actions, owners and resources | Minutes and follow-up showing closure and strategic integration;Program přezkoumání vedením pokrývající požadované vstupy | Závěry založené na datech, rozhodnutí, opatření, vlastníci a zdroje | Zápis a následné sledování prokazující uzavření a strategickou integraci;Managementreview-Agenda mit erforderlichen Eingaben | Datenbasierte Schlussfolgerungen, Entscheidungen, Maßnahmen, Verantwortliche und Ressourcen | Protokoll und Nachverfolgung mit Abschluss und strategischer Integration;Meeting is a presentation rather than a decision-making review | Required inputs are missing or stale | Outputs have no owner, deadline or resource decision;Jednání je prezentací místo rozhodovacího přezkumu | Požadované vstupy chybí nebo jsou zastaralé | Výstupy nemají vlastníka, termín nebo rozhodnutí o zdrojích;Meeting als Präsentation statt Entscheidungsreview | Erforderliche Eingaben fehlen oder sind veraltet | Ergebnisse ohne Verantwortlichen, Termin oder Ressourcenentscheidung
14001-10-1;ISO 14001;ISO 14001:2026;10.1;10;medium;improvement;1;0;Continual improvement of EMS and environmental performance;Neustálé zlepšování EMS a environmentální výkonnosti;Fortlaufende Verbesserung von UMS und Umweltleistung;Continually improve the suitability, adequacy and effectiveness of the EMS to enhance environmental performance, using evaluation results, nonconformities, corrective actions and management decisions.;Neustále zlepšujte vhodnost, přiměřenost a účinnost EMS za účelem zvyšování environmentální výkonnosti s využitím výsledků hodnocení, neshod, nápravných opatření a rozhodnutí vedení.;Eignung, Angemessenheit und Wirksamkeit des UMS fortlaufend verbessern, um die Umweltleistung zu steigern, unter Nutzung von Bewertungsergebnissen, Nichtkonformitäten, Korrekturmaßnahmen und Managemententscheidungen.;Continual improvement is a sustained pattern demonstrated by trend, learning and system adaptation, not a requirement that every indicator improves every period.;"Neustálé zlepšování je dlouhodobý vzorec prokázaný trendem, učením a přizpůsobováním systému; neznamená, že se každý ukazatel musí zlepšit v každém období.";"Fortlaufende Verbesserung ist ein nachhaltiges Muster aus Trend, Lernen und Systemanpassung; nicht jede Kennzahl muss sich in jeder Periode verbessern.";Improvement pipeline linked to data, audits, risks and lessons learned | Prioritized projects with benefits and owners | Evidence of sustained performance improvement;Zásobník zlepšení propojený s daty, audity, riziky a lessons learned | Prioritizované projekty s přínosy a vlastníky | Důkaz trvalého zlepšování výkonnosti;Verbesserungsportfolio aus Daten, Audits, Risiken und Lessons Learned | Priorisierte Projekte mit Nutzen und Verantwortlichen | Nachweis nachhaltiger Leistungsverbesserung;Only reactive corrective actions are called improvement | Projects are not linked to measurable benefits | Lessons learned are not deployed elsewhere;Za zlepšování jsou považována pouze reaktivní nápravná opatření | Projekty nejsou propojeny s měřitelnými přínosy | Lessons learned nejsou přeneseny jinam;Nur reaktive Korrekturmaßnahmen gelten als Verbesserung | Projekte ohne messbaren Nutzen | Lessons Learned werden nicht übertragen
14001-10-2;ISO 14001;ISO 14001:2026;10.2;10;high;capa;0;0;Nonconformity and corrective action;Neshoda a nápravné opatření;Nichtkonformität und Korrekturmaßnahmen;"When an environmental nonconformity occurs, react and control it, correct it, address consequences including mitigation of adverse impacts, evaluate causes and similar conditions, implement action, review effectiveness and update the EMS; retain evidence.";"Při environmentální neshodě reagujte a řiďte ji, opravte ji, řešte důsledky včetně zmírnění nepříznivých dopadů, vyhodnoťte příčiny a obdobné podmínky, zaveďte opatření, ověřte účinnost a aktualizujte EMS; uchovávejte důkazy.";"Bei einer Umwelt-Nichtkonformität reagieren und sie beherrschen, korrigieren, Folgen einschließlich Minderung nachteiliger Auswirkungen behandeln, Ursachen und ähnliche Bedingungen bewerten, Maßnahmen umsetzen, Wirksamkeit prüfen und das UMS anpassen; Nachweise aufbewahren.";"Correction restores the immediate condition; corrective action removes or controls the cause to prevent recurrence. Effectiveness must be demonstrated after sufficient time and exposure.";"Oprava obnovuje okamžitý stav; nápravné opatření odstraňuje nebo řídí příčinu, aby se zabránilo opakování. Účinnost musí být prokázána po dostatečné době a expozici.";"Korrektur stellt den unmittelbaren Zustand wieder her; Korrekturmaßnahme beseitigt oder beherrscht die Ursache zur Vermeidung des Wiederauftretens. Wirksamkeit muss nach ausreichender Zeit und Exposition belegt werden.";Nonconformity/incident record with containment and correction | Root-cause analysis proportionate to risk | Corrective action, effectiveness verification and systemic update;Záznam neshody/incidentu s omezením dopadu a opravou | Analýza kořenové příčiny přiměřená riziku | Nápravné opatření, ověření účinnosti a systémová aktualizace;Nichtkonformitäts-/Ereignisnachweis mit Eindämmung und Korrektur | Risikogerechte Ursachenanalyse | Korrekturmaßnahme, Wirksamkeitsprüfung und systemische Anpassung;Correction is mistaken for corrective action | Root cause is superficial or blame based | Effectiveness is checked too early or not at all;Oprava je zaměněna za nápravné opatření | Kořenová příčina je povrchní nebo založená na obviňování | Účinnost je ověřena příliš brzy nebo vůbec;Korrektur wird mit Korrekturmaßnahme verwechselt | Oberflächliche oder schuldorientierte Ursachenanalyse | Wirksamkeit zu früh oder gar nicht geprüft
45001-4-1;ISO 45001;ISO 45001:2018 + Amd 1:2024;4.1;4;high;context;0;0;Understanding the organization and its context;Porozumění organizaci a jejímu kontextu;Verstehen der Organisation und ihres Kontextes;Identify internal and external issues that can affect the ability of the OH&S MS to achieve its intended results, keep the analysis current and determine whether climate change is relevant.;Určete vnitřní a vnější okolnosti, které mohou ovlivnit schopnost Systém BOZP dosahovat zamýšlených výsledků, udržujte analýzu aktuální a stanovte relevanci změny klimatu.;"Interne und externe Themen bestimmen, die die Fähigkeit des SGA-MS zur Erreichung seiner beabsichtigten Ergebnisse beeinflussen können; die Analyse aktuell halten und die Relevanz des Klimawandels beurteilen.";Context is a decision input, not a stand-alone SWOT. It should shape scope, risks, objectives, controls, resources and management review.;Kontext je vstupem pro rozhodování, nikoli samostatnou SWOT. Má ovlivňovat rozsah, rizika, cíle, opatření, zdroje a přezkoumání vedením.;Der Kontext ist eine Entscheidungsgrundlage, keine isolierte SWOT. Er soll Geltungsbereich, Risiken, Ziele, Kontrollen, Ressourcen und Managementreview beeinflussen.;Context/SWOT/PESTLE register linked to strategic risks | Documented conclusion on climate-change relevance | Evidence of periodic and event-driven review;Registr kontextu/SWOT/PESTLE propojený se strategickými riziky | Zdokumentovaný závěr o relevanci změny klimatu | Důkaz pravidelného i událostmi vyvolaného přezkumu;Kontext-/SWOT-/PESTLE-Register mit Verknüpfung zu strategischen Risiken | Dokumentierte Schlussfolgerung zur Relevanz des Klimawandels | Nachweis regelmäßiger und anlassbezogener Überprüfung;Generic SWOT with no link to the management system | Climate relevance not concluded | Analysis not updated after significant change;Obecná SWOT bez vazby na systém managementu | Chybí závěr o relevanci klimatu | Analýza není aktualizována po významné změně;Allgemeine SWOT ohne Bezug zum Managementsystem | Keine Schlussfolgerung zur Klimarelevanz | Keine Aktualisierung nach wesentlichen Änderungen
45001-4-2;ISO 45001;ISO 45001:2018 + Amd 1:2024;4.2;4;high;stakeholders;0;0;Needs and expectations of interested parties;Potřeby a očekávání zainteresovaných stran;Erfordernisse und Erwartungen interessierter Parteien;Identify workers and other relevant interested parties, their needs and expectations, determine which are legal and other requirements for the OH&S MS, and monitor changes, including relevant climate-related expectations.;Určete pracovníky a další relevantní zainteresované strany, jejich potřeby a očekávání, stanovte, které jsou právními a jinými požadavky pro systém BOZP, a sledujte změny včetně relevantních klimatických očekávání.;Beschäftigte und andere relevante interessierte Parteien sowie deren Erfordernisse und Erwartungen bestimmen, festlegen, welche zu rechtlichen und anderen Anforderungen an das SGA-MS werden, und Änderungen einschließlich relevanter klimabezogener Erwartungen überwachen.;The organization must distinguish general interest from binding, contractual or strategically adopted requirements and assign ownership for monitoring them.;Organizace musí odlišit obecný zájem od závazných, smluvních nebo strategicky přijatých požadavků a určit odpovědnost za jejich sledování.;Die Organisation muss allgemeine Interessen von verbindlichen, vertraglichen oder strategisch übernommenen Anforderungen unterscheiden und Verantwortlichkeiten für deren Überwachung festlegen.;Interested-party matrix with needs, obligations and owners | Customer, regulator, worker, community and supplier inputs | Review of changes in relevant expectations;Matice zainteresovaných stran s potřebami, závazky a vlastníky | Vstupy zákazníků, úřadů, pracovníků, komunit a dodavatelů | Přezkum změn relevantních očekávání;Interessentenmatrix mit Bedürfnissen, Verpflichtungen und Verantwortlichen | Eingaben von Kunden, Behörden, Beschäftigten, Öffentlichkeit und Lieferanten | Überprüfung geänderter relevanter Erwartungen;List of parties without deciding which needs are requirements | Customer-specific or legal expectations omitted | No owner or review cycle;Pouhý seznam stran bez určení, které potřeby jsou požadavky | Opomenutí specifických požadavků zákazníků nebo právních požadavků | Chybí vlastník nebo cyklus přezkumu;Liste ohne Entscheidung, welche Bedürfnisse Anforderungen sind | Kunden- oder Rechtsanforderungen fehlen | Kein Verantwortlicher oder Review-Zyklus
45001-4-3;ISO 45001;ISO 45001:2018 + Amd 1:2024;4.3;4;high;scope;0;0;Scope of the management system;Rozsah systému managementu;Geltungsbereich des Managementsystems;"Define OH&S MS boundaries and applicability considering context, worker and interested-party requirements, planned and performed work-related activities, products and services, and control or influence; include activities that can affect OH&S performance and make the scope available.";"Vymezte hranice a použitelnost systému BOZP s ohledem na kontext, požadavky pracovníků a zainteresovaných stran, plánované i vykonávané pracovní činnosti, produkty a služby a možnost řídit či ovlivňovat; zahrňte činnosti, které mohou ovlivnit výkonnost BOZP, a rozsah zpřístupněte.";"Grenzen und Anwendbarkeit des SGA-MS unter Berücksichtigung von Kontext, Anforderungen von Beschäftigten und interessierten Parteien, geplanten und ausgeführten arbeitsbezogenen Tätigkeiten, Produkten und Dienstleistungen sowie Steuerungs- oder Einflussmöglichkeiten festlegen; Tätigkeiten mit Einfluss auf SGA-Leistung einbeziehen und Umfang verfügbar machen.";The scope determines what must be implemented and audited. It must match operational reality and must not be used to exclude relevant activities or impacts.;Rozsah určuje, co musí být zavedeno a auditováno. Musí odpovídat provozní realitě a nesmí sloužit k vyloučení relevantních činností nebo dopadů.;Der Geltungsbereich bestimmt, was umgesetzt und auditiert werden muss. Er muss der Betriebsrealität entsprechen und darf relevante Tätigkeiten oder Auswirkungen nicht ausblenden.;Approved scope statement with sites, activities, products and boundaries | Justification of applicability and exclusions where permitted | Consistency between scope, certificates and actual operations;Schválené vymezení rozsahu s lokalitami, činnostmi, produkty a hranicemi | Odůvodnění použitelnosti a povolených výjimek | Soulad mezi rozsahem, certifikáty a skutečnými činnostmi;Freigegebene Geltungsbereichsbeschreibung mit Standorten, Tätigkeiten, Produkten und Grenzen | Begründung von Anwendbarkeit und zulässigen Nichtanwendungen | Übereinstimmung zwischen Geltungsbereich, Zertifikaten und tatsächlichem Betrieb;Scope is broader or narrower than actual control | Sites or activities omitted without justification | Certificate wording differs from operational reality;Rozsah je širší nebo užší než skutečné řízení | Lokality nebo činnosti jsou vynechány bez odůvodnění | Text certifikátu neodpovídá provozní realitě;Geltungsbereich passt nicht zur tatsächlichen Lenkung | Standorte oder Tätigkeiten ohne Begründung ausgelassen | Zertifikatstext entspricht nicht der Betriebsrealität
45001-4-4;ISO 45001;ISO 45001:2018 + Amd 1:2024;4.4;4;high;processes;0;0;OH&S management system;Systém managementu BOZP;Managementsystem für Sicherheit und Gesundheit bei der Arbeit;Establish, implement, maintain and continually improve the OH&S MS, including the necessary processes, their interactions, criteria, responsibilities, resources and retained evidence.;Zaveďte, uplatňujte, udržujte a neustále zlepšujte Systém BOZP, včetně potřebných procesů, jejich vazeb, kritérií, odpovědností, zdrojů a uchovávaných důkazů.;Das SGA-MS einschließlich notwendiger Prozesse, Wechselwirkungen, Kriterien, Verantwortlichkeiten, Ressourcen und aufbewahrter Nachweise einführen, verwirklichen, aufrechterhalten und fortlaufend verbessern.;"A management system is the controlled network of decisions and processes that produces intended results; a collection of documents alone is insufficient.";"Systém managementu je řízená síť rozhodnutí a procesů, která vytváří zamýšlené výsledky; samotná sbírka dokumentů nestačí.";"Ein Managementsystem ist ein gelenktes Netz von Entscheidungen und Prozessen, das beabsichtigte Ergebnisse erzeugt; eine reine Dokumentensammlung genügt nicht.";Process architecture with inputs, outputs, owners and interactions | Criteria, methods, indicators and responsibilities | Records showing processes are controlled and improved;Procesní architektura se vstupy, výstupy, vlastníky a vazbami | Kritéria, metody, ukazatele a odpovědnosti | Záznamy prokazující řízení a zlepšování procesů;Prozessarchitektur mit Eingaben, Ergebnissen, Verantwortlichen und Wechselwirkungen | Kriterien, Methoden, Kennzahlen und Verantwortlichkeiten | Aufzeichnungen zur Lenkung und Verbesserung der Prozesse;Process map exists but owners and interactions are unclear | Indicators do not measure intended results | Outsourced processes are not included;Procesní mapa existuje, ale nejsou jasní vlastníci a vazby | Ukazatele neměří zamýšlené výsledky | Externí procesy nejsou zahrnuty;Prozesskarte ohne klare Verantwortliche und Wechselwirkungen | Kennzahlen messen nicht die beabsichtigten Ergebnisse | Ausgelagerte Prozesse fehlen
45001-5-1;ISO 45001;ISO 45001:2018 + Amd 1:2024;5.1;5;high;leadership;0;0;Leadership and commitment;Vedení a závazek;Führung und Verpflichtung;Top management is accountable for preventing work-related injury and ill health, providing safe and healthy workplaces, integrating OH&S requirements, eliminating hazards and reducing risks, supporting consultation and participation, protecting workers from reprisals and promoting continual improvement.;Vrcholové vedení odpovídá za prevenci pracovních úrazů a poškození zdraví, poskytování bezpečných a zdravých pracovišť, integraci požadavků BOZP, odstraňování nebezpečí a snižování rizik, podporu konzultace a účasti, ochranu pracovníků před odvetou a neustálé zlepšování.;Die oberste Leitung ist verantwortlich für die Verhütung arbeitsbedingter Verletzungen und Erkrankungen, sichere und gesunde Arbeitsplätze, Integration von SGA-Anforderungen, Beseitigung von Gefährdungen und Verringerung von Risiken, Unterstützung von Konsultation und Beteiligung, Schutz vor Benachteiligung und fortlaufende Verbesserung.;Accountability cannot be delegated to the management-system coordinator. Auditors look for decisions, trade-offs and visible involvement by top management.;Odpovědnost nelze delegovat na koordinátora systému. Auditoři hledají rozhodnutí, řešení střetů priorit a viditelnou účast vrcholového vedení.;Verantwortung kann nicht an den Managementsystem-Koordinator delegiert werden. Auditoren erwarten Entscheidungen, Prioritätenabwägungen und sichtbare Beteiligung der obersten Leitung.;Management decisions, resource approvals and follow-up | Objectives integrated into business and operational reviews | Visible management participation in audits, reviews and communications;Rozhodnutí vedení, schválení zdrojů a následné sledování | Cíle integrované do obchodních a provozních přezkumů | Viditelná účast vedení na auditech, přezkumech a komunikaci;Managemententscheidungen, Ressourcenfreigaben und Nachverfolgung | Integration der Ziele in Geschäfts- und Betriebsreviews | Sichtbare Beteiligung der Leitung an Audits, Reviews und Kommunikation;System delegated entirely to one coordinator | Objectives and resources not addressed in business decisions | Management cannot explain significant risks or results;Systém je zcela delegován na jednoho koordinátora | Cíle a zdroje nejsou součástí obchodních rozhodnutí | Vedení neumí vysvětlit významná rizika nebo výsledky;System vollständig an einen Koordinator delegiert | Ziele und Ressourcen fehlen in Geschäftsentscheidungen | Leitung kann wesentliche Risiken oder Ergebnisse nicht erläutern
45001-5-2;ISO 45001;ISO 45001:2018 + Amd 1:2024;5.2;5;high;policy;0;0;OH&S policy;Politika BOZP;SGA-Politik;Establish a policy appropriate to purpose, size, context and OH&S risks/opportunities that commits to safe and healthy working conditions, legal and other requirements, elimination of hazards and reduction of risks, continual improvement, and worker consultation and participation.;Stanovte politiku odpovídající účelu, velikosti, kontextu a rizikům/příležitostem BOZP, která obsahuje závazek k bezpečným a zdravým pracovním podmínkám, plnění právních a jiných požadavků, odstraňování nebezpečí a snižování rizik, neustálému zlepšování a konzultaci a účasti pracovníků.;Eine zu Zweck, Größe, Kontext und SGA-Risiken/-Chancen passende Politik festlegen, mit Verpflichtungen zu sicheren und gesunden Arbeitsbedingungen, Erfüllung rechtlicher und anderer Anforderungen, Beseitigung von Gefährdungen und Verringerung von Risiken, fortlaufender Verbesserung sowie Konsultation und Beteiligung der Beschäftigten.;The policy should make worker protection and participation visible in management decisions and operational priorities, not merely state zero-accident aspirations.;Politika má zviditelnit ochranu pracovníků a jejich účast v rozhodnutích vedení a provozních prioritách, nikoli pouze deklarovat nulovou úrazovost.;Die Politik soll Schutz und Beteiligung der Beschäftigten in Managemententscheidungen und betrieblichen Prioritäten sichtbar machen, nicht nur Null-Unfall-Ziele erklären.;Current approved policy appropriate to context and purpose | Communication and awareness evidence | Commitments translated into objectives and controls;Aktuální schválená politika odpovídající kontextu a účelu | Důkazy komunikace a povědomí | Převedení závazků do cílů a opatření;Aktuelle, freigegebene und zum Kontext passende Politik | Nachweise zu Kommunikation und Bewusstsein | Überführung der Verpflichtungen in Ziele und Maßnahmen;Generic wording unrelated to risks and direction | Policy posted but not understood | Commitments are not converted into measurable priorities;Obecný text bez vazby na rizika a směřování | Politika je vyvěšena, ale není pochopena | Závazky nejsou převedeny do měřitelných priorit;Allgemeiner Text ohne Bezug zu Risiken und Ausrichtung | Politik ausgehängt, aber nicht verstanden | Verpflichtungen nicht in messbare Prioritäten überführt
45001-5-3;ISO 45001;ISO 45001:2018 + Amd 1:2024;5.3;5;medium;roles;0;0;Roles, responsibilities and authorities;Role, odpovědnosti a pravomoci;Rollen, Verantwortlichkeiten und Befugnisse;"Assign and communicate OH&S responsibilities and authorities while recognizing that each worker remains responsible for aspects under their control; assign responsibility for conformity and performance reporting.";"Přidělte a komunikujte odpovědnosti a pravomoci BOZP s uznáním, že každý pracovník zůstává odpovědný za aspekty pod svou kontrolou; přidělte odpovědnost za shodu a reportování výkonnosti.";"SGA-Verantwortlichkeiten und Befugnisse zuweisen und kommunizieren, wobei jeder Beschäftigte für Aspekte unter seiner Kontrolle verantwortlich bleibt; Verantwortung für Konformität und Leistungsberichterstattung zuweisen.";Clear authority prevents gaps, duplication and stalled escalation. Process ownership should include decision rights and accountability for results.;Jasná pravomoc předchází mezerám, duplicitám a zablokované eskalaci. Vlastnictví procesu má zahrnovat rozhodovací práva a odpovědnost za výsledky.;Klare Befugnisse verhindern Lücken, Doppelarbeit und blockierte Eskalationen. Prozessverantwortung umfasst Entscheidungsrechte und Ergebnisverantwortung.;Organization chart, role descriptions and delegated authorities | Named process/system owners and deputies | Evidence that assigned responsibilities are understood and exercised;Organigram, popisy rolí a delegované pravomoci | Jmenovaní vlastníci procesů/systému a zástupci | Důkaz, že přidělené odpovědnosti jsou pochopeny a vykonávány;Organigramm, Rollenbeschreibungen und delegierte Befugnisse | Benannte Prozess-/Systemverantwortliche und Stellvertretungen | Nachweis, dass zugewiesene Verantwortungen verstanden und wahrgenommen werden;Titles exist but decision rights are unclear | Deputies are missing for critical responsibilities | Role descriptions conflict with actual practice;Role existují, ale rozhodovací pravomoci nejsou jasné | Chybí zástupci pro kritické odpovědnosti | Popisy rolí neodpovídají praxi;Rollen vorhanden, aber Entscheidungsbefugnisse unklar | Keine Stellvertretung für kritische Aufgaben | Rollenbeschreibungen widersprechen der Praxis
45001-5-4;ISO 45001;ISO 45001:2018 + Amd 1:2024;5.4;5;high;workers;0;0;Consultation and participation of workers;Konzultace a účast pracovníků;Konsultation und Beteiligung der Beschäftigten;"Establish, implement and maintain processes for consultation and participation of workers at all relevant levels and functions, with emphasis on non-managerial workers; provide time, training and resources, timely access to information, remove barriers and protect participation.";"Zaveďte, uplatňujte a udržujte procesy konzultace a účasti pracovníků na všech relevantních úrovních a funkcích se zvláštním důrazem na nevedoucí pracovníky; poskytujte čas, školení a zdroje, včasný přístup k informacím, odstraňujte překážky a chraňte účast.";"Prozesse zur Konsultation und Beteiligung von Beschäftigten auf allen relevanten Ebenen und Funktionen einführen und aufrechterhalten, mit Schwerpunkt auf nicht leitenden Beschäftigten; Zeit, Schulung und Ressourcen bereitstellen, rechtzeitigen Informationszugang ermöglichen, Barrieren beseitigen und Beteiligung schützen.";"Consultation seeks views before decisions; participation gives workers an active role in decisions and actions. Evidence should show influence, not just attendance lists.";"Konzultace získává názory před rozhodnutím; účast dává pracovníkům aktivní roli v rozhodnutích a opatřeních. Důkaz má prokazovat vliv, nikoli pouze prezenční listiny.";"Konsultation holt Ansichten vor Entscheidungen ein; Beteiligung gibt Beschäftigten eine aktive Rolle bei Entscheidungen und Maßnahmen. Nachweise müssen Einfluss zeigen, nicht nur Anwesenheitslisten.";Communication matrix defining what, when, with whom, how and by whom | Examples of internal and external communications | Controls for accuracy, consistency and response;Komunikační matice určující co, kdy, s kým, jak a kým | Příklady interní a externí komunikace | Opatření pro správnost, konzistenci a reakci;Kommunikationsmatrix zu Was, Wann, Mit wem, Wie und Durch wen | Beispiele interner und externer Kommunikation | Kontrollen für Richtigkeit, Konsistenz und Reaktion;Communication is informal and responsibilities are unclear | External statements are not verified | No mechanism to receive, record and respond;Komunikace je neformální a odpovědnosti nejsou jasné | Externí sdělení nejsou ověřována | Chybí mechanismus pro příjem, záznam a reakci;Informelle Kommunikation mit unklaren Verantwortungen | Externe Aussagen nicht verifiziert | Kein Mechanismus für Eingang, Aufzeichnung und Reaktion
45001-6-1-1;ISO 45001;ISO 45001:2018 + Amd 1:2024;6.1.1;6;high;risk;0;0;Actions addressing risks and opportunities — general;Opatření k řešení rizik a příležitostí — obecně;Maßnahmen zum Umgang mit Risiken und Chancen — Allgemeines;"When planning the OH&S MS, determine risks and opportunities necessary to achieve intended results, prevent or reduce undesired effects and achieve continual improvement, considering hazards, OH&S risks, system risks, opportunities, legal requirements and changes; retain evidence.";"Při plánování systému BOZP určete rizika a příležitosti potřebné k dosažení zamýšlených výsledků, prevenci či omezení nežádoucích účinků a neustálému zlepšování s ohledem na nebezpečí, rizika BOZP, systémová rizika, příležitosti, právní požadavky a změny; uchovávejte důkazy.";"Bei der Planung des SGA-MS Risiken und Chancen bestimmen, die zur Erreichung beabsichtigter Ergebnisse, Vermeidung oder Verringerung unerwünschter Auswirkungen und fortlaufender Verbesserung notwendig sind, unter Berücksichtigung von Gefährdungen, SGA-Risiken, Systemrisiken, Chancen, Rechtsanforderungen und Änderungen; Nachweise aufbewahren.";The planning model distinguishes hazards and their OH&S risks from risks to the management system itself, such as weak competence, reporting culture or contractor governance.;Plánovací model odlišuje nebezpečí a jejich rizika BOZP od rizik samotného systému managementu, například slabé kompetence, kulturu hlášení nebo řízení dodavatelů.;Das Planungsmodell unterscheidet Gefährdungen und SGA-Risiken von Risiken für das Managementsystem selbst, etwa schwache Kompetenz, Meldekultur oder Fremdfirmensteuerung.;Risk and opportunity register with criteria, actions and owners | Traceability from context/aspects/hazards to controls and objectives | Effectiveness review and residual-risk decisions;Registr rizik a příležitostí s kritérii, opatřeními a vlastníky | Návaznost od kontextu/aspektů/nebezpečí k opatřením a cílům | Přezkum účinnosti a rozhodnutí o zbytkovém riziku;Risiko- und Chancenregister mit Kriterien, Maßnahmen und Verantwortlichen | Rückverfolgbarkeit von Kontext/Aspekten/Gefährdungen zu Maßnahmen und Zielen | Wirksamkeitsprüfung und Entscheidungen zum Restrisiko;Register is a static list with no actions or effectiveness check | Scoring is inconsistent or hides severe risks | Opportunities and systemic risks are ignored;Registr je statický seznam bez opatření a ověření účinnosti | Hodnocení je nekonzistentní nebo skrývá závažná rizika | Příležitosti a systémová rizika jsou opomenuty;Statisches Register ohne Maßnahmen oder Wirksamkeitsprüfung | Inkonsistente Bewertung oder Verdeckung schwerer Risiken | Chancen und systemische Risiken werden ignoriert
45001-6-1-2-1;ISO 45001;ISO 45001:2018 + Amd 1:2024;6.1.2.1;6;high;hazards;0;0;Hazard identification;Identifikace nebezpečí;Gefährdungsermittlung;Proactively and continually identify hazards arising from routine and non-routine activities, people, human factors, work organization, social factors, leadership, culture, infrastructure, equipment, materials, design, life cycle, locations, nearby situations, incidents, emergencies and actual or proposed changes.;Proaktivně a průběžně identifikujte nebezpečí vznikající z běžných i mimořádných činností, osob, lidských faktorů, organizace práce, sociálních faktorů, vedení, kultury, infrastruktury, zařízení, materiálů, návrhu, životního cyklu, lokalit, okolních situací, incidentů, havárií a skutečných či navrhovaných změn.;Gefährdungen proaktiv und fortlaufend aus Routine- und Nicht-Routinetätigkeiten, Personen, menschlichen Faktoren, Arbeitsorganisation, sozialen Faktoren, Führung, Kultur, Infrastruktur, Anlagen, Materialien, Entwicklung, Lebensweg, Standorten, Umgebungssituationen, Ereignissen, Notfällen und tatsächlichen oder geplanten Änderungen ermitteln.;Hazard identification should include psychosocial, ergonomic, contractor, travel, remote-work, maintenance, start-up/shutdown and reasonably foreseeable abnormal conditions—not only machine hazards.;Identifikace nebezpečí má zahrnovat psychosociální, ergonomická, dodavatelská, cestovní, vzdálená, údržbová, náběhová/odstavná a rozumně předvídatelná abnormální rizika, nikoli pouze stroje.;Gefährdungsermittlung umfasst psychosoziale, ergonomische, Fremdfirmen-, Reise-, Remote-Work-, Instandhaltungs-, Anfahr-/Abstell- und vernünftigerweise vorhersehbare abnormale Bedingungen, nicht nur Maschinengefahren.;Risk and opportunity register with criteria, actions and owners | Traceability from context/aspects/hazards to controls and objectives | Effectiveness review and residual-risk decisions;Registr rizik a příležitostí s kritérii, opatřeními a vlastníky | Návaznost od kontextu/aspektů/nebezpečí k opatřením a cílům | Přezkum účinnosti a rozhodnutí o zbytkovém riziku;Risiko- und Chancenregister mit Kriterien, Maßnahmen und Verantwortlichen | Rückverfolgbarkeit von Kontext/Aspekten/Gefährdungen zu Maßnahmen und Zielen | Wirksamkeitsprüfung und Entscheidungen zum Restrisiko;Register is a static list with no actions or effectiveness check | Scoring is inconsistent or hides severe risks | Opportunities and systemic risks are ignored;Registr je statický seznam bez opatření a ověření účinnosti | Hodnocení je nekonzistentní nebo skrývá závažná rizika | Příležitosti a systémová rizika jsou opomenuty;Statisches Register ohne Maßnahmen oder Wirksamkeitsprüfung | Inkonsistente Bewertung oder Verdeckung schwerer Risiken | Chancen und systemische Risiken werden ignoriert
45001-6-1-2-2;ISO 45001;ISO 45001:2018 + Amd 1:2024;6.1.2.2;6;high;risk;0;0;Assessment of OH&S risks and other system risks;Posuzování rizik BOZP a dalších systémových rizik;Bewertung von SGA-Risiken und weiteren Systemrisiken;"Establish and maintain methods and criteria to assess OH&S risks from identified hazards and other risks related to establishing, implementing, operating and maintaining the OH&S MS; methods must be proactive, systematic and documented.";"Zaveďte a udržujte metody a kritéria pro posuzování rizik BOZP z identifikovaných nebezpečí a dalších rizik souvisejících se zavedením, uplatňováním, provozem a udržováním systému BOZP; metody musí být proaktivní, systematické a dokumentované.";"Methoden und Kriterien zur Bewertung von SGA-Risiken aus ermittelten Gefährdungen sowie weiterer Risiken bei Einführung, Umsetzung, Betrieb und Aufrechterhaltung des SGA-MS einführen und aufrechterhalten; Methoden müssen proaktiv, systematisch und dokumentiert sein.";Risk criteria should preserve visibility of catastrophic severity, vulnerable persons and uncertainty. Existing controls must be evaluated for actual effectiveness, not assumed from documentation.;Kritéria rizik mají zachovat viditelnost katastrofické závažnosti, zranitelných osob a nejistoty. Stávající opatření se musí hodnotit podle skutečné účinnosti, nikoli předpokládat z dokumentace.;Risikokriterien müssen katastrophale Schwere, schutzbedürftige Personen und Unsicherheit sichtbar halten. Bestehende Kontrollen sind nach tatsächlicher Wirksamkeit zu bewerten, nicht aus Dokumenten anzunehmen.;Risk and opportunity register with criteria, actions and owners | Traceability from context/aspects/hazards to controls and objectives | Effectiveness review and residual-risk decisions;Registr rizik a příležitostí s kritérii, opatřeními a vlastníky | Návaznost od kontextu/aspektů/nebezpečí k opatřením a cílům | Přezkum účinnosti a rozhodnutí o zbytkovém riziku;Risiko- und Chancenregister mit Kriterien, Maßnahmen und Verantwortlichen | Rückverfolgbarkeit von Kontext/Aspekten/Gefährdungen zu Maßnahmen und Zielen | Wirksamkeitsprüfung und Entscheidungen zum Restrisiko;Register is a static list with no actions or effectiveness check | Scoring is inconsistent or hides severe risks | Opportunities and systemic risks are ignored;Registr je statický seznam bez opatření a ověření účinnosti | Hodnocení je nekonzistentní nebo skrývá závažná rizika | Příležitosti a systémová rizika jsou opomenuty;Statisches Register ohne Maßnahmen oder Wirksamkeitsprüfung | Inkonsistente Bewertung oder Verdeckung schwerer Risiken | Chancen und systemische Risiken werden ignoriert
45001-6-1-2-3;ISO 45001;ISO 45001:2018 + Amd 1:2024;6.1.2.3;6;medium;opportunities;0;0;Assessment of OH&S opportunities and other opportunities;Posuzování příležitostí BOZP a dalších příležitostí;Bewertung von SGA-Chancen und weiteren Chancen;Assess opportunities to enhance OH&S performance, adapt work and organization to workers, eliminate hazards and reduce risks, and improve the OH&S MS, including opportunities arising from planned changes.;Posuzujte příležitosti ke zvyšování výkonnosti BOZP, přizpůsobování práce a organizace pracovníkům, odstraňování nebezpečí a snižování rizik a zlepšování systému BOZP včetně příležitostí vznikajících z plánovaných změn.;Chancen zur Verbesserung der SGA-Leistung, Anpassung von Arbeit und Organisation an Beschäftigte, Beseitigung von Gefährdungen und Verringerung von Risiken sowie Verbesserung des SGA-MS einschließlich Chancen aus geplanten Änderungen bewerten.;Opportunities are more than absence of risk: safer design, automation, ergonomic redesign, learning technology, health promotion and stronger reporting culture can create positive performance.;Příležitosti jsou více než absence rizika: bezpečnější návrh, automatizace, ergonomický redesign, technologie učení, podpora zdraví a silnější kultura hlášení mohou vytvářet pozitivní výkonnost.;Chancen sind mehr als Risikofreiheit: sicherere Gestaltung, Automatisierung, ergonomisches Redesign, Lerntechnologie, Gesundheitsförderung und stärkere Meldekultur können positive Leistung schaffen.;Improvement pipeline linked to data, audits, risks and lessons learned | Prioritized projects with benefits and owners | Evidence of sustained performance improvement;Zásobník zlepšení propojený s daty, audity, riziky a lessons learned | Prioritizované projekty s přínosy a vlastníky | Důkaz trvalého zlepšování výkonnosti;Verbesserungsportfolio aus Daten, Audits, Risiken und Lessons Learned | Priorisierte Projekte mit Nutzen und Verantwortlichen | Nachweis nachhaltiger Leistungsverbesserung;Only reactive corrective actions are called improvement | Projects are not linked to measurable benefits | Lessons learned are not deployed elsewhere;Za zlepšování jsou považována pouze reaktivní nápravná opatření | Projekty nejsou propojeny s měřitelnými přínosy | Lessons learned nejsou přeneseny jinam;Nur reaktive Korrekturmaßnahmen gelten als Verbesserung | Projekte ohne messbaren Nutzen | Lessons Learned werden nicht übertragen
45001-6-1-3;ISO 45001;ISO 45001:2018 + Amd 1:2024;6.1.3;6;high;compliance;0;0;Legal requirements and other requirements;Právní a jiné požadavky;Rechtliche und andere Anforderungen;"Determine and have access to current legal and other OH&S requirements applicable to hazards, risks and the OH&S MS, determine how they apply and what must be communicated, and consider them throughout the system; retain evidence.";"Určete a zpřístupněte aktuální právní a jiné požadavky BOZP použitelné na nebezpečí, rizika a systém BOZP, stanovte jejich použitelnost a co je třeba komunikovat a zohledňujte je v celém systému; uchovávejte důkazy.";"Aktuelle rechtliche und andere SGA-Anforderungen zu Gefährdungen, Risiken und SGA-MS bestimmen und zugänglich machen, Anwendbarkeit und Kommunikationsbedarf festlegen und im gesamten System berücksichtigen; Nachweise aufbewahren.";Requirements must be translated into concrete controls such as inspections, qualifications, exposure limits, medical surveillance, permits, committee duties and reporting.;Požadavky musí být převedeny do konkrétních opatření, jako jsou kontroly, kvalifikace, expoziční limity, pracovnělékařské prohlídky, povolení, povinnosti komisí a hlášení.;Anforderungen müssen in konkrete Kontrollen wie Prüfungen, Qualifikationen, Expositionsgrenzen, arbeitsmedizinische Vorsorge, Genehmigungen, Ausschusspflichten und Meldungen übersetzt werden.;Interested-party matrix with needs, obligations and owners | Customer, regulator, worker, community and supplier inputs | Review of changes in relevant expectations;Matice zainteresovaných stran s potřebami, závazky a vlastníky | Vstupy zákazníků, úřadů, pracovníků, komunit a dodavatelů | Přezkum změn relevantních očekávání;Interessentenmatrix mit Bedürfnissen, Verpflichtungen und Verantwortlichen | Eingaben von Kunden, Behörden, Beschäftigten, Öffentlichkeit und Lieferanten | Überprüfung geänderter relevanter Erwartungen;List of parties without deciding which needs are requirements | Customer-specific or legal expectations omitted | No owner or review cycle;Pouhý seznam stran bez určení, které potřeby jsou požadavky | Opomenutí specifických požadavků zákazníků nebo právních požadavků | Chybí vlastník nebo cyklus přezkumu;Liste ohne Entscheidung, welche Bedürfnisse Anforderungen sind | Kunden- oder Rechtsanforderungen fehlen | Kein Verantwortlicher oder Review-Zyklus
45001-6-1-4;ISO 45001;ISO 45001:2018 + Amd 1:2024;6.1.4;6;high;planning;0;0;Planning actions;Plánování opatření;Planung von Maßnahmen;"Plan actions to address risks, opportunities, legal and other requirements and emergency situations; integrate actions into OH&S and business processes, implement them and evaluate effectiveness, considering the hierarchy of controls and best practice.";"Plánujte opatření k řešení rizik, příležitostí, právních a jiných požadavků a havarijních situací; integrujte opatření do procesů BOZP i podnikových procesů, zavádějte je a hodnoťte účinnost s ohledem na hierarchii opatření a nejlepší praxi.";"Maßnahmen für Risiken, Chancen, rechtliche und andere Anforderungen sowie Notfallsituationen planen; in SGA- und Geschäftsprozesse integrieren, umsetzen und Wirksamkeit unter Berücksichtigung der Maßnahmenhierarchie und guter Praxis bewerten.";Action planning should favor elimination and engineering over reliance on procedures and personal protective equipment, and should define how residual risk is accepted.;Plánování opatření má upřednostňovat odstranění a technická opatření před spoléháním na postupy a OOPP a definovat přijetí zbytkového rizika.;Maßnahmenplanung soll Beseitigung und technische Maßnahmen vor Verfahren und persönlicher Schutzausrüstung bevorzugen und die Akzeptanz von Restrisiken definieren.;Measurable objectives with baseline, target, owner and deadline | Action plans with resources, milestones and evaluation method | Regular status review and escalation when off track;Měřitelné cíle s výchozím stavem, cílovou hodnotou, vlastníkem a termínem | Akční plány se zdroji, milníky a metodou hodnocení | Pravidelné přezkoumání stavu a eskalace při odchylce;Messbare Ziele mit Ausgangswert, Zielwert, Verantwortlichem und Termin | Aktionspläne mit Ressourcen, Meilensteinen und Bewertungsmethode | Regelmäßige Statusbewertung und Eskalation bei Abweichung;Activity stated as an objective without measurable outcome | No baseline, owner, deadline or resources | Missed targets are reported but not acted upon;Činnost je uvedena jako cíl bez měřitelného výsledku | Chybí výchozí stav, vlastník, termín nebo zdroje | Nesplněné cíle jsou hlášeny bez opatření;Tätigkeit statt messbarem Ergebnis als Ziel | Kein Ausgangswert, Verantwortlicher, Termin oder Ressourcen | Verfehlte Ziele ohne Maßnahmen
45001-6-2-1;ISO 45001;ISO 45001:2018 + Amd 1:2024;6.2.1;6;high;objectives;0;0;OH&S objectives;Cíle BOZP;SGA-Ziele;"Establish OH&S objectives at relevant functions and levels to maintain and improve the OH&S MS and performance, considering requirements, risks, opportunities and worker consultation; make them measurable or evaluable, monitored, communicated and updated.";"Stanovte cíle BOZP na relevantních funkcích a úrovních pro udržování a zlepšování systému BOZP a jeho výkonnosti s ohledem na požadavky, rizika, příležitosti a konzultaci pracovníků; zajistěte měřitelnost nebo hodnotitelnost, monitorování, komunikaci a aktualizaci.";"SGA-Ziele für relevante Funktionen und Ebenen zur Aufrechterhaltung und Verbesserung von SGA-MS und Leistung festlegen, unter Berücksichtigung von Anforderungen, Risiken, Chancen und Beschäftigtenkonsultation; messbar oder bewertbar, überwacht, kommuniziert und aktualisiert gestalten.";Objectives translate policy and significant risks into controlled outcomes. A target needs a baseline, metric and governance, not merely an activity.;Cíle převádějí politiku a významná rizika do řízených výsledků. Cíl potřebuje výchozí stav, ukazatel a řízení, nikoli jen popis činnosti.;Ziele übertragen Politik und wesentliche Risiken in gelenkte Ergebnisse. Ein Ziel benötigt Ausgangswert, Kennzahl und Steuerung, nicht nur eine Tätigkeit.;Measurable objectives with baseline, target, owner and deadline | Action plans with resources, milestones and evaluation method | Regular status review and escalation when off track;Měřitelné cíle s výchozím stavem, cílovou hodnotou, vlastníkem a termínem | Akční plány se zdroji, milníky a metodou hodnocení | Pravidelné přezkoumání stavu a eskalace při odchylce;Messbare Ziele mit Ausgangswert, Zielwert, Verantwortlichem und Termin | Aktionspläne mit Ressourcen, Meilensteinen und Bewertungsmethode | Regelmäßige Statusbewertung und Eskalation bei Abweichung;Activity stated as an objective without measurable outcome | No baseline, owner, deadline or resources | Missed targets are reported but not acted upon;Činnost je uvedena jako cíl bez měřitelného výsledku | Chybí výchozí stav, vlastník, termín nebo zdroje | Nesplněné cíle jsou hlášeny bez opatření;Tätigkeit statt messbarem Ergebnis als Ziel | Kein Ausgangswert, Verantwortlicher, Termin oder Ressourcen | Verfehlte Ziele ohne Maßnahmen
45001-6-2-2;ISO 45001;ISO 45001:2018 + Amd 1:2024;6.2.2;6;high;objectives;0;0;Planning to achieve OH&S objectives;Plánování k dosažení cílů BOZP;Planung zur Erreichung der SGA-Ziele;For OH&S objectives define actions, resources, responsibility, timing, indicators and evaluation method, how actions integrate into business processes, and retain documented information on objectives and plans.;Pro cíle BOZP určete opatření, zdroje, odpovědnost, načasování, ukazatele a metodu hodnocení, způsob integrace do podnikových procesů a uchovávejte dokumentované informace o cílech a plánech.;Für SGA-Ziele Maßnahmen, Ressourcen, Verantwortung, Zeitplan, Kennzahlen und Bewertungsmethode sowie Integration in Geschäftsprozesse festlegen und dokumentierte Information zu Zielen und Plänen aufbewahren.;An objective without a delivery plan is an intention. Milestones, resources and an evaluation method make accountability auditable.;Cíl bez realizačního plánu je pouze záměr. Milníky, zdroje a metoda hodnocení činí odpovědnost auditovatelnou.;Ein Ziel ohne Umsetzungsplan bleibt Absicht. Meilensteine, Ressourcen und Bewertungsmethode machen Verantwortlichkeit auditierbar.;Measurable objectives with baseline, target, owner and deadline | Action plans with resources, milestones and evaluation method | Regular status review and escalation when off track;Měřitelné cíle s výchozím stavem, cílovou hodnotou, vlastníkem a termínem | Akční plány se zdroji, milníky a metodou hodnocení | Pravidelné přezkoumání stavu a eskalace při odchylce;Messbare Ziele mit Ausgangswert, Zielwert, Verantwortlichem und Termin | Aktionspläne mit Ressourcen, Meilensteinen und Bewertungsmethode | Regelmäßige Statusbewertung und Eskalation bei Abweichung;Activity stated as an objective without measurable outcome | No baseline, owner, deadline or resources | Missed targets are reported but not acted upon;Činnost je uvedena jako cíl bez měřitelného výsledku | Chybí výchozí stav, vlastník, termín nebo zdroje | Nesplněné cíle jsou hlášeny bez opatření;Tätigkeit statt messbarem Ergebnis als Ziel | Kein Ausgangswert, Verantwortlicher, Termin oder Ressourcen | Verfehlte Ziele ohne Maßnahmen
45001-7-1;ISO 45001;ISO 45001:2018 + Amd 1:2024;7.1;7;medium;resources;0;0;Resources;Zdroje;Ressourcen;Determine and provide the people, infrastructure, tools, information and financial resources needed to establish, operate, maintain and improve the OH&S MS.;Určete a poskytujte lidi, infrastrukturu, nástroje, informace a finanční zdroje potřebné k zavedení, provozu, udržování a zlepšování Systém BOZP.;Personal, Infrastruktur, Werkzeuge, Informationen und finanzielle Ressourcen bestimmen und bereitstellen, die für Einführung, Betrieb, Aufrechterhaltung und Verbesserung des SGA-MS erforderlich sind.;Resource adequacy is judged against risks, workload and intended results. Persistent overload or unavailable tools are system issues, not individual shortcomings.;Přiměřenost zdrojů se posuzuje vůči rizikům, pracovní zátěži a zamýšleným výsledkům. Trvalé přetížení nebo chybějící nástroje jsou systémovým problémem, ne selháním jednotlivce.;Ressourcenangemessenheit wird an Risiken, Arbeitslast und beabsichtigten Ergebnissen gemessen. Dauerhafte Überlastung oder fehlende Werkzeuge sind Systemprobleme, keine individuellen Fehler.;Resource plan and budget decisions | Capacity, staffing, infrastructure and tool assessments | Evidence that resource gaps are addressed;Plán zdrojů a rozpočtová rozhodnutí | Posouzení kapacit, personálu, infrastruktury a nástrojů | Důkaz řešení nedostatků zdrojů;Ressourcenplan und Budgetentscheidungen | Bewertung von Kapazität, Personal, Infrastruktur und Werkzeugen | Nachweis zur Behebung von Ressourcenlücken;Resource needs are assumed rather than evaluated | Capacity constraints are accepted without risk control | Tools or infrastructure are unavailable or unreliable;Potřeby zdrojů jsou předpokládány místo hodnocení | Kapacitní omezení jsou přijata bez řízení rizika | Nástroje nebo infrastruktura nejsou dostupné či spolehlivé;Ressourcenbedarf wird angenommen statt bewertet | Kapazitätsengpässe ohne Risikosteuerung akzeptiert | Werkzeuge oder Infrastruktur fehlen bzw. sind unzuverlässig
45001-7-2;ISO 45001;ISO 45001:2018 + Amd 1:2024;7.2;7;high;competence;0;0;Competence;Kompetence;Kompetenz;Determine competence needs for workers affecting or capable of affecting OH&S performance, ensure competence including ability to identify hazards, act on gaps, evaluate effectiveness and retain evidence.;Určete potřeby kompetencí pracovníků ovlivňujících nebo schopných ovlivnit výkonnost BOZP, zajistěte kompetentnost včetně schopnosti identifikovat nebezpečí, řešte mezery, hodnoťte účinnost a uchovávejte důkazy.;Kompetenzbedarf von Beschäftigten bestimmen, die SGA-Leistung beeinflussen oder beeinflussen können, Kompetenz einschließlich Gefährdungserkennung sicherstellen, Lücken behandeln, Wirksamkeit bewerten und Nachweise aufbewahren.;Competence is demonstrated capability, not attendance. Evaluation should match the risk and complexity of the task.;Kompetence je prokázaná schopnost, nikoli účast na školení. Hodnocení má odpovídat riziku a složitosti úkolu.;Kompetenz ist nachgewiesene Fähigkeit, nicht bloße Teilnahme. Die Bewertung muss Risiko und Komplexität der Aufgabe entsprechen.;Competence matrix and role-specific requirements | Training, qualification and experience records | Evaluation of training effectiveness and authorization;Matice kompetencí a požadavky pro jednotlivé role | Záznamy o školení, kvalifikaci a zkušenostech | Hodnocení účinnosti školení a oprávnění;Kompetenzmatrix und rollenspezifische Anforderungen | Schulungs-, Qualifikations- und Erfahrungsnachweise | Bewertung der Schulungswirksamkeit und Freigabe;Attendance is treated as proof of competence | Competence criteria are not role specific | Expired qualifications or unauthorized work;Účast na školení je považována za důkaz kompetence | Kritéria kompetence nejsou specifická pro roli | Propadlé kvalifikace nebo práce bez oprávnění;Teilnahme gilt fälschlich als Kompetenznachweis | Kompetenzkriterien nicht rollenspezifisch | Abgelaufene Qualifikationen oder nicht autorisierte Tätigkeiten
45001-7-3;ISO 45001;ISO 45001:2018 + Amd 1:2024;7.3;7;medium;awareness;0;0;Awareness;Povědomí;Bewusstsein;Ensure awareness of policy and objectives, contribution and benefits, consequences of nonconformity, relevant incidents and investigation outcomes, hazards/risks/actions, and the right to remove oneself from work with imminent and serious danger without undue consequences.;Zajistěte povědomí o politice a cílech, vlastním přínosu a výhodách, důsledcích neshody, relevantních incidentech a výsledcích šetření, nebezpečích/rizicích/opatřeních a právu vzdálit se od práce při bezprostředním a vážném nebezpečí bez nepřiměřených následků.;Bewusstsein für Politik und Ziele, eigenen Beitrag und Nutzen, Folgen von Nichtkonformität, relevante Ereignisse und Untersuchungsergebnisse, Gefährdungen/Risiken/Maßnahmen sowie das Recht sicherstellen, sich bei unmittelbarer ernster Gefahr ohne unangemessene Folgen von der Arbeit zu entfernen.;Awareness is tested through behavior and interviews at the point of work. People should know what matters in their role and what to do when control is lost.;Povědomí se ověřuje chováním a rozhovory přímo na pracovišti. Lidé mají vědět, co je v jejich roli důležité a co dělat při ztrátě řízení.;Bewusstsein wird durch Verhalten und Interviews am Arbeitsplatz geprüft. Personen müssen wissen, was in ihrer Rolle wichtig ist und was bei Kontrollverlust zu tun ist.;Interviews demonstrating understanding of policy, risks and contribution | Induction, toolbox talk or campaign records | Evidence personnel understand consequences of nonconformity;Rozhovory prokazující porozumění politice, rizikům a vlastnímu přínosu | Záznamy z nástupních školení, toolbox talků nebo kampaní | Důkaz porozumění důsledkům neshody;Interviews zum Verständnis von Politik, Risiken und eigenem Beitrag | Nachweise aus Unterweisungen, Toolbox Talks oder Kampagnen | Nachweis zum Verständnis der Folgen von Nichtkonformität;Personnel can repeat slogans but not their own controls | Consequences of nonconformity are unknown | Contractors and temporary workers are excluded;Pracovníci opakují slogany, ale neznají vlastní opatření | Neznají důsledky neshody | Dodavatelé a dočasní pracovníci jsou vynecháni;Beschäftigte kennen Slogans, aber nicht ihre Kontrollen | Folgen der Nichtkonformität unbekannt | Fremd- und Zeitarbeitende ausgeschlossen
45001-7-4-1;ISO 45001;ISO 45001:2018 + Amd 1:2024;7.4.1;7;medium;communication;0;0;Communication — general;Komunikace — obecně;Kommunikation — Allgemeines;Establish OH&S communication processes defining what, when, with whom and how to communicate, considering legal/other requirements, diversity and barriers, ensuring consistency and retaining evidence as appropriate.;Zaveďte komunikační procesy BOZP určující co, kdy, s kým a jak komunikovat s ohledem na právní/jiné požadavky, rozmanitost a bariéry, zajistěte konzistenci a podle potřeby uchovávejte důkazy.;SGA-Kommunikationsprozesse zu Was, Wann, Mit wem und Wie einführen, rechtliche/andere Anforderungen, Vielfalt und Barrieren berücksichtigen, Konsistenz sicherstellen und soweit angemessen Nachweise aufbewahren.;Communication is a controlled process when accuracy, timing or commitments matter. The organization should be able to show both outgoing and incoming communication trails.;Komunikace je řízeným procesem, pokud záleží na správnosti, načasování nebo závazcích. Organizace má umět doložit odchozí i příchozí komunikační stopu.;Kommunikation ist ein gelenkter Prozess, wenn Richtigkeit, Zeitpunkt oder Verpflichtungen relevant sind. Ausgehende und eingehende Kommunikationswege müssen nachweisbar sein.;Communication matrix defining what, when, with whom, how and by whom | Examples of internal and external communications | Controls for accuracy, consistency and response;Komunikační matice určující co, kdy, s kým, jak a kým | Příklady interní a externí komunikace | Opatření pro správnost, konzistenci a reakci;Kommunikationsmatrix zu Was, Wann, Mit wem, Wie und Durch wen | Beispiele interner und externer Kommunikation | Kontrollen für Richtigkeit, Konsistenz und Reaktion;Communication is informal and responsibilities are unclear | External statements are not verified | No mechanism to receive, record and respond;Komunikace je neformální a odpovědnosti nejsou jasné | Externí sdělení nejsou ověřována | Chybí mechanismus pro příjem, záznam a reakci;Informelle Kommunikation mit unklaren Verantwortungen | Externe Aussagen nicht verifiziert | Kein Mechanismus für Eingang, Aufzeichnung und Reaktion
45001-7-4-2;ISO 45001;ISO 45001:2018 + Amd 1:2024;7.4.2;7;medium;communication;0;0;Internal communication;Interní komunikace;Interne Kommunikation;Internally communicate OH&S information across levels and functions, including system changes, and enable workers to contribute to continual improvement.;Interně komunikujte informace BOZP napříč úrovněmi a funkcemi včetně změn systému a umožněte pracovníkům přispívat k neustálému zlepšování.;SGA-Informationen einschließlich Systemänderungen intern über Ebenen und Funktionen kommunizieren und Beschäftigten Beiträge zur fortlaufenden Verbesserung ermöglichen.;Internal communication should connect decisions with action at the point of work and provide a route for feedback and escalation.;Interní komunikace má propojit rozhodnutí s činností na pracovišti a poskytovat cestu pro zpětnou vazbu a eskalaci.;Interne Kommunikation verbindet Entscheidungen mit Handlungen am Arbeitsplatz und bietet Wege für Feedback und Eskalation.;Communication matrix defining what, when, with whom, how and by whom | Examples of internal and external communications | Controls for accuracy, consistency and response;Komunikační matice určující co, kdy, s kým, jak a kým | Příklady interní a externí komunikace | Opatření pro správnost, konzistenci a reakci;Kommunikationsmatrix zu Was, Wann, Mit wem, Wie und Durch wen | Beispiele interner und externer Kommunikation | Kontrollen für Richtigkeit, Konsistenz und Reaktion;Communication is informal and responsibilities are unclear | External statements are not verified | No mechanism to receive, record and respond;Komunikace je neformální a odpovědnosti nejsou jasné | Externí sdělení nejsou ověřována | Chybí mechanismus pro příjem, záznam a reakci;Informelle Kommunikation mit unklaren Verantwortungen | Externe Aussagen nicht verifiziert | Kein Mechanismus für Eingang, Aufzeichnung und Reaktion
45001-7-4-3;ISO 45001;ISO 45001:2018 + Amd 1:2024;7.4.3;7;medium;communication;0;0;External communication;Externí komunikace;Externe Kommunikation;Externally communicate relevant OH&S information as established by communication processes and legal or other requirements.;Externě komunikujte relevantní informace BOZP podle stanovených komunikačních procesů a právních nebo jiných požadavků.;Relevante SGA-Informationen extern entsprechend festgelegten Kommunikationsprozessen und rechtlichen oder anderen Anforderungen kommunizieren.;External statements can create legal, contractual and reputational commitments. Approval and factual verification are therefore important controls.;Externí sdělení mohou vytvářet právní, smluvní a reputační závazky. Schválení a faktické ověření jsou proto důležitými opatřeními.;Externe Aussagen können rechtliche, vertragliche und reputationsbezogene Verpflichtungen schaffen. Freigabe und Faktenprüfung sind daher wichtige Kontrollen.;Communication matrix defining what, when, with whom, how and by whom | Examples of internal and external communications | Controls for accuracy, consistency and response;Komunikační matice určující co, kdy, s kým, jak a kým | Příklady interní a externí komunikace | Opatření pro správnost, konzistenci a reakci;Kommunikationsmatrix zu Was, Wann, Mit wem, Wie und Durch wen | Beispiele interner und externer Kommunikation | Kontrollen für Richtigkeit, Konsistenz und Reaktion;Communication is informal and responsibilities are unclear | External statements are not verified | No mechanism to receive, record and respond;Komunikace je neformální a odpovědnosti nejsou jasné | Externí sdělení nejsou ověřována | Chybí mechanismus pro příjem, záznam a reakci;Informelle Kommunikation mit unklaren Verantwortungen | Externe Aussagen nicht verifiziert | Kein Mechanismus für Eingang, Aufzeichnung und Reaktion
45001-7-5-1;ISO 45001;ISO 45001:2018 + Amd 1:2024;7.5.1;7;medium;documents;0;0;Documented information — general;Dokumentované informace — obecně;Dokumentierte Information — Allgemeines;Maintain documented information required by the standard and determined necessary for effective operation, and retain evidence needed to demonstrate results.;Udržujte dokumentované informace požadované normou a určené jako nezbytné pro účinný provoz a uchovávejte důkazy potřebné k prokázání výsledků.;Von der Norm geforderte und für den wirksamen Betrieb als notwendig bestimmte dokumentierte Information aufrechterhalten sowie Nachweise der Ergebnisse aufbewahren.;The amount and form of documentation should fit risk, complexity and competence. The test is whether people can work consistently and evidence can be retrieved.;Rozsah a forma dokumentace mají odpovídat riziku, složitosti a kompetenci. Testem je konzistentní práce a dohledatelnost důkazů.;Umfang und Form der Dokumentation müssen zu Risiko, Komplexität und Kompetenz passen. Entscheidend sind konsistente Arbeit und auffindbare Nachweise.;Controlled procedures, forms and records with owner and revision | Approval, access, retention and obsolete-version controls | Evidence external documents are identified and current;Řízené postupy, formuláře a záznamy s vlastníkem a revizí | Řízení schválení, přístupu, uchování a neplatných verzí | Důkaz identifikace a aktuálnosti externích dokumentů;Gelenkte Verfahren, Formulare und Aufzeichnungen mit Verantwortlichem und Revision | Freigabe-, Zugriffs-, Aufbewahrungs- und Altversionslenkung | Nachweis zur Identifizierung und Aktualität externer Dokumente;Obsolete instructions remain at the workplace | Records are editable, incomplete or not retrievable | External specifications and laws are not controlled;Na pracovišti zůstávají neplatné instrukce | Záznamy jsou editovatelné, neúplné nebo nedohledatelné | Externí specifikace a právní předpisy nejsou řízeny;Veraltete Anweisungen am Arbeitsplatz | Aufzeichnungen veränderbar, unvollständig oder nicht auffindbar | Externe Spezifikationen und Gesetze nicht gelenkt
45001-7-5-2;ISO 45001;ISO 45001:2018 + Amd 1:2024;7.5.2;7;medium;documents;0;0;Creating and updating documented information;Vytváření a aktualizace dokumentovaných informací;Erstellen und Aktualisieren dokumentierter Information;When documents are created or updated, ensure suitable identification, format, review and approval for adequacy.;Při vytváření nebo aktualizaci dokumentů zajistěte vhodnou identifikaci, formát, přezkoumání a schválení přiměřenosti.;Beim Erstellen oder Aktualisieren geeignete Kennzeichnung, Format, Prüfung und Freigabe auf Angemessenheit sicherstellen.;A controlled document has a clear owner, status and authorized content. Digital workflows should preserve the same controls as paper systems.;Řízený dokument má jasného vlastníka, stav a autorizovaný obsah. Digitální workflow musí zachovat stejné principy jako papírový systém.;Ein gelenktes Dokument hat eindeutigen Verantwortlichen, Status und autorisierten Inhalt. Digitale Workflows müssen dieselben Kontrollen wie Papierlösungen sicherstellen.;Controlled procedures, forms and records with owner and revision | Approval, access, retention and obsolete-version controls | Evidence external documents are identified and current;Řízené postupy, formuláře a záznamy s vlastníkem a revizí | Řízení schválení, přístupu, uchování a neplatných verzí | Důkaz identifikace a aktuálnosti externích dokumentů;Gelenkte Verfahren, Formulare und Aufzeichnungen mit Verantwortlichem und Revision | Freigabe-, Zugriffs-, Aufbewahrungs- und Altversionslenkung | Nachweis zur Identifizierung und Aktualität externer Dokumente;Obsolete instructions remain at the workplace | Records are editable, incomplete or not retrievable | External specifications and laws are not controlled;Na pracovišti zůstávají neplatné instrukce | Záznamy jsou editovatelné, neúplné nebo nedohledatelné | Externí specifikace a právní předpisy nejsou řízeny;Veraltete Anweisungen am Arbeitsplatz | Aufzeichnungen veränderbar, unvollständig oder nicht auffindbar | Externe Spezifikationen und Gesetze nicht gelenkt
45001-7-5-3;ISO 45001;ISO 45001:2018 + Amd 1:2024;7.5.3;7;high;documents;0;0;Control of documented information;Řízení dokumentovaných informací;Lenkung dokumentierter Information;Control availability, protection, distribution, access, retrieval, use, storage, preservation, change, retention and disposition, including relevant external documents.;Řiďte dostupnost, ochranu, distribuci, přístup, dohledání, použití, ukládání, zachování, změny, dobu uchování a likvidaci, včetně relevantních externích dokumentů.;Verfügbarkeit, Schutz, Verteilung, Zugriff, Auffindbarkeit, Verwendung, Speicherung, Erhaltung, Änderung, Aufbewahrung und Verfügung einschließlich relevanter externer Dokumente lenken.;Control must make the right information available where needed while protecting integrity, confidentiality and traceability.;Řízení musí zajistit dostupnost správné informace tam, kde je potřeba, a současně chránit integritu, důvěrnost a sledovatelnost.;Lenkung stellt die richtige Information am benötigten Ort bereit und schützt gleichzeitig Integrität, Vertraulichkeit und Rückverfolgbarkeit.;Controlled procedures, forms and records with owner and revision | Approval, access, retention and obsolete-version controls | Evidence external documents are identified and current;Řízené postupy, formuláře a záznamy s vlastníkem a revizí | Řízení schválení, přístupu, uchování a neplatných verzí | Důkaz identifikace a aktuálnosti externích dokumentů;Gelenkte Verfahren, Formulare und Aufzeichnungen mit Verantwortlichem und Revision | Freigabe-, Zugriffs-, Aufbewahrungs- und Altversionslenkung | Nachweis zur Identifizierung und Aktualität externer Dokumente;Obsolete instructions remain at the workplace | Records are editable, incomplete or not retrievable | External specifications and laws are not controlled;Na pracovišti zůstávají neplatné instrukce | Záznamy jsou editovatelné, neúplné nebo nedohledatelné | Externí specifikace a právní předpisy nejsou řízeny;Veraltete Anweisungen am Arbeitsplatz | Aufzeichnungen veränderbar, unvollständig oder nicht auffindbar | Externe Spezifikationen und Gesetze nicht gelenkt
45001-8-1-1;ISO 45001;ISO 45001:2018 + Amd 1:2024;8.1.1;8;high;operation;0;0;Operational planning and control — general;Plánování a řízení provozu — obecně;Betriebliche Planung und Steuerung — Allgemeines;Plan, implement, control and maintain processes needed to meet OH&S requirements and planned actions by establishing criteria, controlling work accordingly, maintaining evidence, adapting work to workers and coordinating relevant parts of the OH&S MS in multi-employer workplaces.;Plánujte, zavádějte, řiďte a udržujte procesy potřebné ke splnění požadavků BOZP a plánovaných opatření stanovením kritérií, řízením práce podle nich, uchováním důkazů, přizpůsobováním práce pracovníkům a koordinací relevantních částí systému BOZP na pracovištích s více zaměstnavateli.;Prozesse zur Erfüllung von SGA-Anforderungen und geplanten Maßnahmen planen, umsetzen, steuern und aufrechterhalten, Kriterien festlegen, Arbeit danach lenken, Nachweise erhalten, Arbeit an Beschäftigte anpassen und relevante Teile des SGA-MS an Mehrarbeitgeber-Arbeitsplätzen koordinieren.;Operational criteria should be usable at the point of work and cover permits, safe systems of work, inspections, energy isolation, access, supervision, staffing and interface control.;Provozní kritéria mají být použitelná na pracovišti a pokrývat povolení, bezpečné pracovní postupy, kontroly, odpojení energií, přístup, dohled, personální zajištění a řízení rozhraní.;Betriebskriterien müssen am Arbeitsplatz nutzbar sein und Genehmigungen, sichere Arbeitsverfahren, Prüfungen, Energieisolierung, Zugang, Aufsicht, Personal und Schnittstellensteuerung abdecken.;Process controls, work instructions, acceptance criteria and records | Controls for planned changes and outsourced/external provision | Evidence controls are implemented at the point of work;Procesní opatření, pracovní instrukce, přejímací kritéria a záznamy | Řízení plánovaných změn a externě poskytovaných činností | Důkaz zavedení opatření přímo na pracovišti;Prozesslenkungen, Arbeitsanweisungen, Annahmekriterien und Aufzeichnungen | Lenkung geplanter Änderungen und extern bereitgestellter Tätigkeiten | Nachweis der Umsetzung am Ort der Tätigkeit;Controls exist in documents but are not used at the point of work | Acceptance criteria are subjective | External providers are assumed to control risks themselves;Opatření jsou v dokumentech, ale nepoužívají se na pracovišti | Přejímací kritéria jsou subjektivní | Předpokládá se, že externí poskytovatel řídí rizika sám;Kontrollen nur dokumentiert, nicht am Arbeitsplatz angewendet | Subjektive Annahmekriterien | Externe Anbieter sollen Risiken angeblich selbst lenken
45001-8-1-2;ISO 45001;ISO 45001:2018 + Amd 1:2024;8.1.2;8;high;hierarchy;0;0;Eliminating hazards and reducing OH&S risks;Odstraňování nebezpečí a snižování rizik BOZP;Beseitigung von Gefährdungen und Verringerung von SGA-Risiken;Use the hierarchy of controls in order: eliminate hazards, substitute with less hazardous processes/materials/equipment, use engineering controls and work reorganization, use administrative controls including training, and provide adequate PPE.;Používejte hierarchii opatření v pořadí: odstraňte nebezpečí, nahraďte méně nebezpečnými procesy/materiály/zařízeními, použijte technická opatření a reorganizaci práce, administrativní opatření včetně školení a poskytněte vhodné OOPP.;Maßnahmenhierarchie in Reihenfolge anwenden: Gefährdungen beseitigen, durch weniger gefährliche Prozesse/Materialien/Anlagen ersetzen, technische Maßnahmen und Arbeitsreorganisation einsetzen, administrative Maßnahmen einschließlich Schulung anwenden und geeignete PSA bereitstellen.;Higher-order controls reduce dependence on human behavior. Decisions to rely on administrative controls or PPE should be justified and residual risk monitored.;Opatření vyšší úrovně snižují závislost na lidském chování. Rozhodnutí spoléhat na administrativní opatření nebo OOPP má být odůvodněno a zbytkové riziko sledováno.;Höherrangige Maßnahmen verringern die Abhängigkeit vom Verhalten. Entscheidungen zugunsten administrativer Maßnahmen oder PSA müssen begründet und Restrisiken überwacht werden.;Risk and opportunity register with criteria, actions and owners | Traceability from context/aspects/hazards to controls and objectives | Effectiveness review and residual-risk decisions;Registr rizik a příležitostí s kritérii, opatřeními a vlastníky | Návaznost od kontextu/aspektů/nebezpečí k opatřením a cílům | Přezkum účinnosti a rozhodnutí o zbytkovém riziku;Risiko- und Chancenregister mit Kriterien, Maßnahmen und Verantwortlichen | Rückverfolgbarkeit von Kontext/Aspekten/Gefährdungen zu Maßnahmen und Zielen | Wirksamkeitsprüfung und Entscheidungen zum Restrisiko;Register is a static list with no actions or effectiveness check | Scoring is inconsistent or hides severe risks | Opportunities and systemic risks are ignored;Registr je statický seznam bez opatření a ověření účinnosti | Hodnocení je nekonzistentní nebo skrývá závažná rizika | Příležitosti a systémová rizika jsou opomenuty;Statisches Register ohne Maßnahmen oder Wirksamkeitsprüfung | Inkonsistente Bewertung oder Verdeckung schwerer Risiken | Chancen und systemische Risiken werden ignoriert
45001-8-1-3;ISO 45001;ISO 45001:2018 + Amd 1:2024;8.1.3;8;high;change;0;0;Management of change;Řízení změn;Änderungsmanagement;"Establish processes for implementation and control of planned temporary and permanent changes affecting OH&S performance, including products/services, workplaces, organization, conditions, equipment, workforce, legal requirements, knowledge and technology; review unintended changes and mitigate adverse effects.";"Zaveďte procesy pro zavádění a řízení plánovaných dočasných i trvalých změn ovlivňujících výkonnost BOZP, včetně produktů/služeb, pracovišť, organizace, podmínek, zařízení, pracovní síly, právních požadavků, znalostí a technologií; přezkoumávejte neúmyslné změny a zmírňujte nepříznivé dopady.";"Prozesse zur Umsetzung und Steuerung geplanter temporärer und dauerhafter Änderungen mit Einfluss auf SGA-Leistung einführen, einschließlich Produkte/Dienstleistungen, Arbeitsplätze, Organisation, Bedingungen, Anlagen, Belegschaft, Rechtsanforderungen, Wissen und Technologie; unbeabsichtigte Änderungen prüfen und nachteilige Auswirkungen mindern.";Change review should occur before implementation and include worker participation, new hazards, competence, emergency response, contractor interfaces and pre-start verification.;Přezkum změny má proběhnout před zavedením a zahrnovat účast pracovníků, nová nebezpečí, kompetence, havarijní reakci, rozhraní dodavatelů a ověření před spuštěním.;Änderungsprüfung erfolgt vor Umsetzung und umfasst Beschäftigtenbeteiligung, neue Gefährdungen, Kompetenz, Notfallreaktion, Fremdfirmenschnittstellen und Vorinbetriebnahmeprüfung.;Change request and impact/risk assessment | Approval, communication, implementation and validation records | Post-implementation review and update of affected documents;Požadavek na změnu a posouzení dopadů/rizik | Záznamy o schválení, komunikaci, zavedení a validaci | Následný přezkum a aktualizace dotčených dokumentů;Änderungsantrag und Auswirkungs-/Risikobewertung | Nachweise zu Freigabe, Kommunikation, Umsetzung und Validierung | Nachbewertung und Aktualisierung betroffener Dokumente;Changes implemented before risk assessment or approval | Temporary changes become permanent without validation | Affected documents, competence or controls are not updated;Změny jsou zavedeny před posouzením rizik nebo schválením | Dočasné změny se stanou trvalými bez validace | Dotčené dokumenty, kompetence nebo opatření nejsou aktualizovány;Änderungen vor Risikobewertung oder Freigabe umgesetzt | Temporäre Änderungen ohne Validierung dauerhaft | Betroffene Dokumente, Kompetenzen oder Kontrollen nicht aktualisiert
45001-8-1-4-1;ISO 45001;ISO 45001:2018 + Amd 1:2024;8.1.4.1;8;high;procurement;0;0;Procurement — general;Nákup — obecně;Beschaffung — Allgemeines;Establish and control procurement processes for products and services to ensure conformity with the OH&S MS.;Zaveďte a řiďte procesy nákupu produktů a služeb tak, aby byla zajištěna shoda se systémem BOZP.;Beschaffungsprozesse für Produkte und Dienstleistungen einführen und steuern, um Konformität mit dem SGA-MS sicherzustellen.;Safety requirements should enter specifications and supplier selection before purchase, including machinery safety, chemicals, ergonomics, maintenance access, documentation and legal conformity.;Bezpečnostní požadavky mají vstupovat do specifikací a výběru dodavatele před nákupem, včetně bezpečnosti strojů, chemikálií, ergonomie, přístupu pro údržbu, dokumentace a právní shody.;Sicherheitsanforderungen müssen vor Beschaffung in Spezifikationen und Anbieterauswahl eingehen, einschließlich Maschinensicherheit, Chemikalien, Ergonomie, Instandhaltungszugang, Dokumentation und Rechtskonformität.;Controlled procedures, forms and records with owner and revision | Approval, access, retention and obsolete-version controls | Evidence external documents are identified and current;Řízené postupy, formuláře a záznamy s vlastníkem a revizí | Řízení schválení, přístupu, uchování a neplatných verzí | Důkaz identifikace a aktuálnosti externích dokumentů;Gelenkte Verfahren, Formulare und Aufzeichnungen mit Verantwortlichem und Revision | Freigabe-, Zugriffs-, Aufbewahrungs- und Altversionslenkung | Nachweis zur Identifizierung und Aktualität externer Dokumente;Obsolete instructions remain at the workplace | Records are editable, incomplete or not retrievable | External specifications and laws are not controlled;Na pracovišti zůstávají neplatné instrukce | Záznamy jsou editovatelné, neúplné nebo nedohledatelné | Externí specifikace a právní předpisy nejsou řízeny;Veraltete Anweisungen am Arbeitsplatz | Aufzeichnungen veränderbar, unvollständig oder nicht auffindbar | Externe Spezifikationen und Gesetze nicht gelenkt
45001-8-1-4-2;ISO 45001;ISO 45001:2018 + Amd 1:2024;8.1.4.2;8;high;contractors;0;0;Contractors;Dodavatelé prací;Auftragnehmer;"Coordinate procurement with contractors to identify hazards and assess/control OH&S risks arising from contractor activities affecting the organization, organizational activities affecting contractors, and contractor work affecting other parties; ensure contractor requirements are applied in selection.";"Koordinujte nákup s dodavateli prací za účelem identifikace nebezpečí a posouzení/řízení rizik BOZP vznikajících z činností dodavatele ovlivňujících organizaci, z činností organizace ovlivňujících dodavatele a z práce dodavatele ovlivňující další strany; uplatňujte požadavky BOZP při výběru.";"Beschaffung mit Auftragnehmern koordinieren, um Gefährdungen zu identifizieren und SGA-Risiken aus Auftragnehmertätigkeiten für die Organisation, Organisationstätigkeiten für Auftragnehmer sowie Auftragnehmerarbeit für andere Parteien zu bewerten/steuern; SGA-Anforderungen bei Auswahl anwenden.";Contractor control is a full life-cycle process: prequalification, shared risk assessment, induction, permits, supervision, coordination, performance feedback and incident learning.;Řízení dodavatelů je proces celého životního cyklu: předkvalifikace, společné hodnocení rizik, vstupní školení, povolení, dohled, koordinace, zpětná vazba k výkonnosti a poučení z incidentů.;Fremdfirmensteuerung ist ein Lebenszyklusprozess aus Präqualifikation, gemeinsamer Risikobewertung, Einweisung, Erlaubnisscheinen, Aufsicht, Koordination, Leistungsfeedback und Ereignislernen.;Risk and opportunity register with criteria, actions and owners | Traceability from context/aspects/hazards to controls and objectives | Effectiveness review and residual-risk decisions;Registr rizik a příležitostí s kritérii, opatřeními a vlastníky | Návaznost od kontextu/aspektů/nebezpečí k opatřením a cílům | Přezkum účinnosti a rozhodnutí o zbytkovém riziku;Risiko- und Chancenregister mit Kriterien, Maßnahmen und Verantwortlichen | Rückverfolgbarkeit von Kontext/Aspekten/Gefährdungen zu Maßnahmen und Zielen | Wirksamkeitsprüfung und Entscheidungen zum Restrisiko;Register is a static list with no actions or effectiveness check | Scoring is inconsistent or hides severe risks | Opportunities and systemic risks are ignored;Registr je statický seznam bez opatření a ověření účinnosti | Hodnocení je nekonzistentní nebo skrývá závažná rizika | Příležitosti a systémová rizika jsou opomenuty;Statisches Register ohne Maßnahmen oder Wirksamkeitsprüfung | Inkonsistente Bewertung oder Verdeckung schwerer Risiken | Chancen und systemische Risiken werden ignoriert
45001-8-1-4-3;ISO 45001;ISO 45001:2018 + Amd 1:2024;8.1.4.3;8;high;outsourcing;0;0;Outsourcing;Outsourcing;Ausgliederung;"Ensure outsourced functions and processes are controlled, consistent with legal and other requirements and capable of achieving intended OH&S outcomes; define the type and degree of control within the OH&S MS.";"Zajistěte řízení outsourcovaných funkcí a procesů v souladu s právními a jinými požadavky a schopnost dosahovat zamýšlených výsledků BOZP; definujte typ a míru řízení v systému BOZP.";"Ausgegliederte Funktionen und Prozesse steuern, im Einklang mit rechtlichen und anderen Anforderungen und fähig zur Erreichung beabsichtigter SGA-Ergebnisse; Art und Umfang der Steuerung im SGA-MS festlegen.";Outsourcing transfers performance, not accountability. The organization must retain governance, competence and evidence sufficient to control OH&S outcomes.;Outsourcing přenáší výkon, nikoli odpovědnost. Organizace musí zachovat řízení, kompetence a důkazy dostatečné k ovládání výsledků BOZP.;Ausgliederung überträgt Leistung, nicht Verantwortung. Die Organisation muss Governance, Kompetenz und Nachweise zur Steuerung der SGA-Ergebnisse behalten.;Process controls, work instructions, acceptance criteria and records | Controls for planned changes and outsourced/external provision | Evidence controls are implemented at the point of work;Procesní opatření, pracovní instrukce, přejímací kritéria a záznamy | Řízení plánovaných změn a externě poskytovaných činností | Důkaz zavedení opatření přímo na pracovišti;Prozesslenkungen, Arbeitsanweisungen, Annahmekriterien und Aufzeichnungen | Lenkung geplanter Änderungen und extern bereitgestellter Tätigkeiten | Nachweis der Umsetzung am Ort der Tätigkeit;Controls exist in documents but are not used at the point of work | Acceptance criteria are subjective | External providers are assumed to control risks themselves;Opatření jsou v dokumentech, ale nepoužívají se na pracovišti | Přejímací kritéria jsou subjektivní | Předpokládá se, že externí poskytovatel řídí rizika sám;Kontrollen nur dokumentiert, nicht am Arbeitsplatz angewendet | Subjektive Annahmekriterien | Externe Anbieter sollen Risiken angeblich selbst lenken
45001-8-2;ISO 45001;ISO 45001:2018 + Amd 1:2024;8.2;8;high;emergency;0;0;Emergency preparedness and response;Havarijní připravenost a reakce;Notfallvorsorge und Gefahrenabwehr;Establish, implement and maintain processes for potential emergencies: planned response including first aid, training, periodic testing, performance evaluation, revision after tests/events, communication to workers/contractors/visitors and relevant external parties, considering all interested-party needs and worker participation.;Zaveďte, uplatňujte a udržujte procesy pro možné havarijní situace: plánovanou reakci včetně první pomoci, školení, pravidelné testování, hodnocení výkonnosti, revizi po zkouškách/událostech, komunikaci pracovníkům/dodavatelům/návštěvám a relevantním externím stranám s ohledem na potřeby zainteresovaných stran a účast pracovníků.;Prozesse für potenzielle Notfälle einführen und aufrechterhalten: geplante Reaktion einschließlich Erster Hilfe, Schulung, regelmäßige Tests, Leistungsbewertung, Überarbeitung nach Tests/Ereignissen, Kommunikation an Beschäftigte/Auftragnehmer/Besucher und relevante externe Parteien unter Berücksichtigung von Interessentenbedürfnissen und Beschäftigtenbeteiligung.;Emergency planning should be scenario based and include people needing assistance, shift/night conditions, loss of utilities, severe weather, chemicals, fire, confined space and rescue interfaces where relevant.;Havarijní plánování má vycházet ze scénářů a podle relevance zahrnovat osoby potřebující pomoc, směny/noc, výpadky médií, extrémní počasí, chemikálie, požár, uzavřené prostory a záchranná rozhraní.;Notfallplanung soll szenariobasiert sein und soweit relevant hilfsbedürftige Personen, Schicht/Nacht, Versorgungsausfall, Extremwetter, Chemikalien, Brand, enge Räume und Rettungsschnittstellen umfassen.;Process controls, work instructions, acceptance criteria and records | Controls for planned changes and outsourced/external provision | Evidence controls are implemented at the point of work;Procesní opatření, pracovní instrukce, přejímací kritéria a záznamy | Řízení plánovaných změn a externě poskytovaných činností | Důkaz zavedení opatření přímo na pracovišti;Prozesslenkungen, Arbeitsanweisungen, Annahmekriterien und Aufzeichnungen | Lenkung geplanter Änderungen und extern bereitgestellter Tätigkeiten | Nachweis der Umsetzung am Ort der Tätigkeit;Controls exist in documents but are not used at the point of work | Acceptance criteria are subjective | External providers are assumed to control risks themselves;Opatření jsou v dokumentech, ale nepoužívají se na pracovišti | Přejímací kritéria jsou subjektivní | Předpokládá se, že externí poskytovatel řídí rizika sám;Kontrollen nur dokumentiert, nicht am Arbeitsplatz angewendet | Subjektive Annahmekriterien | Externe Anbieter sollen Risiken angeblich selbst lenken
45001-9-1-1;ISO 45001;ISO 45001:2018 + Amd 1:2024;9.1.1;9;high;monitoring;0;0;Monitoring, measurement, analysis and performance evaluation;Monitorování, měření, analýza a hodnocení výkonnosti;Überwachung, Messung, Analyse und Leistungsbewertung;"Monitor and measure legal fulfilment, activities and operations related to hazards/risks/opportunities, progress toward objectives and effectiveness of controls; define criteria and methods, ensure calibrated/verified equipment, analyze/evaluate and retain evidence.";"Monitorujte a měřte plnění právních požadavků, činnosti a provozy související s nebezpečími/riziky/příležitostmi, pokrok k cílům a účinnost opatření; určete kritéria a metody, zajistěte kalibrované/ověřené vybavení, analyzujte/hodnoťte a uchovávejte důkazy.";"Erfüllung rechtlicher Anforderungen, Tätigkeiten und Abläufe in Bezug auf Gefährdungen/Risiken/Chancen, Fortschritt zu Zielen und Wirksamkeit von Kontrollen überwachen und messen; Kriterien und Methoden festlegen, kalibrierte/verifizierte Ausrüstung sicherstellen, analysieren/bewerten und Nachweise aufbewahren.";Measurement is useful only when definitions are stable, data quality is controlled and results trigger decisions. Trend and leading indicators often reveal issues earlier than totals.;Měření je užitečné pouze při stabilních definicích, řízené kvalitě dat a navazujících rozhodnutích. Trendy a předstihové ukazatele často odhalí problém dříve než souhrnné hodnoty.;Messung ist nur nützlich bei stabilen Definitionen, gelenkter Datenqualität und daraus folgenden Entscheidungen. Trends und Frühindikatoren zeigen Probleme oft früher als Summenwerte.;Monitoring plan with methods, frequency, criteria and responsibilities | Verified data, trends, dashboards and analysis | Actions triggered by adverse trends or missed targets;Plán monitorování s metodami, četností, kritérii a odpovědnostmi | Ověřená data, trendy, dashboardy a analýzy | Opatření vyvolaná nepříznivými trendy nebo nesplněnými cíli;Überwachungsplan mit Methoden, Häufigkeit, Kriterien und Verantwortlichkeiten | Verifizierte Daten, Trends, Dashboards und Analysen | Maßnahmen bei negativen Trends oder verfehlten Zielen;Data are collected without defined decisions or criteria | Poor data quality, missing calibration or inconsistent formulas | Trends are reported without corrective action;Data jsou sbírána bez definovaných rozhodnutí nebo kritérií | Nízká kvalita dat, chybějící kalibrace nebo nekonzistentní výpočty | Trendy jsou hlášeny bez nápravného opatření;Datenerfassung ohne definierte Entscheidungen oder Kriterien | Schlechte Datenqualität, fehlende Kalibrierung oder inkonsistente Formeln | Trends ohne Korrekturmaßnahmen
45001-9-1-2;ISO 45001;ISO 45001:2018 + Amd 1:2024;9.1.2;9;high;compliance;0;0;Evaluation of compliance;Hodnocení souladu;Bewertung der Einhaltung von Verpflichtungen;Establish and maintain a process to evaluate fulfilment of applicable legal and other compliance obligations, define frequency, act on results and retain knowledge and evidence of status.;Zaveďte a udržujte proces hodnocení plnění použitelných právních a jiných závazných povinností, určete četnost, reagujte na výsledky a uchovávejte znalost i důkazy o stavu souladu.;Einen Prozess zur Bewertung der Erfüllung geltender rechtlicher und sonstiger Verpflichtungen einführen und aufrechterhalten, Häufigkeit bestimmen, auf Ergebnisse reagieren und Wissen sowie Nachweise zum Status aufbewahren.;"A legal register identifies obligations; compliance evaluation tests actual fulfilment. Sampling should cover permits, operational conditions, reporting and emerging changes.";"Právní registr identifikuje povinnosti; hodnocení souladu ověřuje jejich skutečné plnění. Vzorkování má pokrývat povolení, provozní podmínky, hlášení i nové změny.";"Ein Rechtsregister identifiziert Verpflichtungen; die Compliance-Bewertung prüft deren tatsächliche Erfüllung. Stichproben umfassen Genehmigungen, Betriebsauflagen, Meldungen und neue Änderungen.";Monitoring plan with methods, frequency, criteria and responsibilities | Verified data, trends, dashboards and analysis | Actions triggered by adverse trends or missed targets;Plán monitorování s metodami, četností, kritérii a odpovědnostmi | Ověřená data, trendy, dashboardy a analýzy | Opatření vyvolaná nepříznivými trendy nebo nesplněnými cíli;Überwachungsplan mit Methoden, Häufigkeit, Kriterien und Verantwortlichkeiten | Verifizierte Daten, Trends, Dashboards und Analysen | Maßnahmen bei negativen Trends oder verfehlten Zielen;Data are collected without defined decisions or criteria | Poor data quality, missing calibration or inconsistent formulas | Trends are reported without corrective action;Data jsou sbírána bez definovaných rozhodnutí nebo kritérií | Nízká kvalita dat, chybějící kalibrace nebo nekonzistentní výpočty | Trendy jsou hlášeny bez nápravného opatření;Datenerfassung ohne definierte Entscheidungen oder Kriterien | Schlechte Datenqualität, fehlende Kalibrierung oder inkonsistente Formeln | Trends ohne Korrekturmaßnahmen
45001-9-2-1;ISO 45001;ISO 45001:2018 + Amd 1:2024;9.2.1;9;high;audit;0;0;Internal audit — general;Interní audit — obecně;Internes Audit — Allgemeines;Conduct internal audits at planned intervals to determine conformity with the organization’s own requirements and the applicable standard and to evaluate effective implementation and maintenance.;Provádějte interní audity v plánovaných intervalech pro určení shody s vlastními požadavky organizace a použitelnou normou a pro hodnocení účinného zavedení a udržování.;Interne Audits in geplanten Abständen durchführen, um Konformität mit eigenen Anforderungen und der anwendbaren Norm sowie wirksame Umsetzung und Aufrechterhaltung zu bewerten.;An internal audit should test process effectiveness and evidence, not only clause wording. It is an independent management assurance activity.;Interní audit má ověřovat účinnost procesů a důkazy, nikoli pouze text článků. Jde o nezávislou ujišťovací činnost pro vedení.;Ein internes Audit prüft Prozesswirksamkeit und Nachweise, nicht nur Normformulierungen. Es ist eine unabhängige Sicherungsaktivität für die Leitung.;Risk-based audit programme, plans, objectives, criteria and scope | Competent and impartial auditors | Reports, findings, actions and effectiveness follow-up;Program auditů založený na rizicích, plány, cíle, kritéria a rozsah | Kompetentní a nestranní auditoři | Zprávy, zjištění, opatření a následné ověření účinnosti;Risikobasiertes Auditprogramm, Pläne, Ziele, Kriterien und Umfang | Kompetente und unparteiische Auditoren | Berichte, Feststellungen, Maßnahmen und Wirksamkeitsnachverfolgung;Checklist-only audits without process trails or sampling | Auditors review their own work | Findings are closed administratively without effectiveness evidence;Audit pouze podle checklistu bez procesních stop a vzorkování | Auditoři auditují vlastní práci | Zjištění jsou administrativně uzavřena bez důkazu účinnosti;Reine Checklisten-Audits ohne Prozesspfade oder Stichproben | Auditoren prüfen eigene Arbeit | Feststellungen administrativ ohne Wirksamkeitsnachweis geschlossen
45001-9-2-2;ISO 45001;ISO 45001:2018 + Amd 1:2024;9.2.2;9;high;audit;0;0;Internal audit programme;Program interních auditů;Internes Auditprogramm;"Maintain a risk-based internal audit programme considering process importance and previous results, including consultation; define criteria and scope, select competent impartial auditors, report results to relevant managers, workers and representatives, act on findings and retain evidence.";"Udržujte program interních auditů založený na rizicích s ohledem na význam procesů a předchozí výsledky včetně konzultace; určete kritéria a rozsah, vyberte kompetentní nestranné auditory, reportujte výsledky relevantním vedoucím, pracovníkům a zástupcům, řešte zjištění a uchovávejte důkazy.";"Ein risikobasiertes internes Auditprogramm unter Berücksichtigung von Prozessbedeutung und früheren Ergebnissen einschließlich Konsultation aufrechterhalten; Kriterien und Umfang festlegen, kompetente unparteiische Auditoren wählen, Ergebnisse an relevante Führungskräfte, Beschäftigte und Vertretungen berichten, Feststellungen behandeln und Nachweise aufbewahren.";Audit frequency and depth should be risk based. The programme is effective when it identifies emerging weaknesses early and drives verified correction.;Četnost a hloubka auditů mají vycházet z rizik. Program je účinný, pokud včas odhaluje vznikající slabiny a vede k ověřené nápravě.;Häufigkeit und Tiefe der Audits sollen risikobasiert sein. Das Programm ist wirksam, wenn es entstehende Schwächen früh erkennt und verifizierte Korrektur bewirkt.;Risk-based audit programme, plans, objectives, criteria and scope | Competent and impartial auditors | Reports, findings, actions and effectiveness follow-up;Program auditů založený na rizicích, plány, cíle, kritéria a rozsah | Kompetentní a nestranní auditoři | Zprávy, zjištění, opatření a následné ověření účinnosti;Risikobasiertes Auditprogramm, Pläne, Ziele, Kriterien und Umfang | Kompetente und unparteiische Auditoren | Berichte, Feststellungen, Maßnahmen und Wirksamkeitsnachverfolgung;Checklist-only audits without process trails or sampling | Auditors review their own work | Findings are closed administratively without effectiveness evidence;Audit pouze podle checklistu bez procesních stop a vzorkování | Auditoři auditují vlastní práci | Zjištění jsou administrativně uzavřena bez důkazu účinnosti;Reine Checklisten-Audits ohne Prozesspfade oder Stichproben | Auditoren prüfen eigene Arbeit | Feststellungen administrativ ohne Wirksamkeitsnachweis geschlossen
45001-9-3;ISO 45001;ISO 45001:2018 + Amd 1:2024;9.3;9;high;review;0;0;Management review;Přezkoumání vedením;Managementbewertung;"Top management reviews the OH&S MS at planned intervals, considering previous actions, context and requirements, policy/objectives, performance trends including incidents, compliance, consultation/participation, risks/opportunities, resources and communications, and decides on suitability, effectiveness, improvement, changes, resources, strategic implications and actions; communicate relevant results to workers and retain evidence.";"Vrcholové vedení přezkoumává systém BOZP v plánovaných intervalech s ohledem na předchozí opatření, kontext a požadavky, politiku/cíle, trendy výkonnosti včetně incidentů, soulad, konzultaci/účast, rizika/příležitosti, zdroje a komunikaci a rozhoduje o vhodnosti, účinnosti, zlepšení, změnách, zdrojích, strategických dopadech a opatřeních; relevantní výsledky komunikuje pracovníkům a uchovává důkazy.";"Die oberste Leitung bewertet das SGA-MS in geplanten Abständen unter Berücksichtigung früherer Maßnahmen, Kontext und Anforderungen, Politik/Zielen, Leistungstrends einschließlich Ereignissen, Compliance, Konsultation/Beteiligung, Risiken/Chancen, Ressourcen und Kommunikation und entscheidet über Eignung, Wirksamkeit, Verbesserung, Änderungen, Ressourcen, strategische Auswirkungen und Maßnahmen; relevante Ergebnisse an Beschäftigte kommunizieren und Nachweise aufbewahren.";The review should connect worker experience and leading indicators with strategic decisions, not focus only on accident rates.;Přezkum má propojovat zkušenosti pracovníků a předstihové ukazatele se strategickými rozhodnutími, nikoli se soustředit pouze na úrazovost.;Der Review soll Beschäftigtenerfahrungen und Frühindikatoren mit strategischen Entscheidungen verbinden, nicht nur Unfallraten betrachten.;Management-review agenda covering required inputs | Data-based conclusions, decisions, actions, owners and resources | Minutes and follow-up showing closure and strategic integration;Program přezkoumání vedením pokrývající požadované vstupy | Závěry založené na datech, rozhodnutí, opatření, vlastníci a zdroje | Zápis a následné sledování prokazující uzavření a strategickou integraci;Managementreview-Agenda mit erforderlichen Eingaben | Datenbasierte Schlussfolgerungen, Entscheidungen, Maßnahmen, Verantwortliche und Ressourcen | Protokoll und Nachverfolgung mit Abschluss und strategischer Integration;Meeting is a presentation rather than a decision-making review | Required inputs are missing or stale | Outputs have no owner, deadline or resource decision;Jednání je prezentací místo rozhodovacího přezkumu | Požadované vstupy chybí nebo jsou zastaralé | Výstupy nemají vlastníka, termín nebo rozhodnutí o zdrojích;Meeting als Präsentation statt Entscheidungsreview | Erforderliche Eingaben fehlen oder sind veraltet | Ergebnisse ohne Verantwortlichen, Termin oder Ressourcenentscheidung
45001-10-1;ISO 45001;ISO 45001:2018 + Amd 1:2024;10.1;10;medium;improvement;0;0;Improvement — general;Zlepšování — obecně;Verbesserung — Allgemeines;Determine improvement opportunities and implement necessary actions to achieve intended OH&S outcomes.;Určujte příležitosti ke zlepšení a zavádějte potřebná opatření k dosažení zamýšlených výsledků BOZP.;Verbesserungsmöglichkeiten bestimmen und notwendige Maßnahmen zur Erreichung beabsichtigter SGA-Ergebnisse umsetzen.;Improvement should prioritize prevention, safer design and stronger system capability, not only close findings after harm occurs.;Zlepšování má upřednostňovat prevenci, bezpečnější návrh a silnější schopnost systému, nikoli pouze uzavírat zjištění po vzniku újmy.;Verbesserung soll Prävention, sicherere Gestaltung und stärkere Systemfähigkeit priorisieren, nicht nur Feststellungen nach Schäden schließen.;Improvement pipeline linked to data, audits, risks and lessons learned | Prioritized projects with benefits and owners | Evidence of sustained performance improvement;Zásobník zlepšení propojený s daty, audity, riziky a lessons learned | Prioritizované projekty s přínosy a vlastníky | Důkaz trvalého zlepšování výkonnosti;Verbesserungsportfolio aus Daten, Audits, Risiken und Lessons Learned | Priorisierte Projekte mit Nutzen und Verantwortlichen | Nachweis nachhaltiger Leistungsverbesserung;Only reactive corrective actions are called improvement | Projects are not linked to measurable benefits | Lessons learned are not deployed elsewhere;Za zlepšování jsou považována pouze reaktivní nápravná opatření | Projekty nejsou propojeny s měřitelnými přínosy | Lessons learned nejsou přeneseny jinam;Nur reaktive Korrekturmaßnahmen gelten als Verbesserung | Projekte ohne messbaren Nutzen | Lessons Learned werden nicht übertragen
45001-10-2;ISO 45001;ISO 45001:2018 + Amd 1:2024;10.2;10;high;incident;0;0;Incident, nonconformity and corrective action;Incident, neshoda a nápravné opatření;Ereignis, Nichtkonformität und Korrekturmaßnahmen;"Report, investigate and act promptly on incidents and nonconformities: control/correct, deal with consequences, involve workers and relevant parties, determine causes, assess similar conditions, review risk assessments, implement hierarchy-based action, evaluate effectiveness and update the OH&S MS; retain and communicate evidence.";"Hlašte, vyšetřujte a včas řešte incidenty a neshody: řiďte/opravte, řešte důsledky, zapojte pracovníky a relevantní strany, určete příčiny, posuďte obdobné podmínky, přezkoumejte hodnocení rizik, zaveďte opatření podle hierarchie, vyhodnoťte účinnost a aktualizujte systém BOZP; uchovávejte a komunikujte důkazy.";"Ereignisse und Nichtkonformitäten melden, untersuchen und zeitnah behandeln: beherrschen/korrigieren, Folgen behandeln, Beschäftigte und relevante Parteien beteiligen, Ursachen bestimmen, ähnliche Bedingungen bewerten, Risikobewertungen überprüfen, hierarchiegerechte Maßnahmen umsetzen, Wirksamkeit bewerten und SGA-MS anpassen; Nachweise aufbewahren und kommunizieren.";Investigations should identify system and organizational causes, not stop at unsafe acts. Near misses and high-potential events deserve depth proportionate to potential severity.;Vyšetřování má identifikovat systémové a organizační příčiny, nikoli skončit u nebezpečného jednání. Near miss a události s vysokým potenciálem vyžadují hloubku přiměřenou možnému následku.;Untersuchungen müssen systemische und organisatorische Ursachen erkennen, nicht bei unsicherem Verhalten enden. Beinaheereignisse und High-Potential Events erfordern eine Tiefe entsprechend der möglichen Schwere.;Nonconformity/incident record with containment and correction | Root-cause analysis proportionate to risk | Corrective action, effectiveness verification and systemic update;Záznam neshody/incidentu s omezením dopadu a opravou | Analýza kořenové příčiny přiměřená riziku | Nápravné opatření, ověření účinnosti a systémová aktualizace;Nichtkonformitäts-/Ereignisnachweis mit Eindämmung und Korrektur | Risikogerechte Ursachenanalyse | Korrekturmaßnahme, Wirksamkeitsprüfung und systemische Anpassung;Correction is mistaken for corrective action | Root cause is superficial or blame based | Effectiveness is checked too early or not at all;Oprava je zaměněna za nápravné opatření | Kořenová příčina je povrchní nebo založená na obviňování | Účinnost je ověřena příliš brzy nebo vůbec;Korrektur wird mit Korrekturmaßnahme verwechselt | Oberflächliche oder schuldorientierte Ursachenanalyse | Wirksamkeit zu früh oder gar nicht geprüft
45001-10-3;ISO 45001;ISO 45001:2018 + Amd 1:2024;10.3;10;medium;improvement;0;0;Continual improvement;Neustálé zlepšování;Fortlaufende Verbesserung;Continually improve OH&S MS suitability, adequacy and effectiveness by enhancing performance, promoting supportive culture, participation, communicating results and retaining evidence.;Neustále zlepšujte vhodnost, přiměřenost a účinnost systému BOZP zvyšováním výkonnosti, podporou kultury, účasti, komunikací výsledků a uchováváním důkazů.;Eignung, Angemessenheit und Wirksamkeit des SGA-MS fortlaufend verbessern durch Leistungssteigerung, Förderung unterstützender Kultur und Beteiligung, Kommunikation der Ergebnisse und Aufbewahrung von Nachweisen.;Continual improvement is a sustained pattern demonstrated by trend, learning and system adaptation, not a requirement that every indicator improves every period.;"Neustálé zlepšování je dlouhodobý vzorec prokázaný trendem, učením a přizpůsobováním systému; neznamená, že se každý ukazatel musí zlepšit v každém období.";"Fortlaufende Verbesserung ist ein nachhaltiges Muster aus Trend, Lernen und Systemanpassung; nicht jede Kennzahl muss sich in jeder Periode verbessern.";Improvement pipeline linked to data, audits, risks and lessons learned | Prioritized projects with benefits and owners | Evidence of sustained performance improvement;Zásobník zlepšení propojený s daty, audity, riziky a lessons learned | Prioritizované projekty s přínosy a vlastníky | Důkaz trvalého zlepšování výkonnosti;Verbesserungsportfolio aus Daten, Audits, Risiken und Lessons Learned | Priorisierte Projekte mit Nutzen und Verantwortlichen | Nachweis nachhaltiger Leistungsverbesserung;Only reactive corrective actions are called improvement | Projects are not linked to measurable benefits | Lessons learned are not deployed elsewhere;Za zlepšování jsou považována pouze reaktivní nápravná opatření | Projekty nejsou propojeny s měřitelnými přínosy | Lessons learned nejsou přeneseny jinam;Nur reaktive Korrekturmaßnahmen gelten als Verbesserung | Projekte ohne messbaren Nutzen | Lessons Learned werden nicht übertragen
50001-4-1;ISO 50001;ISO 50001:2018 + Amd 1:2024;4.1;4;high;context;0;0;Understanding the organization and its context;Porozumění organizaci a jejímu kontextu;Verstehen der Organisation und ihres Kontextes;Identify internal and external issues affecting the EnMS and its ability to achieve intended results and improve energy performance, and determine whether climate change is relevant.;Určete vnitřní a vnější okolnosti ovlivňující EnMS a jeho schopnost dosahovat zamýšlených výsledků a zlepšovat energetickou hospodárnost a stanovte relevanci změny klimatu.;Interne und externe Themen bestimmen, die das EnMS und seine Fähigkeit zur Erreichung beabsichtigter Ergebnisse und Verbesserung der energiebezogenen Leistung beeinflussen, und die Relevanz des Klimawandels beurteilen.;Context is a decision input, not a stand-alone SWOT. It should shape scope, risks, objectives, controls, resources and management review.;Kontext je vstupem pro rozhodování, nikoli samostatnou SWOT. Má ovlivňovat rozsah, rizika, cíle, opatření, zdroje a přezkoumání vedením.;Der Kontext ist eine Entscheidungsgrundlage, keine isolierte SWOT. Er soll Geltungsbereich, Risiken, Ziele, Kontrollen, Ressourcen und Managementreview beeinflussen.;Context/SWOT/PESTLE register linked to strategic risks | Documented conclusion on climate-change relevance | Evidence of periodic and event-driven review;Registr kontextu/SWOT/PESTLE propojený se strategickými riziky | Zdokumentovaný závěr o relevanci změny klimatu | Důkaz pravidelného i událostmi vyvolaného přezkumu;Kontext-/SWOT-/PESTLE-Register mit Verknüpfung zu strategischen Risiken | Dokumentierte Schlussfolgerung zur Relevanz des Klimawandels | Nachweis regelmäßiger und anlassbezogener Überprüfung;Generic SWOT with no link to the management system | Climate relevance not concluded | Analysis not updated after significant change;Obecná SWOT bez vazby na systém managementu | Chybí závěr o relevanci klimatu | Analýza není aktualizována po významné změně;Allgemeine SWOT ohne Bezug zum Managementsystem | Keine Schlussfolgerung zur Klimarelevanz | Keine Aktualisierung nach wesentlichen Änderungen
50001-4-2;ISO 50001;ISO 50001:2018 + Amd 1:2024;4.2;4;high;stakeholders;0;0;Needs and expectations of interested parties;Potřeby a očekávání zainteresovaných stran;Erfordernisse und Erwartungen interessierter Parteien;Identify relevant interested parties and their requirements related to energy performance and the EnMS, determine legal and other applicable requirements, and monitor changes including relevant climate-related expectations.;Určete relevantní zainteresované strany a jejich požadavky související s energetickou hospodárností a EnMS, stanovte použitelné právní a jiné požadavky a sledujte změny včetně relevantních klimatických očekávání.;Relevante interessierte Parteien und deren Anforderungen an energiebezogene Leistung und EnMS bestimmen, anwendbare rechtliche und andere Anforderungen festlegen und Änderungen einschließlich relevanter klimabezogener Erwartungen überwachen.;The organization must distinguish general interest from binding, contractual or strategically adopted requirements and assign ownership for monitoring them.;Organizace musí odlišit obecný zájem od závazných, smluvních nebo strategicky přijatých požadavků a určit odpovědnost za jejich sledování.;Die Organisation muss allgemeine Interessen von verbindlichen, vertraglichen oder strategisch übernommenen Anforderungen unterscheiden und Verantwortlichkeiten für deren Überwachung festlegen.;Interested-party matrix with needs, obligations and owners | Customer, regulator, worker, community and supplier inputs | Review of changes in relevant expectations;Matice zainteresovaných stran s potřebami, závazky a vlastníky | Vstupy zákazníků, úřadů, pracovníků, komunit a dodavatelů | Přezkum změn relevantních očekávání;Interessentenmatrix mit Bedürfnissen, Verpflichtungen und Verantwortlichen | Eingaben von Kunden, Behörden, Beschäftigten, Öffentlichkeit und Lieferanten | Überprüfung geänderter relevanter Erwartungen;List of parties without deciding which needs are requirements | Customer-specific or legal expectations omitted | No owner or review cycle;Pouhý seznam stran bez určení, které potřeby jsou požadavky | Opomenutí specifických požadavků zákazníků nebo právních požadavků | Chybí vlastník nebo cyklus přezkumu;Liste ohne Entscheidung, welche Bedürfnisse Anforderungen sind | Kunden- oder Rechtsanforderungen fehlen | Kein Verantwortlicher oder Review-Zyklus
50001-4-3;ISO 50001;ISO 50001:2018 + Amd 1:2024;4.3;4;high;scope;0;0;Scope and boundaries of the EnMS;Rozsah a hranice EnMS;Anwendungsbereich und Grenzen des EnMS;"Define organizational and physical boundaries and applicability of the EnMS considering context and interested-party requirements, ensure authority to control energy efficiency, energy use and consumption within scope, and do not exclude an energy type within the defined boundaries; maintain the scope as documented information.";"Vymezte organizační a fyzické hranice a použitelnost EnMS s ohledem na kontext a požadavky zainteresovaných stran, zajistěte pravomoc řídit energetickou účinnost, užití a spotřebu energie v rozsahu a nevylučujte typ energie uvnitř definovaných hranic; udržujte rozsah jako dokumentovanou informaci.";"Organisatorische und physische Grenzen sowie Anwendbarkeit des EnMS unter Berücksichtigung von Kontext und Interessentenanforderungen festlegen, Befugnis zur Steuerung von Energieeffizienz, Energieeinsatz und -verbrauch im Geltungsbereich sicherstellen und keine Energieart innerhalb definierter Grenzen ausschließen; Umfang dokumentiert aufrechterhalten.";Energy boundaries must align with meters, data, responsibilities and improvement control. Shared buildings, leased areas, utilities and outsourced activities need explicit treatment.;Energetické hranice musí odpovídat měřidlům, datům, odpovědnostem a řízení zlepšování. Sdílené budovy, pronajaté plochy, média a externí činnosti vyžadují výslovné řešení.;Energiegrenzen müssen zu Zählern, Daten, Verantwortlichkeiten und Verbesserungssteuerung passen. Geteilte Gebäude, Mietflächen, Medien und externe Tätigkeiten sind ausdrücklich zu behandeln.;Approved scope statement with sites, activities, products and boundaries | Justification of applicability and exclusions where permitted | Consistency between scope, certificates and actual operations;Schválené vymezení rozsahu s lokalitami, činnostmi, produkty a hranicemi | Odůvodnění použitelnosti a povolených výjimek | Soulad mezi rozsahem, certifikáty a skutečnými činnostmi;Freigegebene Geltungsbereichsbeschreibung mit Standorten, Tätigkeiten, Produkten und Grenzen | Begründung von Anwendbarkeit und zulässigen Nichtanwendungen | Übereinstimmung zwischen Geltungsbereich, Zertifikaten und tatsächlichem Betrieb;Scope is broader or narrower than actual control | Sites or activities omitted without justification | Certificate wording differs from operational reality;Rozsah je širší nebo užší než skutečné řízení | Lokality nebo činnosti jsou vynechány bez odůvodnění | Text certifikátu neodpovídá provozní realitě;Geltungsbereich passt nicht zur tatsächlichen Lenkung | Standorte oder Tätigkeiten ohne Begründung ausgelassen | Zertifikatstext entspricht nicht der Betriebsrealität
50001-4-4;ISO 50001;ISO 50001:2018 + Amd 1:2024;4.4;4;high;processes;0;0;Energy management system;Systém managementu hospodaření s energií;Energiemanagementsystem;Establish, implement, maintain and continually improve the EnMS and necessary processes, including continual improvement of energy performance in accordance with the standard.;Zaveďte, uplatňujte, udržujte a neustále zlepšujte EnMS a potřebné procesy, včetně neustálého zlepšování energetické hospodárnosti v souladu s normou.;Das EnMS und notwendige Prozesse einschließlich fortlaufender Verbesserung der energiebezogenen Leistung entsprechend der Norm einführen, umsetzen, aufrechterhalten und verbessern.;"A management system is the controlled network of decisions and processes that produces intended results; a collection of documents alone is insufficient.";"Systém managementu je řízená síť rozhodnutí a procesů, která vytváří zamýšlené výsledky; samotná sbírka dokumentů nestačí.";"Ein Managementsystem ist ein gelenktes Netz von Entscheidungen und Prozessen, das beabsichtigte Ergebnisse erzeugt; eine reine Dokumentensammlung genügt nicht.";Process architecture with inputs, outputs, owners and interactions | Criteria, methods, indicators and responsibilities | Records showing processes are controlled and improved;Procesní architektura se vstupy, výstupy, vlastníky a vazbami | Kritéria, metody, ukazatele a odpovědnosti | Záznamy prokazující řízení a zlepšování procesů;Prozessarchitektur mit Eingaben, Ergebnissen, Verantwortlichen und Wechselwirkungen | Kriterien, Methoden, Kennzahlen und Verantwortlichkeiten | Aufzeichnungen zur Lenkung und Verbesserung der Prozesse;Process map exists but owners and interactions are unclear | Indicators do not measure intended results | Outsourced processes are not included;Procesní mapa existuje, ale nejsou jasní vlastníci a vazby | Ukazatele neměří zamýšlené výsledky | Externí procesy nejsou zahrnuty;Prozesskarte ohne klare Verantwortliche und Wechselwirkungen | Kennzahlen messen nicht die beabsichtigten Ergebnisse | Ausgelagerte Prozesse fehlen
50001-5-1;ISO 50001;ISO 50001:2018 + Amd 1:2024;5.1;5;high;leadership;0;0;Leadership and commitment;Vedení a závazek;Führung und Verpflichtung;Top management is accountable for EnMS effectiveness and continual energy-performance improvement, ensures scope, policy, objectives, EnPIs and EnBs are established, integrates requirements, approves action plans, provides resources, supports energy management teams and ensures results are reported.;Vrcholové vedení odpovídá za účinnost EnMS a neustálé zlepšování energetické hospodárnosti, zajišťuje stanovení rozsahu, politiky, cílů, EnPI a EnB, integruje požadavky, schvaluje akční plány, poskytuje zdroje, podporuje energetický tým a zajišťuje reportování výsledků.;Die oberste Leitung ist für EnMS-Wirksamkeit und fortlaufende Verbesserung der energiebezogenen Leistung verantwortlich, stellt Umfang, Politik, Ziele, EnPIs und EnBs sicher, integriert Anforderungen, genehmigt Aktionspläne, stellt Ressourcen bereit, unterstützt das Energieteam und sorgt für Ergebnisberichterstattung.;Accountability cannot be delegated to the management-system coordinator. Auditors look for decisions, trade-offs and visible involvement by top management.;Odpovědnost nelze delegovat na koordinátora systému. Auditoři hledají rozhodnutí, řešení střetů priorit a viditelnou účast vrcholového vedení.;Verantwortung kann nicht an den Managementsystem-Koordinator delegiert werden. Auditoren erwarten Entscheidungen, Prioritätenabwägungen und sichtbare Beteiligung der obersten Leitung.;Management decisions, resource approvals and follow-up | Objectives integrated into business and operational reviews | Visible management participation in audits, reviews and communications;Rozhodnutí vedení, schválení zdrojů a následné sledování | Cíle integrované do obchodních a provozních přezkumů | Viditelná účast vedení na auditech, přezkumech a komunikaci;Managemententscheidungen, Ressourcenfreigaben und Nachverfolgung | Integration der Ziele in Geschäfts- und Betriebsreviews | Sichtbare Beteiligung der Leitung an Audits, Reviews und Kommunikation;System delegated entirely to one coordinator | Objectives and resources not addressed in business decisions | Management cannot explain significant risks or results;Systém je zcela delegován na jednoho koordinátora | Cíle a zdroje nejsou součástí obchodních rozhodnutí | Vedení neumí vysvětlit významná rizika nebo výsledky;System vollständig an einen Koordinator delegiert | Ziele und Ressourcen fehlen in Geschäftsentscheidungen | Leitung kann wesentliche Risiken oder Ergebnisse nicht erläutern
50001-5-2;ISO 50001;ISO 50001:2018 + Amd 1:2024;5.2;5;high;policy;0;0;Energy policy;Energetická politika;Energiepolitik;Establish an energy policy appropriate to purpose that provides a framework for objectives and targets, commits to availability of information/resources, legal and other requirements, continual improvement of energy performance and the EnMS, and supports energy-efficient procurement and design.;Stanovte energetickou politiku odpovídající účelu, která poskytuje rámec pro cíle a cílové hodnoty, obsahuje závazek k dostupnosti informací/zdrojů, plnění právních a jiných požadavků, neustálému zlepšování energetické hospodárnosti a EnMS a podporuje energeticky účinný nákup a návrh.;Eine zum Zweck passende Energiepolitik festlegen, die den Rahmen für Ziele und Energieziele bildet, Verfügbarkeit von Informationen/Ressourcen, Erfüllung rechtlicher und anderer Anforderungen, fortlaufende Verbesserung von energiebezogener Leistung und EnMS sowie energieeffiziente Beschaffung und Auslegung unterstützt.;The policy must influence capital expenditure, design and procurement decisions, not remain an isolated environmental statement.;Politika musí ovlivňovat investiční, konstrukční a nákupní rozhodnutí, nikoli zůstat izolovaným environmentálním prohlášením.;Die Politik muss Investitions-, Auslegungs- und Beschaffungsentscheidungen beeinflussen und darf keine isolierte Umwelterklärung bleiben.;Current approved policy appropriate to context and purpose | Communication and awareness evidence | Commitments translated into objectives and controls;Aktuální schválená politika odpovídající kontextu a účelu | Důkazy komunikace a povědomí | Převedení závazků do cílů a opatření;Aktuelle, freigegebene und zum Kontext passende Politik | Nachweise zu Kommunikation und Bewusstsein | Überführung der Verpflichtungen in Ziele und Maßnahmen;Generic wording unrelated to risks and direction | Policy posted but not understood | Commitments are not converted into measurable priorities;Obecný text bez vazby na rizika a směřování | Politika je vyvěšena, ale není pochopena | Závazky nejsou převedeny do měřitelných priorit;Allgemeiner Text ohne Bezug zu Risiken und Ausrichtung | Politik ausgehängt, aber nicht verstanden | Verpflichtungen nicht in messbare Prioritäten überführt
50001-5-3;ISO 50001;ISO 50001:2018 + Amd 1:2024;5.3;5;medium;roles;0;0;Roles, responsibilities and authorities;Role, odpovědnosti a pravomoci;Rollen, Verantwortlichkeiten und Befugnisse;Assign responsibilities and authorities for EnMS conformity, energy action plans, reporting on performance and improvement, establishing criteria/methods for effective operation and control, and designating an energy management team appropriate to size and complexity.;Přidělte odpovědnosti a pravomoci za shodu EnMS, energetické akční plány, reportování výkonnosti a zlepšení, stanovení kritérií/metod pro účinný provoz a řízení a určete energetický tým odpovídající velikosti a složitosti.;Verantwortlichkeiten und Befugnisse für EnMS-Konformität, Energieaktionspläne, Leistungs- und Verbesserungsberichterstattung, Kriterien/Methoden für wirksamen Betrieb und Steuerung sowie ein der Größe und Komplexität angemessenes Energieteam zuweisen.;Clear authority prevents gaps, duplication and stalled escalation. Process ownership should include decision rights and accountability for results.;Jasná pravomoc předchází mezerám, duplicitám a zablokované eskalaci. Vlastnictví procesu má zahrnovat rozhodovací práva a odpovědnost za výsledky.;Klare Befugnisse verhindern Lücken, Doppelarbeit und blockierte Eskalationen. Prozessverantwortung umfasst Entscheidungsrechte und Ergebnisverantwortung.;Organization chart, role descriptions and delegated authorities | Named process/system owners and deputies | Evidence that assigned responsibilities are understood and exercised;Organigram, popisy rolí a delegované pravomoci | Jmenovaní vlastníci procesů/systému a zástupci | Důkaz, že přidělené odpovědnosti jsou pochopeny a vykonávány;Organigramm, Rollenbeschreibungen und delegierte Befugnisse | Benannte Prozess-/Systemverantwortliche und Stellvertretungen | Nachweis, dass zugewiesene Verantwortungen verstanden und wahrgenommen werden;Titles exist but decision rights are unclear | Deputies are missing for critical responsibilities | Role descriptions conflict with actual practice;Role existují, ale rozhodovací pravomoci nejsou jasné | Chybí zástupci pro kritické odpovědnosti | Popisy rolí neodpovídají praxi;Rollen vorhanden, aber Entscheidungsbefugnisse unklar | Keine Stellvertretung für kritische Aufgaben | Rollenbeschreibungen widersprechen der Praxis
50001-6-1;ISO 50001;ISO 50001:2018 + Amd 1:2024;6.1;6;high;risk;0;0;Actions addressing risks and opportunities;Opatření k řešení rizik a příležitostí;Maßnahmen zum Umgang mit Risiken und Chancen;Determine risks and opportunities affecting intended EnMS outcomes and energy-performance improvement, plan actions, integrate them into EnMS and energy-performance processes and evaluate effectiveness.;Určete rizika a příležitosti ovlivňující zamýšlené výsledky EnMS a zlepšování energetické hospodárnosti, plánujte opatření, integrujte je do procesů EnMS a energetické hospodárnosti a hodnoťte účinnost.;Risiken und Chancen bestimmen, die beabsichtigte EnMS-Ergebnisse und Verbesserung der energiebezogenen Leistung beeinflussen, Maßnahmen planen, in EnMS- und Energieleistungsprozesse integrieren und Wirksamkeit bewerten.;Risk-based thinking connects context to operational control. The method may be proportionate, but decisions and effectiveness need to be demonstrable.;Myšlení založené na rizicích propojuje kontext s provozním řízením. Metoda může být přiměřená, ale rozhodnutí a účinnost musí být prokazatelné.;Risikobasiertes Denken verbindet Kontext und operative Lenkung. Die Methode darf angemessen sein, Entscheidungen und Wirksamkeit müssen jedoch nachweisbar sein.;Risk and opportunity register with criteria, actions and owners | Traceability from context/aspects/hazards to controls and objectives | Effectiveness review and residual-risk decisions;Registr rizik a příležitostí s kritérii, opatřeními a vlastníky | Návaznost od kontextu/aspektů/nebezpečí k opatřením a cílům | Přezkum účinnosti a rozhodnutí o zbytkovém riziku;Risiko- und Chancenregister mit Kriterien, Maßnahmen und Verantwortlichen | Rückverfolgbarkeit von Kontext/Aspekten/Gefährdungen zu Maßnahmen und Zielen | Wirksamkeitsprüfung und Entscheidungen zum Restrisiko;Register is a static list with no actions or effectiveness check | Scoring is inconsistent or hides severe risks | Opportunities and systemic risks are ignored;Registr je statický seznam bez opatření a ověření účinnosti | Hodnocení je nekonzistentní nebo skrývá závažná rizika | Příležitosti a systémová rizika jsou opomenuty;Statisches Register ohne Maßnahmen oder Wirksamkeitsprüfung | Inkonsistente Bewertung oder Verdeckung schwerer Risiken | Chancen und systemische Risiken werden ignoriert
50001-6-2;ISO 50001;ISO 50001:2018 + Amd 1:2024;6.2;6;high;objectives;0;0;Energy objectives, energy targets and action plans;Energetické cíle, cílové hodnoty a akční plány;Energieziele, Energiezielwerte und Aktionspläne;"Establish objectives at relevant functions and levels and energy targets that are consistent with policy, measurable, consider applicable requirements, SEUs and opportunities, and are monitored, communicated and updated; maintain action plans defining activities, resources, responsibility, timing, methods to verify energy-performance improvement and evaluation of results.";"Stanovte cíle na relevantních funkcích a úrovních a energetické cílové hodnoty v souladu s politikou, měřitelné, zohledňující použitelné požadavky, významná užití energie a příležitosti, monitorované, komunikované a aktualizované; udržujte akční plány s činnostmi, zdroji, odpovědností, termíny, metodami ověření zlepšení energetické hospodárnosti a hodnocením výsledků.";"Ziele für relevante Funktionen und Ebenen sowie Energiezielwerte im Einklang mit der Politik festlegen, messbar und unter Berücksichtigung anwendbarer Anforderungen, wesentlicher Energieeinsätze und Chancen; überwachen, kommunizieren und aktualisieren; Aktionspläne mit Tätigkeiten, Ressourcen, Verantwortung, Zeitplan, Methoden zur Verifizierung der Verbesserung und Ergebnisbewertung aufrechterhalten.";Energy objectives need normalization and a defined verification method so savings are distinguished from changes in production, weather, occupancy or product mix.;Energetické cíle potřebují normalizaci a definovanou metodu ověření, aby se úspory odlišily od změn výroby, počasí, obsazenosti nebo produktového mixu.;Energieziele benötigen Normalisierung und definierte Verifizierung, damit Einsparungen von Änderungen in Produktion, Wetter, Belegung oder Produktmix unterschieden werden.;Measurable objectives with baseline, target, owner and deadline | Action plans with resources, milestones and evaluation method | Regular status review and escalation when off track;Měřitelné cíle s výchozím stavem, cílovou hodnotou, vlastníkem a termínem | Akční plány se zdroji, milníky a metodou hodnocení | Pravidelné přezkoumání stavu a eskalace při odchylce;Messbare Ziele mit Ausgangswert, Zielwert, Verantwortlichem und Termin | Aktionspläne mit Ressourcen, Meilensteinen und Bewertungsmethode | Regelmäßige Statusbewertung und Eskalation bei Abweichung;Activity stated as an objective without measurable outcome | No baseline, owner, deadline or resources | Missed targets are reported but not acted upon;Činnost je uvedena jako cíl bez měřitelného výsledku | Chybí výchozí stav, vlastník, termín nebo zdroje | Nesplněné cíle jsou hlášeny bez opatření;Tätigkeit statt messbarem Ergebnis als Ziel | Kein Ausgangswert, Verantwortlicher, Termin oder Ressourcen | Verfehlte Ziele ohne Maßnahmen
50001-6-3;ISO 50001;ISO 50001:2018 + Amd 1:2024;6.3;6;high;energy-review;0;0;Energy review;Energetický přezkum;Energetische Bewertung;Develop and maintain an energy review using measurement and other data: analyze energy use and consumption, identify current energy types, evaluate past and present use, identify significant energy uses, determine relevant variables and current performance, identify persons influencing SEUs, estimate future use/consumption and identify/prioritize improvement opportunities.;Vypracujte a udržujte energetický přezkum s využitím měření a dalších dat: analyzujte užití a spotřebu energie, identifikujte současné druhy energie, hodnoťte minulou a současnou spotřebu, určete významná užití energie, relevantní proměnné a aktuální výkonnost, osoby ovlivňující SEU, odhad budoucího užití/spotřeby a identifikujte/prioritizujte příležitosti ke zlepšení.;Eine energetische Bewertung anhand von Mess- und anderen Daten entwickeln und aufrechterhalten: Energieeinsatz und -verbrauch analysieren, aktuelle Energiearten bestimmen, vergangene und gegenwärtige Nutzung bewerten, wesentliche Energieeinsätze identifizieren, relevante Variablen und aktuelle Leistung bestimmen, Einfluss nehmende Personen identifizieren, künftigen Einsatz/Verbrauch schätzen und Verbesserungsmöglichkeiten identifizieren/priorisieren.;The energy review is the analytical foundation of the EnMS. It should explain where energy goes, what drives it, which uses are significant and where verified improvement is technically/economically possible.;Energetický přezkum je analytickým základem EnMS. Má vysvětlit, kam energie směřuje, co ji ovlivňuje, která užití jsou významná a kde je technicky/ekonomicky možné ověřené zlepšení.;Die energetische Bewertung ist die analytische Grundlage des EnMS. Sie erklärt Energieflüsse, Treiber, wesentliche Energieeinsätze und technisch/wirtschaftlich mögliche verifizierbare Verbesserungen.;Monitoring plan with methods, frequency, criteria and responsibilities | Verified data, trends, dashboards and analysis | Actions triggered by adverse trends or missed targets;Plán monitorování s metodami, četností, kritérii a odpovědnostmi | Ověřená data, trendy, dashboardy a analýzy | Opatření vyvolaná nepříznivými trendy nebo nesplněnými cíli;Überwachungsplan mit Methoden, Häufigkeit, Kriterien und Verantwortlichkeiten | Verifizierte Daten, Trends, Dashboards und Analysen | Maßnahmen bei negativen Trends oder verfehlten Zielen;Data are collected without defined decisions or criteria | Poor data quality, missing calibration or inconsistent formulas | Trends are reported without corrective action;Data jsou sbírána bez definovaných rozhodnutí nebo kritérií | Nízká kvalita dat, chybějící kalibrace nebo nekonzistentní výpočty | Trendy jsou hlášeny bez nápravného opatření;Datenerfassung ohne definierte Entscheidungen oder Kriterien | Schlechte Datenqualität, fehlende Kalibrierung oder inkonsistente Formeln | Trends ohne Korrekturmaßnahmen
50001-6-4;ISO 50001;ISO 50001:2018 + Amd 1:2024;6.4;6;high;EnPI;0;0;Energy performance indicators (EnPIs);Ukazatele energetické hospodárnosti (EnPI);Energieleistungskennzahlen (EnPIs);Determine EnPIs appropriate for measuring and monitoring energy performance, define and maintain the method, review against EnBs, retain values and adjust relevant variables and static factors where data show significant effects.;Určete EnPI vhodné pro měření a monitorování energetické hospodárnosti, definujte a udržujte metodu, přezkoumávejte je vůči EnB, uchovávejte hodnoty a upravujte relevantní proměnné a statické faktory, pokud data prokazují významné vlivy.;Geeignete EnPIs zur Messung und Überwachung der energiebezogenen Leistung bestimmen, Methode definieren und aufrechterhalten, gegen EnBs bewerten, Werte aufbewahren und relevante Variablen sowie statische Faktoren bei signifikanten Dateneinflüssen anpassen.;"An EnPI should represent performance, not simply consumption. Ratios may be misleading when fixed loads or multiple variables exist; regression or segmented models may be more appropriate.";"EnPI má reprezentovat výkonnost, nikoli pouze spotřebu. Poměrové ukazatele mohou klamat při fixních odběrech nebo více proměnných; vhodnější může být regrese nebo segmentovaný model.";"Ein EnPI soll Leistung darstellen, nicht nur Verbrauch. Verhältniskennzahlen können bei Grundlasten oder mehreren Variablen irreführen; Regression oder segmentierte Modelle können geeigneter sein.";Monitoring plan with methods, frequency, criteria and responsibilities | Verified data, trends, dashboards and analysis | Actions triggered by adverse trends or missed targets;Plán monitorování s metodami, četností, kritérii a odpovědnostmi | Ověřená data, trendy, dashboardy a analýzy | Opatření vyvolaná nepříznivými trendy nebo nesplněnými cíli;Überwachungsplan mit Methoden, Häufigkeit, Kriterien und Verantwortlichkeiten | Verifizierte Daten, Trends, Dashboards und Analysen | Maßnahmen bei negativen Trends oder verfehlten Zielen;Data are collected without defined decisions or criteria | Poor data quality, missing calibration or inconsistent formulas | Trends are reported without corrective action;Data jsou sbírána bez definovaných rozhodnutí nebo kritérií | Nízká kvalita dat, chybějící kalibrace nebo nekonzistentní výpočty | Trendy jsou hlášeny bez nápravného opatření;Datenerfassung ohne definierte Entscheidungen oder Kriterien | Schlechte Datenqualität, fehlende Kalibrierung oder inkonsistente Formeln | Trends ohne Korrekturmaßnahmen
50001-6-5;ISO 50001;ISO 50001:2018 + Amd 1:2024;6.5;6;high;EnB;0;0;Energy baseline (EnB);Energetická základna (EnB);Energetische Ausgangsbasis (EnB);Establish EnBs using suitable periods and energy-review information, adjust them when EnPIs no longer reflect performance, static factors change or a predetermined method requires it, and retain baseline data and modifications.;Stanovte EnB s použitím vhodných období a informací z energetického přezkumu, upravujte je, pokud EnPI již nereprezentují výkonnost, změní se statické faktory nebo to vyžaduje předem stanovená metoda, a uchovávejte data základny a změny.;EnBs anhand geeigneter Zeiträume und Informationen der energetischen Bewertung festlegen, anpassen, wenn EnPIs Leistung nicht mehr abbilden, statische Faktoren sich ändern oder eine vorbestimmte Methode dies verlangt, und Basisdaten sowie Änderungen aufbewahren.;Baseline selection should represent normal operating conditions and be protected from arbitrary resetting that would hide deterioration or inflate claimed savings.;Volba základny má reprezentovat běžné provozní podmínky a být chráněna před svévolným přenastavením, které by skrylo zhoršení nebo nadhodnotilo úspory.;Die Ausgangsbasis muss normale Betriebsbedingungen repräsentieren und vor willkürlicher Neufestlegung geschützt sein, die Verschlechterung verdeckt oder Einsparungen überhöht.;Monitoring plan with methods, frequency, criteria and responsibilities | Verified data, trends, dashboards and analysis | Actions triggered by adverse trends or missed targets;Plán monitorování s metodami, četností, kritérii a odpovědnostmi | Ověřená data, trendy, dashboardy a analýzy | Opatření vyvolaná nepříznivými trendy nebo nesplněnými cíli;Überwachungsplan mit Methoden, Häufigkeit, Kriterien und Verantwortlichkeiten | Verifizierte Daten, Trends, Dashboards und Analysen | Maßnahmen bei negativen Trends oder verfehlten Zielen;Data are collected without defined decisions or criteria | Poor data quality, missing calibration or inconsistent formulas | Trends are reported without corrective action;Data jsou sbírána bez definovaných rozhodnutí nebo kritérií | Nízká kvalita dat, chybějící kalibrace nebo nekonzistentní výpočty | Trendy jsou hlášeny bez nápravného opatření;Datenerfassung ohne definierte Entscheidungen oder Kriterien | Schlechte Datenqualität, fehlende Kalibrierung oder inkonsistente Formeln | Trends ohne Korrekturmaßnahmen
50001-6-6;ISO 50001;ISO 50001:2018 + Amd 1:2024;6.6;6;high;data;0;0;Planning for collection of energy data;Plánování sběru energetických dat;Planung der Sammlung von Energiedaten;"Define and implement an energy-data collection plan appropriate to size, complexity, resources and monitoring equipment, specifying data needed for key characteristics, frequency and retention; periodically review the plan and ensure accurate, repeatable data.";"Definujte a zavádějte plán sběru energetických dat odpovídající velikosti, složitosti, zdrojům a měřicímu vybavení, který stanoví potřebná data pro klíčové charakteristiky, četnost a uchování; plán pravidelně přezkoumávejte a zajišťujte přesná a opakovatelná data.";"Einen der Größe, Komplexität, Ressourcen und Messeinrichtung angemessenen Energiedatensammelplan definieren und umsetzen, der benötigte Daten für Schlüsselmerkmale, Häufigkeit und Aufbewahrung festlegt; Plan regelmäßig prüfen und genaue, wiederholbare Daten sicherstellen.";The plan should cover SEU consumption, relevant variables, static factors, action-plan data and overall consumption, with meter hierarchy, data validation, missing-data rules and ownership.;Plán má pokrývat spotřebu SEU, relevantní proměnné, statické faktory, data akčních plánů a celkovou spotřebu, včetně hierarchie měřidel, validace dat, pravidel pro chybějící data a vlastnictví.;Der Plan umfasst SEU-Verbrauch, relevante Variablen, statische Faktoren, Aktionsplandaten und Gesamtverbrauch einschließlich Zählerhierarchie, Datenvalidierung, Regeln für fehlende Daten und Verantwortlichkeiten.;Monitoring plan with methods, frequency, criteria and responsibilities | Verified data, trends, dashboards and analysis | Actions triggered by adverse trends or missed targets;Plán monitorování s metodami, četností, kritérii a odpovědnostmi | Ověřená data, trendy, dashboardy a analýzy | Opatření vyvolaná nepříznivými trendy nebo nesplněnými cíli;Überwachungsplan mit Methoden, Häufigkeit, Kriterien und Verantwortlichkeiten | Verifizierte Daten, Trends, Dashboards und Analysen | Maßnahmen bei negativen Trends oder verfehlten Zielen;Data are collected without defined decisions or criteria | Poor data quality, missing calibration or inconsistent formulas | Trends are reported without corrective action;Data jsou sbírána bez definovaných rozhodnutí nebo kritérií | Nízká kvalita dat, chybějící kalibrace nebo nekonzistentní výpočty | Trendy jsou hlášeny bez nápravného opatření;Datenerfassung ohne definierte Entscheidungen oder Kriterien | Schlechte Datenqualität, fehlende Kalibrierung oder inkonsistente Formeln | Trends ohne Korrekturmaßnahmen
50001-7-1;ISO 50001;ISO 50001:2018 + Amd 1:2024;7.1;7;medium;resources;0;0;Resources;Zdroje;Ressourcen;Determine and provide the people, infrastructure, tools, information and financial resources needed to establish, operate, maintain and improve the EnMS.;Určete a poskytujte lidi, infrastrukturu, nástroje, informace a finanční zdroje potřebné k zavedení, provozu, udržování a zlepšování EnMS.;Personal, Infrastruktur, Werkzeuge, Informationen und finanzielle Ressourcen bestimmen und bereitstellen, die für Einführung, Betrieb, Aufrechterhaltung und Verbesserung des EnMS erforderlich sind.;Resource adequacy is judged against risks, workload and intended results. Persistent overload or unavailable tools are system issues, not individual shortcomings.;Přiměřenost zdrojů se posuzuje vůči rizikům, pracovní zátěži a zamýšleným výsledkům. Trvalé přetížení nebo chybějící nástroje jsou systémovým problémem, ne selháním jednotlivce.;Ressourcenangemessenheit wird an Risiken, Arbeitslast und beabsichtigten Ergebnissen gemessen. Dauerhafte Überlastung oder fehlende Werkzeuge sind Systemprobleme, keine individuellen Fehler.;Resource plan and budget decisions | Capacity, staffing, infrastructure and tool assessments | Evidence that resource gaps are addressed;Plán zdrojů a rozpočtová rozhodnutí | Posouzení kapacit, personálu, infrastruktury a nástrojů | Důkaz řešení nedostatků zdrojů;Ressourcenplan und Budgetentscheidungen | Bewertung von Kapazität, Personal, Infrastruktur und Werkzeugen | Nachweis zur Behebung von Ressourcenlücken;Resource needs are assumed rather than evaluated | Capacity constraints are accepted without risk control | Tools or infrastructure are unavailable or unreliable;Potřeby zdrojů jsou předpokládány místo hodnocení | Kapacitní omezení jsou přijata bez řízení rizika | Nástroje nebo infrastruktura nejsou dostupné či spolehlivé;Ressourcenbedarf wird angenommen statt bewertet | Kapazitätsengpässe ohne Risikosteuerung akzeptiert | Werkzeuge oder Infrastruktur fehlen bzw. sind unzuverlässig
50001-7-2;ISO 50001;ISO 50001:2018 + Amd 1:2024;7.2;7;high;competence;0;0;Competence;Kompetence;Kompetenz;Determine competence of persons whose work affects energy performance and the EnMS, ensure competence, act on gaps, evaluate action effectiveness and retain evidence.;Určete kompetence osob, jejichž práce ovlivňuje energetickou hospodárnost a EnMS, zajistěte kompetentnost, řešte mezery, hodnoťte účinnost opatření a uchovávejte důkazy.;Kompetenz von Personen bestimmen, deren Arbeit energiebezogene Leistung und EnMS beeinflusst, Kompetenz sicherstellen, Lücken behandeln, Wirksamkeit bewerten und Nachweise aufbewahren.;Competence is demonstrated capability, not attendance. Evaluation should match the risk and complexity of the task.;Kompetence je prokázaná schopnost, nikoli účast na školení. Hodnocení má odpovídat riziku a složitosti úkolu.;Kompetenz ist nachgewiesene Fähigkeit, nicht bloße Teilnahme. Die Bewertung muss Risiko und Komplexität der Aufgabe entsprechen.;Competence matrix and role-specific requirements | Training, qualification and experience records | Evaluation of training effectiveness and authorization;Matice kompetencí a požadavky pro jednotlivé role | Záznamy o školení, kvalifikaci a zkušenostech | Hodnocení účinnosti školení a oprávnění;Kompetenzmatrix und rollenspezifische Anforderungen | Schulungs-, Qualifikations- und Erfahrungsnachweise | Bewertung der Schulungswirksamkeit und Freigabe;Attendance is treated as proof of competence | Competence criteria are not role specific | Expired qualifications or unauthorized work;Účast na školení je považována za důkaz kompetence | Kritéria kompetence nejsou specifická pro roli | Propadlé kvalifikace nebo práce bez oprávnění;Teilnahme gilt fälschlich als Kompetenznachweis | Kompetenzkriterien nicht rollenspezifisch | Abgelaufene Qualifikationen oder nicht autorisierte Tätigkeiten
50001-7-3;ISO 50001;ISO 50001:2018 + Amd 1:2024;7.3;7;medium;awareness;0;0;Awareness;Povědomí;Bewusstsein;Ensure persons under organizational control understand energy policy, their contribution to EnMS and energy-performance improvement, benefits of improved performance, impact of their activities/behavior and consequences of not fulfilling requirements.;Zajistěte, aby osoby pod řízením organizace chápaly energetickou politiku, svůj přínos k EnMS a zlepšování energetické hospodárnosti, přínosy zlepšení, dopad svých činností/chování a důsledky nesplnění požadavků.;Sicherstellen, dass unter Kontrolle der Organisation tätige Personen Energiepolitik, eigenen Beitrag zu EnMS und Leistungsverbesserung, Nutzen verbesserter Leistung, Auswirkungen ihrer Tätigkeiten/Verhaltensweisen und Folgen der Nichterfüllung verstehen.;Awareness is tested through behavior and interviews at the point of work. People should know what matters in their role and what to do when control is lost.;Povědomí se ověřuje chováním a rozhovory přímo na pracovišti. Lidé mají vědět, co je v jejich roli důležité a co dělat při ztrátě řízení.;Bewusstsein wird durch Verhalten und Interviews am Arbeitsplatz geprüft. Personen müssen wissen, was in ihrer Rolle wichtig ist und was bei Kontrollverlust zu tun ist.;Interviews demonstrating understanding of policy, risks and contribution | Induction, toolbox talk or campaign records | Evidence personnel understand consequences of nonconformity;Rozhovory prokazující porozumění politice, rizikům a vlastnímu přínosu | Záznamy z nástupních školení, toolbox talků nebo kampaní | Důkaz porozumění důsledkům neshody;Interviews zum Verständnis von Politik, Risiken und eigenem Beitrag | Nachweise aus Unterweisungen, Toolbox Talks oder Kampagnen | Nachweis zum Verständnis der Folgen von Nichtkonformität;Personnel can repeat slogans but not their own controls | Consequences of nonconformity are unknown | Contractors and temporary workers are excluded;Pracovníci opakují slogany, ale neznají vlastní opatření | Neznají důsledky neshody | Dodavatelé a dočasní pracovníci jsou vynecháni;Beschäftigte kennen Slogans, aber nicht ihre Kontrollen | Folgen der Nichtkonformität unbekannt | Fremd- und Zeitarbeitende ausgeschlossen
50001-7-4;ISO 50001;ISO 50001:2018 + Amd 1:2024;7.4;7;medium;communication;0;0;Communication;Komunikace;Kommunikation;Determine internal and external communications relevant to the EnMS, including what, when, with whom, how and who communicates, and establish a process enabling persons to make comments or suggest improvements.;Určete interní a externí komunikaci relevantní pro EnMS včetně toho, co, kdy, s kým, jak a kdo komunikuje, a zaveďte proces umožňující osobám podávat připomínky nebo návrhy zlepšení.;Relevante interne und externe EnMS-Kommunikation bestimmen, einschließlich Was, Wann, Mit wem, Wie und Wer, und einen Prozess für Kommentare oder Verbesserungsvorschläge einführen.;Communication is a controlled process when accuracy, timing or commitments matter. The organization should be able to show both outgoing and incoming communication trails.;Komunikace je řízeným procesem, pokud záleží na správnosti, načasování nebo závazcích. Organizace má umět doložit odchozí i příchozí komunikační stopu.;Kommunikation ist ein gelenkter Prozess, wenn Richtigkeit, Zeitpunkt oder Verpflichtungen relevant sind. Ausgehende und eingehende Kommunikationswege müssen nachweisbar sein.;Communication matrix defining what, when, with whom, how and by whom | Examples of internal and external communications | Controls for accuracy, consistency and response;Komunikační matice určující co, kdy, s kým, jak a kým | Příklady interní a externí komunikace | Opatření pro správnost, konzistenci a reakci;Kommunikationsmatrix zu Was, Wann, Mit wem, Wie und Durch wen | Beispiele interner und externer Kommunikation | Kontrollen für Richtigkeit, Konsistenz und Reaktion;Communication is informal and responsibilities are unclear | External statements are not verified | No mechanism to receive, record and respond;Komunikace je neformální a odpovědnosti nejsou jasné | Externí sdělení nejsou ověřována | Chybí mechanismus pro příjem, záznam a reakci;Informelle Kommunikation mit unklaren Verantwortungen | Externe Aussagen nicht verifiziert | Kein Mechanismus für Eingang, Aufzeichnung und Reaktion
50001-7-5-1;ISO 50001;ISO 50001:2018 + Amd 1:2024;7.5.1;7;medium;documents;0;0;Documented information — general;Dokumentované informace — obecně;Dokumentierte Information — Allgemeines;Maintain documented information required by the standard and determined necessary for effective operation, and retain evidence needed to demonstrate results.;Udržujte dokumentované informace požadované normou a určené jako nezbytné pro účinný provoz a uchovávejte důkazy potřebné k prokázání výsledků.;Von der Norm geforderte und für den wirksamen Betrieb als notwendig bestimmte dokumentierte Information aufrechterhalten sowie Nachweise der Ergebnisse aufbewahren.;The amount and form of documentation should fit risk, complexity and competence. The test is whether people can work consistently and evidence can be retrieved.;Rozsah a forma dokumentace mají odpovídat riziku, složitosti a kompetenci. Testem je konzistentní práce a dohledatelnost důkazů.;Umfang und Form der Dokumentation müssen zu Risiko, Komplexität und Kompetenz passen. Entscheidend sind konsistente Arbeit und auffindbare Nachweise.;Controlled procedures, forms and records with owner and revision | Approval, access, retention and obsolete-version controls | Evidence external documents are identified and current;Řízené postupy, formuláře a záznamy s vlastníkem a revizí | Řízení schválení, přístupu, uchování a neplatných verzí | Důkaz identifikace a aktuálnosti externích dokumentů;Gelenkte Verfahren, Formulare und Aufzeichnungen mit Verantwortlichem und Revision | Freigabe-, Zugriffs-, Aufbewahrungs- und Altversionslenkung | Nachweis zur Identifizierung und Aktualität externer Dokumente;Obsolete instructions remain at the workplace | Records are editable, incomplete or not retrievable | External specifications and laws are not controlled;Na pracovišti zůstávají neplatné instrukce | Záznamy jsou editovatelné, neúplné nebo nedohledatelné | Externí specifikace a právní předpisy nejsou řízeny;Veraltete Anweisungen am Arbeitsplatz | Aufzeichnungen veränderbar, unvollständig oder nicht auffindbar | Externe Spezifikationen und Gesetze nicht gelenkt
50001-7-5-2;ISO 50001;ISO 50001:2018 + Amd 1:2024;7.5.2;7;medium;documents;0;0;Creating and updating documented information;Vytváření a aktualizace dokumentovaných informací;Erstellen und Aktualisieren dokumentierter Information;When documents are created or updated, ensure suitable identification, format, review and approval for adequacy.;Při vytváření nebo aktualizaci dokumentů zajistěte vhodnou identifikaci, formát, přezkoumání a schválení přiměřenosti.;Beim Erstellen oder Aktualisieren geeignete Kennzeichnung, Format, Prüfung und Freigabe auf Angemessenheit sicherstellen.;A controlled document has a clear owner, status and authorized content. Digital workflows should preserve the same controls as paper systems.;Řízený dokument má jasného vlastníka, stav a autorizovaný obsah. Digitální workflow musí zachovat stejné principy jako papírový systém.;Ein gelenktes Dokument hat eindeutigen Verantwortlichen, Status und autorisierten Inhalt. Digitale Workflows müssen dieselben Kontrollen wie Papierlösungen sicherstellen.;Controlled procedures, forms and records with owner and revision | Approval, access, retention and obsolete-version controls | Evidence external documents are identified and current;Řízené postupy, formuláře a záznamy s vlastníkem a revizí | Řízení schválení, přístupu, uchování a neplatných verzí | Důkaz identifikace a aktuálnosti externích dokumentů;Gelenkte Verfahren, Formulare und Aufzeichnungen mit Verantwortlichem und Revision | Freigabe-, Zugriffs-, Aufbewahrungs- und Altversionslenkung | Nachweis zur Identifizierung und Aktualität externer Dokumente;Obsolete instructions remain at the workplace | Records are editable, incomplete or not retrievable | External specifications and laws are not controlled;Na pracovišti zůstávají neplatné instrukce | Záznamy jsou editovatelné, neúplné nebo nedohledatelné | Externí specifikace a právní předpisy nejsou řízeny;Veraltete Anweisungen am Arbeitsplatz | Aufzeichnungen veränderbar, unvollständig oder nicht auffindbar | Externe Spezifikationen und Gesetze nicht gelenkt
50001-7-5-3;ISO 50001;ISO 50001:2018 + Amd 1:2024;7.5.3;7;high;documents;0;0;Control of documented information;Řízení dokumentovaných informací;Lenkung dokumentierter Information;Control availability, protection, distribution, access, retrieval, use, storage, preservation, change, retention and disposition, including relevant external documents.;Řiďte dostupnost, ochranu, distribuci, přístup, dohledání, použití, ukládání, zachování, změny, dobu uchování a likvidaci, včetně relevantních externích dokumentů.;Verfügbarkeit, Schutz, Verteilung, Zugriff, Auffindbarkeit, Verwendung, Speicherung, Erhaltung, Änderung, Aufbewahrung und Verfügung einschließlich relevanter externer Dokumente lenken.;Control must make the right information available where needed while protecting integrity, confidentiality and traceability.;Řízení musí zajistit dostupnost správné informace tam, kde je potřeba, a současně chránit integritu, důvěrnost a sledovatelnost.;Lenkung stellt die richtige Information am benötigten Ort bereit und schützt gleichzeitig Integrität, Vertraulichkeit und Rückverfolgbarkeit.;Controlled procedures, forms and records with owner and revision | Approval, access, retention and obsolete-version controls | Evidence external documents are identified and current;Řízené postupy, formuláře a záznamy s vlastníkem a revizí | Řízení schválení, přístupu, uchování a neplatných verzí | Důkaz identifikace a aktuálnosti externích dokumentů;Gelenkte Verfahren, Formulare und Aufzeichnungen mit Verantwortlichem und Revision | Freigabe-, Zugriffs-, Aufbewahrungs- und Altversionslenkung | Nachweis zur Identifizierung und Aktualität externer Dokumente;Obsolete instructions remain at the workplace | Records are editable, incomplete or not retrievable | External specifications and laws are not controlled;Na pracovišti zůstávají neplatné instrukce | Záznamy jsou editovatelné, neúplné nebo nedohledatelné | Externí specifikace a právní předpisy nejsou řízeny;Veraltete Anweisungen am Arbeitsplatz | Aufzeichnungen veränderbar, unvollständig oder nicht auffindbar | Externe Spezifikationen und Gesetze nicht gelenkt
50001-8-1;ISO 50001;ISO 50001:2018 + Amd 1:2024;8.1;8;high;operation;0;0;Operational planning and control;Plánování a řízení provozu;Betriebliche Planung und Steuerung;"Plan, implement and control processes related to significant energy uses and action plans by establishing operating/maintenance criteria, communicating them to relevant persons, operating and maintaining accordingly, and controlling planned changes and unintended deviations; control outsourced SEUs or related processes.";"Plánujte, zavádějte a řiďte procesy související s významnými užitími energie a akčními plány stanovením provozních/údržbových kritérií, jejich komunikací relevantním osobám, provozem a údržbou podle nich a řízením plánovaných změn i neúmyslných odchylek; řiďte outsourcovaná SEU nebo související procesy.";"Prozesse im Zusammenhang mit wesentlichen Energieeinsätzen und Aktionsplänen planen, umsetzen und steuern, Betriebs-/Instandhaltungskriterien festlegen und kommunizieren, entsprechend betreiben und instand halten sowie geplante Änderungen und unbeabsichtigte Abweichungen steuern; ausgelagerte SEUs oder zugehörige Prozesse lenken.";"Operating criteria for SEUs should define efficient settings, schedules, shutdown, maintenance, control limits and reaction plans; actual performance should be compared with expected consumption.";"Provozní kritéria pro SEU mají definovat účinná nastavení, harmonogramy, odstavení, údržbu, regulační meze a reakční plány; skutečná výkonnost se má porovnávat s očekávanou spotřebou.";"Betriebskriterien für SEUs definieren effiziente Einstellungen, Zeitpläne, Abschaltung, Instandhaltung, Kontrollgrenzen und Reaktionspläne; tatsächliche Leistung wird mit erwartetem Verbrauch verglichen.";Process controls, work instructions, acceptance criteria and records | Controls for planned changes and outsourced/external provision | Evidence controls are implemented at the point of work;Procesní opatření, pracovní instrukce, přejímací kritéria a záznamy | Řízení plánovaných změn a externě poskytovaných činností | Důkaz zavedení opatření přímo na pracovišti;Prozesslenkungen, Arbeitsanweisungen, Annahmekriterien und Aufzeichnungen | Lenkung geplanter Änderungen und extern bereitgestellter Tätigkeiten | Nachweis der Umsetzung am Ort der Tätigkeit;Controls exist in documents but are not used at the point of work | Acceptance criteria are subjective | External providers are assumed to control risks themselves;Opatření jsou v dokumentech, ale nepoužívají se na pracovišti | Přejímací kritéria jsou subjektivní | Předpokládá se, že externí poskytovatel řídí rizika sám;Kontrollen nur dokumentiert, nicht am Arbeitsplatz angewendet | Subjektive Annahmekriterien | Externe Anbieter sollen Risiken angeblich selbst lenken
50001-8-2;ISO 50001;ISO 50001:2018 + Amd 1:2024;8.2;8;high;design;0;0;Design;Návrh;Auslegung;"Consider opportunities for improving energy performance and operational control in design of new, modified and renovated facilities, equipment, systems and energy-using processes that can significantly affect energy performance, and incorporate results into specification, design and procurement; retain evidence.";"Zvažujte příležitosti ke zlepšení energetické hospodárnosti a provozního řízení při návrhu nových, změněných a renovovaných zařízení, vybavení, systémů a procesů využívajících energii, které mohou významně ovlivnit výkonnost, a začleňujte výsledky do specifikace, návrhu a nákupu; uchovávejte důkazy.";"Chancen zur Verbesserung von energiebezogener Leistung und betrieblicher Steuerung bei Auslegung neuer, geänderter und renovierter Einrichtungen, Anlagen, Systeme und energieverbrauchender Prozesse mit wesentlichem Einfluss berücksichtigen und Ergebnisse in Spezifikation, Auslegung und Beschaffung integrieren; Nachweise aufbewahren.";Life-cycle energy cost, operating profile, part-load efficiency, controls, metering, maintainability and future energy conditions should be considered before the design is fixed.;Náklady na energii v životním cyklu, provozní profil, účinnost při částečném zatížení, řízení, měření, udržovatelnost a budoucí energetické podmínky se mají zvažovat před zmrazením návrhu.;Lebenszyklus-Energiekosten, Betriebsprofil, Teillastwirkungsgrad, Steuerung, Messung, Instandhaltbarkeit und künftige Energiebedingungen sind vor Festlegung der Auslegung zu berücksichtigen.;Change request and impact/risk assessment | Approval, communication, implementation and validation records | Post-implementation review and update of affected documents;Požadavek na změnu a posouzení dopadů/rizik | Záznamy o schválení, komunikaci, zavedení a validaci | Následný přezkum a aktualizace dotčených dokumentů;Änderungsantrag und Auswirkungs-/Risikobewertung | Nachweise zu Freigabe, Kommunikation, Umsetzung und Validierung | Nachbewertung und Aktualisierung betroffener Dokumente;Changes implemented before risk assessment or approval | Temporary changes become permanent without validation | Affected documents, competence or controls are not updated;Změny jsou zavedeny před posouzením rizik nebo schválením | Dočasné změny se stanou trvalými bez validace | Dotčené dokumenty, kompetence nebo opatření nejsou aktualizovány;Änderungen vor Risikobewertung oder Freigabe umgesetzt | Temporäre Änderungen ohne Validierung dauerhaft | Betroffene Dokumente, Kompetenzen oder Kontrollen nicht aktualisiert
50001-8-3;ISO 50001;ISO 50001:2018 + Amd 1:2024;8.3;8;high;procurement;0;0;Procurement;Nákup;Beschaffung;"Establish and implement criteria to evaluate energy performance over planned or expected operating lifetime when procuring energy-using products, equipment and services expected to significantly affect energy performance; inform suppliers that energy performance is an evaluation criterion and define specifications for energy supply where applicable.";"Stanovte a uplatňujte kritéria hodnocení energetické hospodárnosti během plánované nebo očekávané provozní životnosti při nákupu energeticky významných produktů, zařízení a služeb; informujte dodavatele, že energetická hospodárnost je hodnoticím kritériem, a podle potřeby definujte specifikace nákupu energie.";"Kriterien zur Bewertung der energiebezogenen Leistung über geplante oder erwartete Betriebslebensdauer bei Beschaffung von Produkten, Anlagen und Dienstleistungen mit voraussichtlich wesentlichem Energieeinfluss festlegen und anwenden; Anbieter informieren, dass Energieleistung Bewertungskriterium ist, und gegebenenfalls Spezifikationen für Energiebeschaffung definieren.";Purchase price alone can lock in inefficient operation for years. Total energy cost, performance at actual load, controls, service and verification should influence selection.;Samotná nákupní cena může na roky uzamknout neúčinný provoz. Výběr má ovlivnit celkový energetický náklad, výkonnost při skutečném zatížení, řízení, servis a ověřování.;Der Kaufpreis allein kann jahrelang ineffizienten Betrieb festschreiben. Gesamtenergiekosten, Leistung bei realer Last, Steuerung, Service und Verifizierung sollen die Auswahl beeinflussen.;Controlled procedures, forms and records with owner and revision | Approval, access, retention and obsolete-version controls | Evidence external documents are identified and current;Řízené postupy, formuláře a záznamy s vlastníkem a revizí | Řízení schválení, přístupu, uchování a neplatných verzí | Důkaz identifikace a aktuálnosti externích dokumentů;Gelenkte Verfahren, Formulare und Aufzeichnungen mit Verantwortlichem und Revision | Freigabe-, Zugriffs-, Aufbewahrungs- und Altversionslenkung | Nachweis zur Identifizierung und Aktualität externer Dokumente;Obsolete instructions remain at the workplace | Records are editable, incomplete or not retrievable | External specifications and laws are not controlled;Na pracovišti zůstávají neplatné instrukce | Záznamy jsou editovatelné, neúplné nebo nedohledatelné | Externí specifikace a právní předpisy nejsou řízeny;Veraltete Anweisungen am Arbeitsplatz | Aufzeichnungen veränderbar, unvollständig oder nicht auffindbar | Externe Spezifikationen und Gesetze nicht gelenkt
50001-9-1-1;ISO 50001;ISO 50001:2018 + Amd 1:2024;9.1.1;9;high;monitoring;0;0;Monitoring, measurement, analysis and evaluation of energy performance and the EnMS;Monitorování, měření, analýza a hodnocení energetické hospodárnosti a EnMS;Überwachung, Messung, Analyse und Bewertung von energiebezogener Leistung und EnMS;"Determine key characteristics to monitor and measure, including action-plan effectiveness, EnPIs, SEU operation, actual versus expected consumption and energy performance; define methods, frequency and evaluation, ensure measurement quality, investigate significant deviations, evaluate improvement and retain evidence.";"Určete klíčové charakteristiky k monitorování a měření včetně účinnosti akčních plánů, EnPI, provozu SEU, skutečné versus očekávané spotřeby a energetické hospodárnosti; definujte metody, četnost a hodnocení, zajistěte kvalitu měření, vyšetřujte významné odchylky, vyhodnocujte zlepšení a uchovávejte důkazy.";"Zu überwachende und messende Schlüsselmerkmale bestimmen, einschließlich Wirksamkeit von Aktionsplänen, EnPIs, SEU-Betrieb, tatsächlichem gegenüber erwartetem Verbrauch und energiebezogener Leistung; Methoden, Häufigkeit und Bewertung festlegen, Messqualität sicherstellen, wesentliche Abweichungen untersuchen, Verbesserung bewerten und Nachweise aufbewahren.";Energy-performance improvement must be demonstrated through valid comparison against EnBs and relevant variables, with significant deviations investigated and not explained away without evidence.;"Zlepšení energetické hospodárnosti musí být prokázáno platným porovnáním vůči EnB a relevantním proměnným; významné odchylky se musí vyšetřit a nelze je bez důkazu pouze slovně vysvětlit.";"Verbesserung der energiebezogenen Leistung muss durch gültigen Vergleich mit EnBs und relevanten Variablen belegt werden; wesentliche Abweichungen sind zu untersuchen und dürfen nicht ohne Nachweis erklärt werden.";Monitoring plan with methods, frequency, criteria and responsibilities | Verified data, trends, dashboards and analysis | Actions triggered by adverse trends or missed targets;Plán monitorování s metodami, četností, kritérii a odpovědnostmi | Ověřená data, trendy, dashboardy a analýzy | Opatření vyvolaná nepříznivými trendy nebo nesplněnými cíli;Überwachungsplan mit Methoden, Häufigkeit, Kriterien und Verantwortlichkeiten | Verifizierte Daten, Trends, Dashboards und Analysen | Maßnahmen bei negativen Trends oder verfehlten Zielen;Data are collected without defined decisions or criteria | Poor data quality, missing calibration or inconsistent formulas | Trends are reported without corrective action;Data jsou sbírána bez definovaných rozhodnutí nebo kritérií | Nízká kvalita dat, chybějící kalibrace nebo nekonzistentní výpočty | Trendy jsou hlášeny bez nápravného opatření;Datenerfassung ohne definierte Entscheidungen oder Kriterien | Schlechte Datenqualität, fehlende Kalibrierung oder inkonsistente Formeln | Trends ohne Korrekturmaßnahmen
50001-9-1-2;ISO 50001;ISO 50001:2018 + Amd 1:2024;9.1.2;9;high;compliance;0;0;Evaluation of compliance;Hodnocení souladu;Bewertung der Einhaltung von Verpflichtungen;At planned intervals evaluate compliance with legal and other requirements related to energy efficiency, energy use, energy consumption and the EnMS, take action as needed and retain evidence of results.;V plánovaných intervalech vyhodnocujte soulad s právními a jinými požadavky souvisejícími s energetickou účinností, užitím a spotřebou energie a EnMS, podle potřeby přijímejte opatření a uchovávejte důkazy o výsledcích.;In geplanten Abständen die Einhaltung rechtlicher und anderer Anforderungen zu Energieeffizienz, Energieeinsatz, Energieverbrauch und EnMS bewerten, bei Bedarf Maßnahmen ergreifen und Ergebnisnachweise aufbewahren.;"A legal register identifies obligations; compliance evaluation tests actual fulfilment. Sampling should cover permits, operational conditions, reporting and emerging changes.";"Právní registr identifikuje povinnosti; hodnocení souladu ověřuje jejich skutečné plnění. Vzorkování má pokrývat povolení, provozní podmínky, hlášení i nové změny.";"Ein Rechtsregister identifiziert Verpflichtungen; die Compliance-Bewertung prüft deren tatsächliche Erfüllung. Stichproben umfassen Genehmigungen, Betriebsauflagen, Meldungen und neue Änderungen.";Monitoring plan with methods, frequency, criteria and responsibilities | Verified data, trends, dashboards and analysis | Actions triggered by adverse trends or missed targets;Plán monitorování s metodami, četností, kritérii a odpovědnostmi | Ověřená data, trendy, dashboardy a analýzy | Opatření vyvolaná nepříznivými trendy nebo nesplněnými cíli;Überwachungsplan mit Methoden, Häufigkeit, Kriterien und Verantwortlichkeiten | Verifizierte Daten, Trends, Dashboards und Analysen | Maßnahmen bei negativen Trends oder verfehlten Zielen;Data are collected without defined decisions or criteria | Poor data quality, missing calibration or inconsistent formulas | Trends are reported without corrective action;Data jsou sbírána bez definovaných rozhodnutí nebo kritérií | Nízká kvalita dat, chybějící kalibrace nebo nekonzistentní výpočty | Trendy jsou hlášeny bez nápravného opatření;Datenerfassung ohne definierte Entscheidungen oder Kriterien | Schlechte Datenqualität, fehlende Kalibrierung oder inkonsistente Formeln | Trends ohne Korrekturmaßnahmen
50001-9-2-1;ISO 50001;ISO 50001:2018 + Amd 1:2024;9.2.1;9;high;audit;0;0;Internal audit — general;Interní audit — obecně;Internes Audit — Allgemeines;Conduct internal audits at planned intervals to determine whether the EnMS improves energy performance, conforms to own requirements, policy/objectives and ISO 50001, and is effectively implemented and maintained.;Provádějte interní audity v plánovaných intervalech pro určení, zda EnMS zlepšuje energetickou hospodárnost, je ve shodě s vlastními požadavky, politikou/cíli a ISO 50001 a je účinně zaveden a udržován.;Interne Audits in geplanten Abständen durchführen, um festzustellen, ob das EnMS die energiebezogene Leistung verbessert, eigenen Anforderungen, Politik/Zielen und ISO 50001 entspricht und wirksam umgesetzt sowie aufrechterhalten ist.;An internal audit should test process effectiveness and evidence, not only clause wording. It is an independent management assurance activity.;Interní audit má ověřovat účinnost procesů a důkazy, nikoli pouze text článků. Jde o nezávislou ujišťovací činnost pro vedení.;Ein internes Audit prüft Prozesswirksamkeit und Nachweise, nicht nur Normformulierungen. Es ist eine unabhängige Sicherungsaktivität für die Leitung.;Risk-based audit programme, plans, objectives, criteria and scope | Competent and impartial auditors | Reports, findings, actions and effectiveness follow-up;Program auditů založený na rizicích, plány, cíle, kritéria a rozsah | Kompetentní a nestranní auditoři | Zprávy, zjištění, opatření a následné ověření účinnosti;Risikobasiertes Auditprogramm, Pläne, Ziele, Kriterien und Umfang | Kompetente und unparteiische Auditoren | Berichte, Feststellungen, Maßnahmen und Wirksamkeitsnachverfolgung;Checklist-only audits without process trails or sampling | Auditors review their own work | Findings are closed administratively without effectiveness evidence;Audit pouze podle checklistu bez procesních stop a vzorkování | Auditoři auditují vlastní práci | Zjištění jsou administrativně uzavřena bez důkazu účinnosti;Reine Checklisten-Audits ohne Prozesspfade oder Stichproben | Auditoren prüfen eigene Arbeit | Feststellungen administrativ ohne Wirksamkeitsnachweis geschlossen
50001-9-2-2;ISO 50001;ISO 50001:2018 + Amd 1:2024;9.2.2;9;high;audit;0;0;Internal audit programme;Program interních auditů;Internes Auditprogramm;Plan and maintain an audit programme considering process importance, changes and previous results, define criteria and scope, select impartial competent auditors, report results, act without undue delay and retain programme and result evidence.;Plánujte a udržujte program auditů s ohledem na význam procesů, změny a předchozí výsledky, určete kritéria a rozsah, vyberte nestranné kompetentní auditory, reportujte výsledky, jednejte bez zbytečného odkladu a uchovávejte důkazy o programu a výsledcích.;Ein Auditprogramm unter Berücksichtigung von Prozessbedeutung, Änderungen und früheren Ergebnissen planen und aufrechterhalten, Kriterien und Umfang festlegen, unparteiische kompetente Auditoren wählen, Ergebnisse berichten, ohne unangemessene Verzögerung handeln und Nachweise zu Programm und Ergebnissen aufbewahren.;Audit frequency and depth should be risk based. The programme is effective when it identifies emerging weaknesses early and drives verified correction.;Četnost a hloubka auditů mají vycházet z rizik. Program je účinný, pokud včas odhaluje vznikající slabiny a vede k ověřené nápravě.;Häufigkeit und Tiefe der Audits sollen risikobasiert sein. Das Programm ist wirksam, wenn es entstehende Schwächen früh erkennt und verifizierte Korrektur bewirkt.;Risk-based audit programme, plans, objectives, criteria and scope | Competent and impartial auditors | Reports, findings, actions and effectiveness follow-up;Program auditů založený na rizicích, plány, cíle, kritéria a rozsah | Kompetentní a nestranní auditoři | Zprávy, zjištění, opatření a následné ověření účinnosti;Risikobasiertes Auditprogramm, Pläne, Ziele, Kriterien und Umfang | Kompetente und unparteiische Auditoren | Berichte, Feststellungen, Maßnahmen und Wirksamkeitsnachverfolgung;Checklist-only audits without process trails or sampling | Auditors review their own work | Findings are closed administratively without effectiveness evidence;Audit pouze podle checklistu bez procesních stop a vzorkování | Auditoři auditují vlastní práci | Zjištění jsou administrativně uzavřena bez důkazu účinnosti;Reine Checklisten-Audits ohne Prozesspfade oder Stichproben | Auditoren prüfen eigene Arbeit | Feststellungen administrativ ohne Wirksamkeitsnachweis geschlossen
50001-9-3-1;ISO 50001;ISO 50001:2018 + Amd 1:2024;9.3.1;9;high;review;0;0;Management review — general;Přezkoumání vedením — obecně;Managementbewertung — Allgemeines;Top management reviews the EnMS at planned intervals to ensure continuing suitability, adequacy, effectiveness and alignment with strategic direction.;Vrcholové vedení přezkoumává EnMS v plánovaných intervalech pro zajištění jeho trvalé vhodnosti, přiměřenosti, účinnosti a souladu se strategickým směřováním.;Die oberste Leitung bewertet das EnMS in geplanten Abständen, um fortdauernde Eignung, Angemessenheit, Wirksamkeit und Ausrichtung an der strategischen Richtung sicherzustellen.;Management review is the system’s governance decision point. It should integrate performance, risks, resources and business changes rather than merely present data.;Přezkoumání vedením je rozhodovacím bodem řízení systému. Má integrovat výkonnost, rizika, zdroje a obchodní změny, nikoli pouze prezentovat data.;Die Managementbewertung ist der Governance-Entscheidungspunkt des Systems. Sie integriert Leistung, Risiken, Ressourcen und Geschäftsänderungen statt nur Daten zu präsentieren.;Management-review agenda covering required inputs | Data-based conclusions, decisions, actions, owners and resources | Minutes and follow-up showing closure and strategic integration;Program přezkoumání vedením pokrývající požadované vstupy | Závěry založené na datech, rozhodnutí, opatření, vlastníci a zdroje | Zápis a následné sledování prokazující uzavření a strategickou integraci;Managementreview-Agenda mit erforderlichen Eingaben | Datenbasierte Schlussfolgerungen, Entscheidungen, Maßnahmen, Verantwortliche und Ressourcen | Protokoll und Nachverfolgung mit Abschluss und strategischer Integration;Meeting is a presentation rather than a decision-making review | Required inputs are missing or stale | Outputs have no owner, deadline or resource decision;Jednání je prezentací místo rozhodovacího přezkumu | Požadované vstupy chybí nebo jsou zastaralé | Výstupy nemají vlastníka, termín nebo rozhodnutí o zdrojích;Meeting als Präsentation statt Entscheidungsreview | Erforderliche Eingaben fehlen oder sind veraltet | Ergebnisse ohne Verantwortlichen, Termin oder Ressourcenentscheidung
50001-9-3-2;ISO 50001;ISO 50001:2018 + Amd 1:2024;9.3.2;9;high;review;0;0;Management review inputs;Vstupy přezkoumání vedením;Eingaben der Managementbewertung;"Review previous actions; changes in internal/external issues and requirements; EnMS and energy-performance information including nonconformities, monitoring, audit results and compliance; opportunities; policy; objective/target achievement; action plans and EnPIs; energy-performance improvement; resources and competence.";"Přezkoumejte předchozí opatření; změny vnitřních/vnějších okolností a požadavků; informace o EnMS a energetické hospodárnosti včetně neshod, monitorování, auditů a souladu; příležitosti; politiku; plnění cílů/cílových hodnot; akční plány a EnPI; zlepšení energetické hospodárnosti; zdroje a kompetence.";Frühere Maßnahmen, Änderungen interner/externer Themen und Anforderungen, EnMS- und Energieleistungsinformationen einschließlich Nichtkonformitäten, Überwachung, Auditergebnissen und Compliance, Chancen, Politik, Ziel-/Zielwerterreichung, Aktionspläne und EnPIs, Verbesserung der energiebezogenen Leistung, Ressourcen und Kompetenz bewerten.;The defining input is objective evidence of energy-performance improvement, including normalized results and explanations of significant deviations.;Určujícím vstupem je objektivní důkaz zlepšení energetické hospodárnosti včetně normalizovaných výsledků a vysvětlení významných odchylek.;Die zentrale Eingabe ist objektiver Nachweis zur Verbesserung der energiebezogenen Leistung einschließlich normalisierter Ergebnisse und Erklärungen wesentlicher Abweichungen.;Management-review agenda covering required inputs | Data-based conclusions, decisions, actions, owners and resources | Minutes and follow-up showing closure and strategic integration;Program přezkoumání vedením pokrývající požadované vstupy | Závěry založené na datech, rozhodnutí, opatření, vlastníci a zdroje | Zápis a následné sledování prokazující uzavření a strategickou integraci;Managementreview-Agenda mit erforderlichen Eingaben | Datenbasierte Schlussfolgerungen, Entscheidungen, Maßnahmen, Verantwortliche und Ressourcen | Protokoll und Nachverfolgung mit Abschluss und strategischer Integration;Meeting is a presentation rather than a decision-making review | Required inputs are missing or stale | Outputs have no owner, deadline or resource decision;Jednání je prezentací místo rozhodovacího přezkumu | Požadované vstupy chybí nebo jsou zastaralé | Výstupy nemají vlastníka, termín nebo rozhodnutí o zdrojích;Meeting als Präsentation statt Entscheidungsreview | Erforderliche Eingaben fehlen oder sind veraltet | Ergebnisse ohne Verantwortlichen, Termin oder Ressourcenentscheidung
50001-9-3-3;ISO 50001;ISO 50001:2018 + Amd 1:2024;9.3.3;9;high;review;0;0;Management review outputs;Výstupy přezkoumání vedením;Ergebnisse der Managementbewertung;Document decisions and actions on opportunities for continual improvement and changes to EnMS, policy, EnPIs/EnBs, objectives/targets/action plans, integration with business processes, resource allocation and improvement of energy performance and competence.;Dokumentujte rozhodnutí a opatření o příležitostech k neustálému zlepšování a změnách EnMS, politiky, EnPI/EnB, cílů/cílových hodnot/akčních plánů, integraci do podnikových procesů, přidělení zdrojů a zlepšení energetické hospodárnosti a kompetencí.;Entscheidungen und Maßnahmen zu Chancen fortlaufender Verbesserung und Änderungen an EnMS, Politik, EnPIs/EnBs, Zielen/Zielwerten/Aktionsplänen, Integration in Geschäftsprozesse, Ressourcenzuweisung sowie Verbesserung von energiebezogener Leistung und Kompetenz dokumentieren.;Outputs should resolve performance gaps and authorize energy-related investments, metering, maintenance or competence changes with clear ownership.;Výstupy mají řešit mezery ve výkonnosti a schvalovat energetické investice, měření, údržbu nebo změny kompetencí s jasným vlastnictvím.;Ergebnisse sollen Leistungslücken schließen und energiebezogene Investitionen, Messung, Instandhaltung oder Kompetenzänderungen mit klarer Verantwortung autorisieren.;Management-review agenda covering required inputs | Data-based conclusions, decisions, actions, owners and resources | Minutes and follow-up showing closure and strategic integration;Program přezkoumání vedením pokrývající požadované vstupy | Závěry založené na datech, rozhodnutí, opatření, vlastníci a zdroje | Zápis a následné sledování prokazující uzavření a strategickou integraci;Managementreview-Agenda mit erforderlichen Eingaben | Datenbasierte Schlussfolgerungen, Entscheidungen, Maßnahmen, Verantwortliche und Ressourcen | Protokoll und Nachverfolgung mit Abschluss und strategischer Integration;Meeting is a presentation rather than a decision-making review | Required inputs are missing or stale | Outputs have no owner, deadline or resource decision;Jednání je prezentací místo rozhodovacího přezkumu | Požadované vstupy chybí nebo jsou zastaralé | Výstupy nemají vlastníka, termín nebo rozhodnutí o zdrojích;Meeting als Präsentation statt Entscheidungsreview | Erforderliche Eingaben fehlen oder sind veraltet | Ergebnisse ohne Verantwortlichen, Termin oder Ressourcenentscheidung
50001-10-1;ISO 50001;ISO 50001:2018 + Amd 1:2024;10.1;10;high;capa;0;0;Nonconformity and corrective action;Neshoda a nápravné opatření;Nichtkonformität und Korrekturmaßnahmen;"React to EnMS nonconformity, control and correct it, deal with consequences, evaluate causes and similar conditions, implement needed action, review effectiveness and update the EnMS; retain evidence.";"Reagujte na neshodu EnMS, řiďte ji a opravte, řešte důsledky, vyhodnoťte příčiny a obdobné podmínky, zaveďte potřebná opatření, ověřte účinnost a aktualizujte EnMS; uchovávejte důkazy.";"Auf EnMS-Nichtkonformität reagieren, sie beherrschen und korrigieren, Folgen behandeln, Ursachen und ähnliche Bedingungen bewerten, notwendige Maßnahmen umsetzen, Wirksamkeit prüfen und EnMS anpassen; Nachweise aufbewahren.";"Correction restores the immediate condition; corrective action removes or controls the cause to prevent recurrence. Effectiveness must be demonstrated after sufficient time and exposure.";"Oprava obnovuje okamžitý stav; nápravné opatření odstraňuje nebo řídí příčinu, aby se zabránilo opakování. Účinnost musí být prokázána po dostatečné době a expozici.";"Korrektur stellt den unmittelbaren Zustand wieder her; Korrekturmaßnahme beseitigt oder beherrscht die Ursache zur Vermeidung des Wiederauftretens. Wirksamkeit muss nach ausreichender Zeit und Exposition belegt werden.";Nonconformity/incident record with containment and correction | Root-cause analysis proportionate to risk | Corrective action, effectiveness verification and systemic update;Záznam neshody/incidentu s omezením dopadu a opravou | Analýza kořenové příčiny přiměřená riziku | Nápravné opatření, ověření účinnosti a systémová aktualizace;Nichtkonformitäts-/Ereignisnachweis mit Eindämmung und Korrektur | Risikogerechte Ursachenanalyse | Korrekturmaßnahme, Wirksamkeitsprüfung und systemische Anpassung;Correction is mistaken for corrective action | Root cause is superficial or blame based | Effectiveness is checked too early or not at all;Oprava je zaměněna za nápravné opatření | Kořenová příčina je povrchní nebo založená na obviňování | Účinnost je ověřena příliš brzy nebo vůbec;Korrektur wird mit Korrekturmaßnahme verwechselt | Oberflächliche oder schuldorientierte Ursachenanalyse | Wirksamkeit zu früh oder gar nicht geprüft
50001-10-2;ISO 50001;ISO 50001:2018 + Amd 1:2024;10.2;10;medium;improvement;0;0;Continual improvement;Neustálé zlepšování;Fortlaufende Verbesserung;Continually improve suitability, adequacy and effectiveness of the EnMS and demonstrate continual improvement of energy performance.;Neustále zlepšujte vhodnost, přiměřenost a účinnost EnMS a prokazujte neustálé zlepšování energetické hospodárnosti.;Eignung, Angemessenheit und Wirksamkeit des EnMS fortlaufend verbessern und fortlaufende Verbesserung der energiebezogenen Leistung nachweisen.;Continual improvement is a sustained pattern demonstrated by trend, learning and system adaptation, not a requirement that every indicator improves every period.;"Neustálé zlepšování je dlouhodobý vzorec prokázaný trendem, učením a přizpůsobováním systému; neznamená, že se každý ukazatel musí zlepšit v každém období.";"Fortlaufende Verbesserung ist ein nachhaltiges Muster aus Trend, Lernen und Systemanpassung; nicht jede Kennzahl muss sich in jeder Periode verbessern.";Improvement pipeline linked to data, audits, risks and lessons learned | Prioritized projects with benefits and owners | Evidence of sustained performance improvement;Zásobník zlepšení propojený s daty, audity, riziky a lessons learned | Prioritizované projekty s přínosy a vlastníky | Důkaz trvalého zlepšování výkonnosti;Verbesserungsportfolio aus Daten, Audits, Risiken und Lessons Learned | Priorisierte Projekte mit Nutzen und Verantwortlichen | Nachweis nachhaltiger Leistungsverbesserung;Only reactive corrective actions are called improvement | Projects are not linked to measurable benefits | Lessons learned are not deployed elsewhere;Za zlepšování jsou považována pouze reaktivní nápravná opatření | Projekty nejsou propojeny s měřitelnými přínosy | Lessons learned nejsou přeneseny jinam;Nur reaktive Korrekturmaßnahmen gelten als Verbesserung | Projekte ohne messbaren Nutzen | Lessons Learned werden nicht übertragen
